period,grid_x,grid_y,x,y,source_records,source_count,resistance,inside_fixed_core,within_10km_priority_path
early_2010_2012,-5,-297,-49964.3314121148,-2961814.7722828686,1,1,2.364034193992615,1,0
early_2010_2012,-21,-296,-203552.28585371928,-2957330.5097313,8,1,1.7277602939605714,1,0
early_2010_2012,-28,-296,-277090.64130581403,-2957210.8374723047,2,2,1.8359863543510435,1,0
early_2010_2012,-21,-295,-209824.6949948257,-2949987.668209642,1,1,1.761477048397064,1,0
early_2010_2012,-34,-295,-331125.7196018289,-2944338.1672071815,1,1,1.9107872095108032,1,0
early_2010_2012,-26,-294,-254163.52591541898,-2936122.5541174114,1,1,1.7289425783157348,1,0
early_2010_2012,-31,-294,-308099.20664764923,-2935462.1681041517,6,2,1.8116750502586363,1,0
early_2010_2012,-32,-294,-317332.178929252,-2935950.448454112,1,1,1.7679883756637575,1,0
early_2010_2012,-26,-293,-252039.3706126471,-2928239.391583121,5,1,1.8866294107437134,1,0
early_2010_2012,-27,-291,-262958.6942712431,-2902783.2286892235,2,2,2.51698738861084,1,0
early_2010_2012,-31,-291,-308661.325524224,-2902151.477576554,1,1,3.004924898147583,1,0
early_2010_2012,-27,-289,-269016.06262621394,-2888654.338359922,1,1,1.7498183236122131,1,0
early_2010_2012,-28,-289,-272375.84179650975,-2888636.272999555,1,1,1.7894593925476074,1,0
early_2010_2012,-33,-288,-325950.38476411294,-2879033.618637681,1,1,1.7309319891929629,1,0
early_2010_2012,-34,-288,-334447.766433123,-2875110.196315527,1,1,1.7110226736068725,1,0
early_2010_2012,-28,-287,-276986.42250112625,-2860927.8698411584,1,1,1.8062426166534424,1,0
early_2010_2012,-3,-285,-25747.75977993252,-2845036.8958887756,1,1,3.5829507160186767,1,0
early_2010_2012,-41,-285,-409170.5539899877,-2842129.4839637578,1,1,1.9703600087165833,1,0
early_2010_2012,-4,-285,-34483.26078387764,-2840812.325062692,1,1,3.447683687210083,1,0
early_2010_2012,-40,-283,-397738.46493041277,-2821989.867958794,3,1,1.3933187189102172,1,0
early_2010_2012,-46,-283,-459002.471522172,-2820937.3317842484,1,1,1.6645008544921875,1,0
early_2010_2012,-44,-282,-434977.484685592,-2817250.611656815,2,2,1.8408864917755126,1,0
early_2010_2012,-41,-282,-406482.7654239192,-2814509.350966841,2,1,1.7595978860855102,1,0
early_2010_2012,-42,-282,-411659.7331648901,-2811502.156892538,4,2,2.11830565738678,1,0
early_2010_2012,-49,-282,-482584.8885343188,-2810177.456351593,2,1,1.5850226736068727,1,0
early_2010_2012,-41,-281,-404683.596785424,-2806121.572645098,6,3,1.78773234128952,1,0
early_2010_2012,-42,-281,-412314.6641132341,-2804714.984547178,3,1,1.7612963800430297,1,0
early_2010_2012,-40,-281,-399360.1555875723,-2804694.064897865,4,1,1.9360657777786254,1,0
early_2010_2012,-42,-280,-412323.4756456301,-2799071.680405304,2,1,1.7627372031211852,1,0
early_2010_2012,-40,-278,-391057.93269046274,-2778537.725066155,1,1,1.767317045211792,1,0
early_2010_2012,36,-263,361206.8404893624,-2628481.6646333486,2,2,3.7597802429199225,0,0
early_2010_2012,40,-260,407810.61731960694,-2597190.827276975,1,1,3.615037406921387,1,0
early_2010_2012,-38,-254,-371790.6884008367,-2538188.09959659,1,1,1.7848245487213135,1,0
early_2010_2012,-40,-253,-393952.917568104,-2525871.289735228,1,1,1.4796736035346985,0,0
early_2010_2012,-13,-252,-125892.38673114107,-2513268.736547135,4,2,1.8010226736068726,1,0
early_2010_2012,-13,-251,-121356.6546687523,-2501055.277085761,3,1,1.9041338381767272,1,0
early_2010_2012,-1,-235,-2177.4439202882763,-2349043.2568750083,1,1,1.832586224079132,1,0
early_2010_2012,-17,-225,-163296.3567453088,-2248194.775841452,4,3,2.3113472261428836,0,0
early_2010_2012,-19,-225,-186703.92711921097,-2240497.80183964,3,1,1.435870223045349,0,0
early_2010_2012,-18,-223,-177226.65277744242,-2228627.4851903915,1,1,1.2155025835037232,0,0
early_2010_2012,-16,-216,-156960.31495857445,-2158696.1768147945,1,1,2.0649204149246216,0,0
early_2010_2012,-8,-216,-77517.550936296,-2156796.415837556,1,1,2.2634140720367433,0,0
early_2010_2012,-27,-296,-260553.84423551874,-2958964.287703991,1,1,1.7726473693847655,1,0
early_2010_2012,-30,-294,-294866.89893619675,-2935340.5287816226,1,1,1.9803254690170287,1,0
early_2010_2012,-15,-293,-142356.20754771776,-2928629.2015659213,1,1,1.9848611035346986,1,0
early_2010_2012,-41,-292,-405322.31719331065,-2910350.2433721423,1,1,1.8280226736068728,1,0
early_2010_2012,-37,-291,-367330.13451273233,-2909610.884879599,3,1,1.7830226736068726,1,0
early_2010_2012,-25,-291,-245623.11117728078,-2902994.239447216,3,1,1.6376296105384827,1,0
early_2010_2012,-26,-291,-253368.96664082678,-2902901.7006460726,2,1,1.770684174537659,1,0
early_2010_2012,-21,-289,-208706.29423092483,-2881644.211648464,1,1,1.8191122198104857,1,0
early_2010_2012,-23,-289,-224159.58516907349,-2881637.3459324837,1,1,1.794529125213623,1,0
early_2010_2012,-22,-289,-215108.82211176338,-2880089.3524900973,1,1,1.837294725894928,1,0
early_2010_2012,-22,-288,-214788.07961057735,-2873910.7359174266,12,1,1.8164145069122315,1,0
early_2010_2012,-23,-288,-223785.85501955077,-2873617.6502820924,8,1,1.7872737431526182,1,0
early_2010_2012,-21,-288,-208992.2041817683,-2872658.282178402,2,1,1.8220440430641174,1,0
early_2010_2012,-24,-287,-231891.52874844105,-2866194.686975608,3,1,1.8040126876831055,1,0
early_2010_2012,-23,-287,-224036.65535022077,-2863364.5146486172,40,1,1.8591909523010255,1,0
early_2010_2012,-22,-287,-217788.05774645717,-2862328.9115048656,54,1,1.7753339824676513,1,0
early_2010_2012,-21,-287,-205222.953362724,-2864277.096264372,9,1,1.7831559000015258,1,0
early_2010_2012,-22,-286,-217029.88675126786,-2857788.3134168377,30,1,1.7160760216712951,1,0
early_2010_2012,-23,-286,-224233.34901323688,-2856175.0054760547,20,1,1.770128592967987,1,0
early_2010_2012,-24,-286,-231403.99867551582,-2857946.790379524,2,1,1.6760472874641419,1,0
early_2010_2012,-21,-286,-205074.02992133284,-2853301.080292175,6,1,1.6567938017845154,1,0
early_2010_2012,-39,-286,-387832.4818520276,-2851325.5962779224,1,1,1.7290226736068728,1,0
early_2010_2012,-22,-285,-215057.24882113555,-2845627.7494528056,10,1,1.6532846975326538,1,0
early_2010_2012,-23,-285,-226636.36480701383,-2847354.313962394,5,1,1.6434637031555175,1,0
early_2010_2012,-24,-285,-234594.80911363717,-2848838.7775171995,1,1,1.6995272159576416,1,0
early_2010_2012,-21,-285,-203692.332077789,-2841937.7487685303,15,1,2.083633683204651,1,0
early_2010_2012,-21,-284,-202761.48991592025,-2834396.4574792306,11,1,2.6471393060684205,1,0
early_2010_2012,-22,-284,-213786.9519299435,-2837922.627167046,3,1,1.6996516108512878,1,0
early_2010_2012,-23,-284,-227811.86453404734,-2832053.7073025107,3,1,1.678303141117096,1,0
early_2010_2012,-20,-284,-199772.2496795161,-2833140.5856637657,1,1,3.2826248359680177,1,0
early_2010_2012,-27,-284,-260261.54716572433,-2831984.718526423,2,1,1.6846129484176637,1,0
early_2010_2012,-26,-284,-259307.38877385863,-2830515.1845114627,3,1,1.6034482011795044,1,0
early_2010_2012,-21,-283,-208900.66737713132,-2829995.0296842456,1,1,1.681135437965393,1,0
early_2010_2012,-24,-283,-230059.93639312888,-2820414.3879282176,1,1,2.016869947433472,1,0
early_2010_2012,-39,-282,-380054.68326291355,-2817560.416349232,1,1,1.8856172575950623,1,0
early_2010_2012,-24,-282,-235049.48275222274,-2816510.796579999,5,1,2.483892827033997,1,0
early_2010_2012,-48,-282,-473672.82727320655,-2813378.7318658754,4,1,1.634264497756958,1,0
early_2010_2012,-23,-281,-226384.73279718455,-2805536.956112212,5,1,1.7069189634323119,1,0
early_2010_2012,-42,-276,-417084.02998739795,-2752151.065264508,2,1,2.274262083053589,1,0
early_2010_2012,-9,-272,-84073.30116291443,-2718898.2013186514,1,1,1.7650226736068724,1,0
early_2010_2012,-40,-272,-396890.1984517944,-2710626.308552414,1,1,1.7371850595474243,1,0
early_2010_2012,41,-259,415243.54282817105,-2583789.470648557,3,1,2.725656785964966,1,0
early_2010_2012,42,-259,421798.7608987419,-2581058.627467811,1,1,3.0256525230407716,1,0
early_2010_2012,-38,-255,-374536.3636358685,-2547037.8105125427,1,1,2.3140062084198,1,0
early_2010_2012,-3,-233,-23891.359448335024,-2327843.037534654,1,1,3.304022678375244,1,0
early_2010_2012,-22,-229,-214053.62920212024,-2285333.6090889275,1,1,1.3367093601226807,0,0
early_2010_2012,-18,-228,-174303.4607008772,-2276963.2251520753,3,2,1.4152425656318666,0,0
early_2010_2012,-17,-226,-169885.34044262103,-2255431.424168835,3,1,2.3242564897537235,0,0
early_2010_2012,-13,-225,-128006.06975132633,-2244778.677179903,1,1,2.4647641649246217,1,0
early_2010_2012,-44,-305,-437355.6867408094,-3044494.93711695,30,4,2.2966410865783695,1,0
early_2010_2012,-28,-286,-274462.4109095017,-2853568.5646939576,1,1,1.74993998336792,1,0
early_2010_2012,-40,-285,-398389.76600061066,-2840772.4344441295,1,1,1.7850033426284788,1,0
early_2010_2012,-45,-282,-448129.38853997644,-2810727.3735632896,2,1,1.7906114840507505,1,0
early_2010_2012,-45,-281,-446740.30118944997,-2801985.281621933,1,1,1.802492593765259,1,0
early_2010_2012,-28,-272,-272362.1649643706,-2710506.340958804,1,1,1.615203131198883,1,0
early_2010_2012,42,-258,425446.94126269,-2578398.2440954233,7,2,2.9593587598800664,0,0
early_2010_2012,-32,-252,-315007.4174485152,-2519051.791254729,2,1,1.6625598130226134,1,0
early_2010_2012,-11,-247,-102063.34345532363,-2468501.5020220876,2,1,68.1706447839737,1,0
early_2010_2012,-17,-229,-166584.64227561973,-2286007.511482179,1,1,1.2167558307647706,0,0
early_2010_2012,-21,-227,-200748.83999983637,-2267892.174412191,1,1,1.3870226736068727,0,0
early_2010_2012,-18,-224,-178162.59172235144,-2238683.616615638,2,1,1.4386898736953735,0,0
early_2010_2012,-17,-214,-162953.3167948569,-2137011.785878241,1,1,2.1622817211151126,0,0
late_2013_2016,-39,-302,-386814.43022143666,-3019981.513268262,1,1,1.9558224391937258,1,0
late_2013_2016,-37,-299,-363971.89122781454,-2989137.5145193636,1,1,2.0544980211257933,0,0
late_2013_2016,-34,-296,-338340.9397086191,-2954854.3182826936,1,1,1.8217953691482545,1,0
late_2013_2016,-34,-295,-330525.82440567785,-2944429.089825213,3,1,2.1087872095108033,1,0
late_2013_2016,-33,-294,-324953.2825681692,-2936980.6330492496,1,1,2.008022673606873,1,0
late_2013_2016,-31,-294,-304772.1470903561,-2935359.4024282694,1,1,2.0985836892127994,1,0
late_2013_2016,-30,-294,-293334.3109414362,-2935336.4808112085,2,1,2.842808445930481,1,0
late_2013_2016,-32,-294,-318918.28667677625,-2935364.670819193,1,1,1.858318287372589,1,0
late_2013_2016,-31,-293,-303401.3700951379,-2921140.0815912783,1,1,2.2622452721595767,1,0
late_2013_2016,-31,-292,-300801.6052479416,-2919411.068806842,2,1,2.6285126056671144,1,0
late_2013_2016,-26,-292,-255156.73330702484,-2918909.8544801176,1,1,1.7974655447006225,1,0
late_2013_2016,-30,-292,-291141.6266374595,-2918022.0521734655,1,1,2.0149645881652836,1,0
late_2013_2016,-40,-291,-396457.4919939245,-2909819.617731303,1,1,2.1520226736068726,1,0
late_2013_2016,-30,-291,-296655.87559400726,-2905278.778020223,3,1,2.0287715277671814,1,0
late_2013_2016,-31,-291,-308808.3003932504,-2903354.875614062,2,1,3.089793550491333,1,0
late_2013_2016,-35,-291,-344794.81389785476,-2903110.7810427547,1,1,2.3500226736068726,1,0
late_2013_2016,-47,-291,-468977.6058540277,-2903612.8350367397,2,2,3.5110226783752445,1,0
late_2013_2016,-31,-290,-303547.14690200787,-2895923.2506420314,4,1,1.8550226736068725,1,0
late_2013_2016,-32,-290,-317516.2621849076,-2895779.9386162013,2,1,2.045962540149689,1,0
late_2013_2016,-33,-289,-326436.1280763419,-2889461.4975708723,1,1,2.0350226736068726,1,0
late_2013_2016,-28,-289,-270728.092053893,-2887391.427446395,1,1,1.9163956027030946,1,0
late_2013_2016,-32,-289,-315811.8899847963,-2886381.3289300203,1,1,2.206022673606873,1,0
late_2013_2016,-31,-289,-309645.01894831046,-2885914.508570075,1,1,2.2807577142715454,1,0
late_2013_2016,-20,-288,-198853.40531260218,-2878807.6213884056,1,1,1.695621512413025,1,0
late_2013_2016,-33,-288,-324575.4037665228,-2878490.7496227026,1,1,2.234671768665314,1,0
late_2013_2016,-30,-288,-290655.2148221102,-2878094.3636775315,1,1,1.8434662504196166,1,0
late_2013_2016,-34,-288,-330991.154700938,-2875752.590938881,2,1,2.450460168838501,1,0
late_2013_2016,-49,-288,-486361.47653116845,-2873075.868914552,4,1,1.8730226736068727,1,0
late_2013_2016,-48,-288,-475984.3816986915,-2871422.154886365,2,1,1.9540226736068727,1,0
late_2013_2016,-35,-288,-342476.7620381712,-2870829.9555351436,1,1,2.1828340959548953,1,0
late_2013_2016,-20,-287,-198836.57331254092,-2869422.8390975893,1,1,1.8527386369705199,1,0
late_2013_2016,-49,-287,-487750.275718259,-2867511.812280372,2,1,1.9270226736068725,1,0
late_2013_2016,-48,-287,-473878.8853368297,-2864562.4471060038,2,1,2.0800226736068725,1,0
late_2013_2016,-18,-287,-171803.63008736583,-2865269.147344187,2,1,1.677073441028595,1,0
late_2013_2016,-36,-287,-359501.8355931238,-2863516.374642521,1,1,2.2782154417037965,1,0
late_2013_2016,-37,-287,-362377.2131825797,-2862276.6568395495,1,1,2.1558850016593936,1,0
late_2013_2016,-37,-286,-368103.45286641055,-2859809.010861814,1,1,2.166773339748383,1,0
late_2013_2016,-17,-286,-167936.8760934809,-2857333.765809715,1,1,1.5630741176605223,1,0
late_2013_2016,-42,-286,-418990.3396494431,-2857550.0874155164,1,1,2.0440226736068725,1,0
late_2013_2016,-38,-286,-376762.09989920846,-2856052.9417766132,3,1,2.181425346851349,1,0
late_2013_2016,-43,-286,-421592.29114005744,-2854128.3385688663,1,1,2.0350226736068726,1,0
late_2013_2016,-20,-286,-198849.26949365548,-2850333.1667221785,1,1,1.6969626698493958,1,0
late_2013_2016,-47,-285,-461377.93834003276,-2849581.6775274873,1,1,1.9900226736068727,1,0
late_2013_2016,-20,-285,-198848.50600110888,-2848777.0255173743,1,1,1.7041871666908264,1,0
late_2013_2016,-49,-285,-484816.3292455744,-2845408.7090598345,1,1,1.9450226736068728,1,0
late_2013_2016,-43,-285,-428454.7050380935,-2842310.948852092,1,1,2.197022673606873,1,0
late_2013_2016,-52,-284,-512370.42688606866,-2832380.518360436,1,1,2.6825414476394656,1,0
late_2013_2016,-26,-283,-256872.22421072505,-2826784.3745671213,1,1,1.8876966848373413,1,0
late_2013_2016,-48,-283,-478020.052607341,-2825833.150224129,3,1,1.8820226736068726,1,0
late_2013_2016,-46,-283,-452391.26248622336,-2823082.344074309,2,1,2.02525515460968,1,0
late_2013_2016,-45,-282,-447470.81298037607,-2819675.711987078,1,1,2.2005217709541327,1,0
late_2013_2016,-52,-282,-511354.222093506,-2816381.9729815274,2,1,2.5605386075973513,1,0
late_2013_2016,-42,-282,-413302.4150011144,-2813695.8556252816,3,2,2.082777487754822,1,0
late_2013_2016,-50,-282,-493259.11311113095,-2816979.9402293265,1,1,1.9630226736068725,1,0
late_2013_2016,-47,-282,-469704.97467945865,-2815440.143366158,1,1,2.012156855106354,1,0
late_2013_2016,-48,-282,-474518.45418380917,-2813314.1623291173,3,1,2.053022673606873,1,0
late_2013_2016,-15,-282,-147158.11144593183,-2813532.9916862845,1,1,3.3414682235717774,1,0
late_2013_2016,-49,-282,-481936.5889337889,-2810024.6324171126,1,1,1.9830374364852905,1,0
late_2013_2016,-49,-281,-483119.05921551713,-2809504.338678837,1,1,1.8550226736068725,1,0
late_2013_2016,-50,-281,-496627.23157296504,-2803490.7490174323,2,1,1.9630226736068725,1,0
late_2013_2016,-51,-281,-504211.8396533598,-2800100.3155124187,1,1,1.9938909587860107,1,0
late_2013_2016,-51,-280,-508415.6745062357,-2798233.863504877,3,1,2.1448570036888124,1,0
late_2013_2016,-52,-280,-511479.71142070217,-2796866.348300278,1,1,3.4001740026474003,1,0
late_2013_2016,-41,-280,-409595.78762435896,-2792107.886160165,2,1,1.9472142238616943,1,0
late_2013_2016,-42,-279,-411287.16348878195,-2787573.321001172,1,1,1.939449112892151,1,0
late_2013_2016,-39,-278,-389667.60426533734,-2776448.139582753,1,1,1.7913347268104551,1,0
late_2013_2016,-52,-278,-512510.0271599326,-2775456.7662521303,1,1,3.5609715423583985,1,0
late_2013_2016,-42,-278,-417872.24289123685,-2771013.335467905,1,1,1.989689076423645,1,0
late_2013_2016,-42,-277,-417421.1555897514,-2766670.9179335386,2,1,2.048323513031006,1,0
late_2013_2016,-17,-277,-167735.22390087246,-2763694.1337799877,2,1,2.289128034591675,1,0
late_2013_2016,-43,-276,-423780.16578851646,-2755962.9803978205,1,1,2.158528606891632,1,0
late_2013_2016,-52,-274,-512569.9989456477,-2733956.910987457,3,1,3.6471755313873295,1,0
late_2013_2016,-43,-274,-421222.0617233757,-2730762.9831883907,1,1,1.6193414154052734,1,0
late_2013_2016,-52,-273,-512586.8549678023,-2726679.158551067,3,1,3.6888053092956543,1,0
late_2013_2016,-52,-272,-512595.643650194,-2711873.5007149577,2,1,3.311033826828003,1,0
late_2013_2016,-24,-272,-237486.33266773736,-2710563.726135681,3,2,1.4973185949325563,1,0
late_2013_2016,-23,-272,-226150.76652415868,-2710513.768653214,1,1,1.5045427341461182,1,0
late_2013_2016,-31,-272,-307425.81878744485,-2710556.2783576846,1,1,1.4883281316757202,1,0
late_2013_2016,-30,-272,-299879.22991918126,-2710545.6592505574,1,1,1.4649059567451477,1,0
late_2013_2016,-33,-272,-322100.7876752781,-2710561.091096103,1,1,1.5707546463012696,1,0
late_2013_2016,-46,-272,-459560.0277556587,-2710763.145891607,1,1,1.7715445013046265,1,0
late_2013_2016,-47,-272,-468275.20228868164,-2710775.512214303,1,1,1.9929301981925964,1,0
late_2013_2016,-48,-272,-476279.99700003787,-2710788.9981403053,1,1,2.455459990501404,1,0
late_2013_2016,-41,-272,-406059.5066375744,-2710623.9433918446,2,1,1.5910795850753783,1,0
late_2013_2016,-44,-272,-433672.82631195994,-2710535.787692269,3,1,1.5411622052192688,1,0
late_2013_2016,-34,-271,-337017.1520639859,-2708742.6528103948,1,1,1.753126070022583,1,0
late_2013_2016,-39,-266,-383790.98180142255,-2657721.5597598404,2,1,1.676750741481781,1,0
late_2013_2016,-35,-265,-347192.02331900975,-2647641.655087024,1,1,1.7129947032928465,1,0
late_2013_2016,42,-259,425722.313921392,-2585242.292456761,2,2,3.5762981300354006,1,0
late_2013_2016,-14,-252,-133129.84981468422,-2518509.4335909486,1,1,1.7290226736068728,1,0
late_2013_2016,-17,-251,-163809.72351582782,-2504686.0532354456,7,1,1.8550226736068725,1,0
late_2013_2016,-19,-250,-181183.76577184428,-2496471.359890014,1,1,1.7110226736068725,1,0
late_2013_2016,-13,-250,-123536.69182289558,-2493636.972960949,2,2,1.8431479525566101,1,0
late_2013_2016,-14,-249,-132334.19304392047,-2483515.6816957593,2,1,1.6647632641792296,1,0
late_2013_2016,-3,-233,-24061.00328967558,-2327752.7233788795,7,2,3.2050226783752445,1,0
late_2013_2016,-17,-226,-165063.27934795938,-2254613.7411925346,2,2,2.852596470832825,0,0
late_2013_2016,-18,-224,-177885.04048652467,-2238550.2620354826,9,3,1.4746898736953735,0,0
late_2013_2016,-6,-219,-51369.408107392715,-2188384.699977517,1,1,1.4685778312683107,0,0
late_2013_2016,-16,-216,-151090.73324725707,-2153638.9879742265,1,1,2.033886862754822,0,0
late_2013_2016,-17,-214,-164410.4313265985,-2136669.199168662,3,1,1.9444506435394286,0,0
late_2013_2016,-4,-233,-31765.758569666858,-2323133.5733368695,1,1,2.3463895921707154,1,0
late_2013_2016,-41,-283,-403494.3010913185,-2825476.572955052,3,1,2.210053623199463,1,0
late_2013_2016,-17,-282,-169514.12768927254,-2815707.8672224283,1,1,2.469716766357422,1,0
late_2013_2016,-28,-270,-274827.8836276662,-2693073.639546275,1,1,2.2488517951965337,1,0
late_2013_2016,-38,-266,-374876.6515076763,-2654660.95842278,3,1,1.591731123447418,1,0
late_2013_2016,-32,-265,-312077.46288680757,-2642612.149398595,1,1,2.2608503160476685,1,1
late_2013_2016,-31,-261,-305587.5039066205,-2608992.875193,1,1,1.5474920959472656,1,0
late_2013_2016,-30,-261,-294766.7045012339,-2608703.675849423,2,1,1.4791176080703734,1,1
late_2013_2016,-33,-255,-329067.7579483142,-2547979.039834976,1,1,1.6461944932937624,1,0
late_2013_2016,-35,-254,-340724.61477218353,-2534890.8456624746,1,1,2.2105540590286257,1,0
late_2013_2016,-32,-252,-315007.4174485152,-2519051.791254729,1,1,1.6985598130226134,1,0
late_2013_2016,-13,-251,-121190.37672978132,-2509012.211353123,3,2,1.7560226736068725,1,0
late_2013_2016,-36,-251,-359055.1987475077,-2508619.087610066,2,1,1.658055989742279,0,0
late_2013_2016,-33,-251,-323905.6744134449,-2507833.446463108,1,1,1.636187002658844,1,0
late_2013_2016,-18,-251,-174206.977860673,-2506533.3480868936,1,1,1.7380226736068725,1,0
late_2013_2016,-15,-245,-145222.98529528512,-2447082.3742423058,2,2,1.4052587180137632,1,0
late_2013_2016,-22,-223,-216356.2284811521,-2224259.9227942675,2,2,1.5378780026435852,0,0
late_2013_2016,-39,-293,-387658.85191510746,-2920125.485217154,1,1,1.9990226736068726,1,0
late_2013_2016,-36,-286,-353455.0661609519,-2852772.724232942,1,1,2.3645524415969854,1,0
late_2013_2016,-38,-285,-373932.4052393624,-2847517.360506259,4,1,2.27593109703064,1,0
late_2013_2016,-40,-285,-394458.0108273944,-2844929.291659564,1,1,2.2540952997207646,1,0
late_2013_2016,-36,-285,-353483.6588970854,-2840975.1491258144,1,1,1.8732366642951965,1,0
late_2013_2016,-35,-284,-343229.2295408449,-2838822.357019335,1,1,2.307412055015564,1,0
late_2013_2016,-36,-284,-353435.9532239926,-2838577.394906193,1,1,1.741779504776001,1,0
late_2013_2016,-41,-284,-404707.7524434425,-2832383.7625996172,1,1,1.9596742138862608,1,0
late_2013_2016,-38,-283,-373978.9375645094,-2826850.9617700875,3,1,2.3942328624725344,1,0
late_2013_2016,-40,-282,-394492.7407526763,-2815230.914777982,5,1,2.037710551738739,1,0
late_2013_2016,-40,-281,-398073.9880595809,-2806393.4484508187,10,1,2.223658201217652,1,0
late_2013_2016,-39,-279,-384277.5192805234,-2783940.8888475,2,1,2.140099552631378,1,0
late_2013_2016,-35,-275,-347493.39591447444,-2742916.174849391,1,1,2.185253790855408,1,0
late_2013_2016,31,-266,313766.3007221519,-2655947.6499652863,1,1,2.975328226089478,0,0
late_2013_2016,41,-259,415198.85351748357,-2583763.560271874,4,3,2.491656785964966,1,0
late_2013_2016,-39,-250,-383276.29657044285,-2493262.1214431226,1,1,1.8284102363586425,0,0
late_2013_2016,-28,-248,-273960.42579587904,-2476716.5456635654,2,1,1.4920671973228454,1,0
late_2013_2016,-3,-234,-22926.838809195542,-2332549.487596303,1,1,2.9046939001083376,1,0
late_2013_2016,-15,-229,-146935.28535062118,-2289372.9258133173,1,1,1.7762711405754088,0,0
late_2013_2016,-17,-229,-166584.37803452183,-2285944.037753433,2,1,1.4057558307647706,0,0
late_2013_2016,-15,-228,-140864.7163359801,-2277135.2738767266,2,1,1.3689384760856629,0,0
late_2013_2016,-26,-228,-250318.32180546422,-2272390.5512206554,1,1,1.481322509765625,0,0
late_2013_2016,-19,-224,-182018.72571414395,-2233638.0515860915,1,1,2.057406994819641,0,0
late_2013_2016,-24,-222,-234193.32758922759,-2217400.1499816477,2,1,1.5394168920516969,0,0
late_2013_2016,-25,-222,-247874.91744051626,-2212202.29463163,1,1,1.357854525089264,0,0
late_2013_2016,-40,-253,-396242.6470416177,-2527116.2185953856,1,1,1.6576348299980166,0,0
late_2013_2016,-23,-223,-220156.59670694257,-2225681.272164464,1,1,1.4003889722824097,0,0
early_2010_2012,-5,-239,-49049.78239538617,-2387869.96227929,1,1,3.1476793441772464,0,0
early_2010_2012,-6,-240,-50956.9745619053,-2397329.7833769917,1,1,2.481723929405213,0,0
early_2010_2012,1,-240,12216.478402735109,-2393598.2150684893,1,1,2.0260226736068727,0,0
late_2013_2016,-17,-244,-160215.21323474208,-2438541.7958930135,1,1,2.313546020507813,1,0
late_2013_2016,-14,-245,-135030.69819599792,-2441795.6055426598,2,1,2.0983510637283325,1,0
late_2013_2016,-19,-254,-184812.70862670342,-2535905.000632614,2,1,1.7830226736068726,1,0
late_2013_2016,-21,-261,-204886.66034355244,-2600762.206608236,1,1,1.8230149340629578,0,0
late_2013_2016,-21,-246,-205909.42875608624,-2452697.6646709144,1,1,56.32806856632233,1,0
late_2013_2016,-15,-246,-140386.44033562418,-2452520.4912414253,1,1,2.4064323825836182,1,0
late_2013_2016,-20,-249,-193106.45292755245,-2486581.173612088,1,1,1.6390226736068725,1,0
late_2013_2016,-25,-246,-242894.17679117495,-2454248.179695884,3,1,1.8645018496513368,1,0
late_2013_2016,-26,-255,-253766.122276636,-2546122.145009741,2,1,2.547746759414673,1,0
late_2013_2016,-22,-260,-212612.21848303633,-2597099.8701350093,1,1,2.341263610839844,0,0
late_2013_2016,-20,-247,-196963.09228041553,-2462958.963890016,1,1,1.6570226736068727,1,0
late_2013_2016,-25,-250,-243887.6451581966,-2490621.6562788785,1,1,1.7098125901222228,1,0
late_2013_2016,-26,-249,-253110.8425044394,-2485364.7411780655,1,1,1.6143710503578186,1,0
late_2013_2016,-10,-263,-91764.99011383852,-2628714.6977424324,1,1,1.9810226736068726,1,0
late_2013_2016,-9,-269,-86083.18517611189,-2684621.6672226936,2,1,2.134022673606873,1,0
late_2013_2016,-8,-270,-75435.52118459818,-2696282.34723565,1,1,1.9360226736068724,1,1
late_2013_2016,-9,-271,-84338.56719331277,-2708691.8273279667,1,1,2.1610226736068725,1,0
late_2013_2016,-10,-271,-94009.41399086612,-2708106.363999784,1,1,2.1880226736068726,1,0
late_2013_2016,-10,-269,-90536.37568588178,-2680975.7628859878,1,1,2.8787215595245366,1,0
late_2013_2016,-17,-253,-165039.24105290885,-2521405.1976332515,2,1,1.7110226736068725,1,0
late_2013_2016,-18,-252,-179401.19594947455,-2517732.465979278,1,1,1.5670226736068724,1,0
late_2013_2016,-19,-252,-181143.59569880378,-2517159.259904206,1,1,1.7470226736068726,1,0
late_2013_2016,-18,-267,-179128.05761146193,-2660180.0618905723,1,1,1.8010226736068726,0,0
late_2013_2016,-6,-263,-58378.93277247716,-2621798.678334117,1,1,1.7740226736068727,1,0
late_2013_2016,-38,-235,-373764.84289525176,-2341899.609584868,1,1,1.453169994354248,0,0
late_2013_2016,-28,-254,-270883.42779911374,-2532975.330478519,1,1,2.3131840906143193,1,0
late_2013_2016,-34,-234,-332401.92304686457,-2336554.932122022,1,1,2.042683372497559,0,0
early_2010_2012,-31,-227,-303984.1566951511,-2265601.3812347054,1,1,1.151924418449402,0,0
early_2010_2012,-84,-222,-839337.8718032591,-2215531.1850929433,12,2,1.5106431736946107,0,0
early_2010_2012,-90,-259,-890365.4331317157,-2584851.048790157,1,1,1.9574913377761842,0,0
early_2010_2012,-121,-227,-1208687.8296709638,-2264301.500198737,2,1,3.000623546242714,0,0
early_2010_2012,-119,-232,-1184869.681181552,-2318966.150557518,1,1,2.725446173667908,0,0
early_2010_2012,-79,-263,-787379.3585458237,-2624850.5750478655,2,1,2.7349842214584354,1,0
early_2010_2012,-110,-233,-1092508.4296547538,-2320469.9010813236,1,1,2.1345759344100954,0,0
early_2010_2012,-18,-209,-176160.2429818362,-2087469.8881645054,4,2,1.9984908838272095,0,0
early_2010_2012,-22,-210,-211384.65589692834,-2096825.246562481,1,1,1.806618330001831,0,0
early_2010_2012,-14,-214,-137432.9829031469,-2131870.7160660625,1,1,1.3328657617568969,1,0
early_2010_2012,-14,-216,-139029.6631324809,-2151691.22358039,1,1,1.2430226736068726,0,0
early_2010_2012,-34,-213,-335636.159585571,-2127079.152619645,2,1,1.735767125606537,0,0
early_2010_2012,-93,-297,-926435.7090912728,-2962016.6830849447,6,1,2.206022673606873,0,0
early_2010_2012,-93,-296,-926755.3878051131,-2957952.5443531275,1,1,2.0674625511169435,0,0
early_2010_2012,-77,-261,-766757.1718554635,-2606851.5006550862,204,1,1.6051315293312072,1,0
early_2010_2012,-98,-279,-974475.9985474737,-2786370.0133779496,115,1,2.575022673606873,0,0
early_2010_2012,-97,-279,-965388.3707658991,-2788506.5444431067,177,1,2.476022673606873,0,0
early_2010_2012,-96,-279,-956808.9005894888,-2788137.5006745597,99,1,2.503022673606873,0,0
early_2010_2012,-97,-280,-964493.5617665313,-2792898.5539869904,40,1,2.6290226736068725,0,0
early_2010_2012,-96,-280,-954900.2810316974,-2792654.6965308296,34,1,2.3320226736068728,0,0
early_2010_2012,-99,-278,-985714.6876009485,-2777598.964403204,69,1,2.4940226736068727,0,0
early_2010_2012,-102,-276,-1017355.8589276685,-2750504.769442767,1,1,2.8757806737422946,0,0
early_2010_2012,-97,-281,-965474.1504022535,-2804404.8545591435,3,1,2.593022673606873,0,0
early_2010_2012,-100,-276,-994156.5784069239,-2752654.8311555535,2,1,2.602022673606873,0,0
early_2010_2012,-97,-283,-966698.3820629546,-2829819.866292864,1,1,2.3050226736068726,0,0
early_2010_2012,-98,-281,-979395.1215895454,-2804101.1328273118,1,1,2.5120226736068725,0,0
early_2010_2012,-99,-279,-982215.6732983937,-2783630.1361379432,58,1,2.6110226736068727,0,0
early_2010_2012,-99,-280,-987464.9400406849,-2792393.6848394573,2,1,2.74694017469883,0,0
early_2010_2012,-99,-281,-986231.9397401073,-2803083.1792493463,1,1,2.5300226736068723,0,0
early_2010_2012,-98,-278,-975036.3675230347,-2775026.7421328365,5,1,2.620022673606873,0,0
early_2010_2012,-97,-278,-965944.778205021,-2774368.271594852,8,1,2.620022673606873,0,0
early_2010_2012,-96,-278,-953036.1208284035,-2778143.307572037,10,1,2.413022673606873,0,0
early_2010_2012,-96,-281,-958032.9793971162,-2801194.1859986484,3,1,2.404022673606873,0,0
early_2010_2012,-101,-278,-1002318.8288832968,-2774979.0154228806,1,1,2.5660226736068728,0,0
early_2010_2012,-102,-278,-1012380.6552802217,-2775669.375457138,1,1,2.6290226736068725,0,0
early_2010_2012,-98,-280,-973582.0891011991,-2794967.1618855298,2,1,2.593022673606873,0,0
early_2010_2012,-78,-261,-776309.2482476612,-2607094.176729155,90,1,2.2432253255844117,1,0
early_2010_2012,-78,-262,-775063.9950340847,-2612782.5376086533,56,1,1.6998067917823791,1,0
early_2010_2012,-77,-262,-766755.025587524,-2613056.040404703,14,1,1.5311639566421509,1,0
early_2010_2012,-76,-261,-757629.4421495314,-2607481.8853406184,21,1,1.9503149247169496,1,0
early_2010_2012,-78,-263,-776376.1426429884,-2622688.306921333,2,1,1.9852543535232543,1,0
early_2010_2012,-77,-260,-764077.4402658716,-2599037.88704367,2,1,2.644621397972107,1,0
early_2010_2012,-79,-262,-784628.2271356859,-2616615.9195669517,8,1,2.6044550065994265,1,0
early_2010_2012,-79,-261,-783767.1293322634,-2603947.93136091,6,1,2.133988250732422,1,0
early_2010_2012,-81,-263,-801929.1983671979,-2621680.3829001584,3,1,1.7254510874748232,1,0
early_2010_2012,-80,-263,-797483.4245608565,-2624787.5749387145,2,1,2.008965551376343,1,0
early_2010_2012,-75,-265,-749908.1979812433,-2648205.3956140876,1,1,1.735297824382782,1,0
early_2010_2012,-75,-266,-749195.452179339,-2656753.258910775,1,1,1.4700713849067688,1,0
early_2010_2012,-76,-267,-756073.4790982025,-2665336.6907674074,1,1,2.267908479690552,1,0
early_2010_2012,-76,-268,-752925.2147573569,-2676801.5568502843,1,1,1.99619917678833,1,0
early_2010_2012,-77,-269,-768163.4740502499,-2683713.9459436536,1,1,1.4829376335144044,1,0
early_2010_2012,-79,-271,-785961.9149523928,-2706122.8262329996,1,1,2.2940515470504765,1,0
early_2010_2012,-79,-272,-782608.0773081136,-2717010.9720718362,3,1,1.5494851598739625,1,0
early_2010_2012,-79,-274,-781283.4620026847,-2732061.3907436132,1,1,1.6701639652252196,0,0
early_2010_2012,-80,-276,-791060.2528458992,-2750705.0051656812,2,1,2.134525145530701,0,0
early_2010_2012,-78,-276,-773997.1859591724,-2759331.6845258772,1,1,2.145053640365601,0,0
early_2010_2012,-77,-278,-766312.8699206945,-2770152.0535818636,2,1,1.7852573285102844,0,0
early_2010_2012,-78,-278,-774050.867938266,-2773026.287929336,3,1,2.0810815248489383,0,0
early_2010_2012,-78,-277,-776509.4375438745,-2769955.4501196146,1,1,2.353075148582459,0,0
early_2010_2012,-79,-279,-788845.4837477985,-2783562.449206233,2,1,1.981600567817688,0,0
early_2010_2012,-80,-279,-791666.5807527596,-2784432.6251082397,12,1,1.9661475405693054,0,0
early_2010_2012,-81,-280,-803904.4139692071,-2796843.966823697,1,1,1.8736817955970764,0,0
early_2010_2012,-82,-281,-812095.6484272487,-2807826.164159596,1,1,2.010430277824402,0,0
early_2010_2012,-82,-282,-816747.7155051556,-2816507.1870815754,1,1,1.7929511523246766,0,0
early_2010_2012,-83,-283,-823716.6309167037,-2827776.424415529,1,1,2.0409032254219057,0,0
early_2010_2012,-84,-284,-838282.6832617029,-2832720.401516749,11,2,2.731734307289124,0,0
early_2010_2012,-85,-284,-845071.0878101108,-2835981.457314154,13,2,2.139743004798889,0,0
early_2010_2012,-85,-283,-848247.4059483855,-2829342.543711424,1,1,2.3033702917099,0,0
early_2010_2012,-86,-285,-855315.7388400323,-2844762.2214491325,7,2,2.0205927143096925,0,0
early_2010_2012,-87,-285,-866798.7465217146,-2845062.1287406534,18,2,2.0073032660484316,0,0
early_2010_2012,-89,-284,-882221.2684087543,-2835175.847976908,2,1,2.8020064086914065,0,0
early_2010_2012,-89,-283,-882230.7068910224,-2824725.340583895,7,2,2.2829917688369754,0,0
early_2010_2012,-88,-285,-873284.1549445641,-2845322.566782065,15,2,2.122148604869843,0,0
early_2010_2012,-88,-286,-873624.1989792364,-2857157.0120081306,1,1,2.1470215668678287,0,0
early_2010_2012,-88,-287,-871097.5712615566,-2862505.90518789,2,1,2.8781722898483277,0,0
early_2010_2012,-86,-290,-855695.4192419455,-2894751.370927602,2,1,2.5230774765014647,0,0
early_2010_2012,-84,-290,-836623.9854683144,-2891111.8571893573,1,1,2.4636586885452276,0,0
early_2010_2012,-83,-290,-823200.4006296364,-2891645.440481136,3,1,1.888816646575928,0,0
early_2010_2012,-82,-290,-813686.9898621169,-2891741.5541006923,1,1,1.821755133152008,0,0
early_2010_2012,-82,-289,-814896.0186887726,-2886770.840007931,1,1,1.6917135806083679,0,0
early_2010_2012,-92,-294,-915354.0636935394,-2936157.1478041257,27,1,2.6441941583156585,0,0
early_2010_2012,-93,-295,-924894.2934894254,-2942450.4017577767,6,1,2.0400721578598024,0,0
early_2010_2012,-92,-293,-914806.6811110596,-2927101.472488895,2,1,1.8819947991371155,0,0
early_2010_2012,-93,-293,-926569.0769577614,-2925184.1425526086,16,1,2.223755198478699,0,0
early_2010_2012,-94,-291,-934957.1394653635,-2905852.2001434686,5,1,2.1066278529167177,0,0
early_2010_2012,-93,-292,-926381.5636266725,-2918291.5337086557,5,1,2.1975400590896608,0,0
early_2010_2012,-92,-290,-911086.1630190855,-2891975.643840857,8,1,2.0418688194304706,0,0
early_2010_2012,-90,-290,-895708.878339314,-2892815.70118019,49,2,1.9657222580909728,0,0
early_2010_2012,-91,-290,-901852.9838146686,-2892617.603841308,26,2,1.8944005951881409,0,0
early_2010_2012,-91,-289,-903589.9110953731,-2886192.4225534317,78,2,2.245718242645264,0,0
early_2010_2012,-91,-291,-901761.6081638567,-2903785.744086772,4,1,1.7903404688835145,0,0
early_2010_2012,-90,-291,-897668.5165153557,-2902358.418612937,3,1,1.9957165603637694,0,0
early_2010_2012,-92,-295,-914225.5059578412,-2945633.246367611,4,1,2.1087704215049743,0,0
early_2010_2012,-91,-295,-909587.4151229996,-2948205.507735908,1,1,1.9499780917167662,0,0
early_2010_2012,-92,-296,-910859.5239585631,-2953967.237094015,4,1,2.1505232033729555,0,0
early_2010_2012,-92,-297,-912627.474093796,-2964246.9824845046,2,1,2.0373950018882754,0,0
early_2010_2012,-92,-298,-918431.7318882846,-2979490.0457847416,1,1,1.7740226736068727,0,0
early_2010_2012,-92,-299,-917201.7758204901,-2987062.6412368417,1,1,2.3279610543251037,0,0
early_2010_2012,-93,-300,-920800.6016482881,-2991668.710559875,1,1,1.945397939860821,0,0
early_2010_2012,-93,-298,-927362.6139460803,-2979478.717738569,1,1,2.314022673606873,0,0
early_2010_2012,-94,-297,-932691.5448466472,-2962752.53367486,5,1,2.125022673606873,0,0
early_2010_2012,-94,-296,-933619.9056847801,-2956681.7285986305,5,1,2.7247207434177403,0,0
early_2010_2012,-94,-295,-931348.9492560973,-2947571.2371430695,2,1,2.009108497798443,0,0
early_2010_2012,-93,-294,-925642.0249880108,-2931842.1132319984,13,1,1.9977854683995246,0,0
early_2010_2012,-94,-292,-935964.630423128,-2915485.2167617846,18,1,2.134022673606873,0,0
early_2010_2012,-95,-291,-944574.8521588926,-2903516.7359522977,3,1,2.314022673606873,0,0
early_2010_2012,-96,-290,-955057.4893705958,-2896358.4526575506,2,1,1.9090226736068725,0,0
early_2010_2012,-95,-289,-945834.1447324267,-2885948.881792754,13,1,1.9630226736068725,0,0
early_2010_2012,-95,-287,-943662.8552849818,-2867763.3957007923,3,1,3.440509081363678,0,0
early_2010_2012,-96,-287,-952666.4705976499,-2861987.2839396447,2,1,2.9574138393402105,0,0
early_2010_2012,-99,-289,-984159.7820443116,-2884330.7268480957,1,1,2.5390226736068726,0,0
early_2010_2012,-98,-289,-971025.5684572794,-2889575.1748161814,3,1,2.4400226736068724,0,0
early_2010_2012,-98,-290,-971704.7027100855,-2891518.7607749007,3,1,2.431022673606873,0,0
early_2010_2012,-97,-290,-962506.6439359693,-2896729.311519116,1,1,2.4220226736068726,0,0
early_2010_2012,-96,-291,-956978.3301247122,-2906220.667492678,3,1,2.2150226736068728,0,0
early_2010_2012,-97,-292,-964978.2750276768,-2916950.076350803,6,1,2.5840226736068725,0,0
early_2010_2012,-97,-293,-965616.6535779694,-2925322.943997465,4,1,2.5300226736068723,0,0
early_2010_2012,-96,-293,-954268.9844580974,-2924427.2354965806,3,1,2.3050226736068726,0,0
early_2010_2012,-96,-292,-957361.9181649601,-2910810.528571129,1,1,2.0350226736068726,0,0
early_2010_2012,-95,-290,-943683.3053234611,-2895159.720058137,5,1,1.7020226736068726,0,0
early_2010_2012,-94,-288,-938238.3970518021,-2877583.0352357775,2,1,2.4066980981826784,0,0
early_2010_2012,-93,-288,-925302.2940001028,-2875172.830995962,4,1,3.407725022792816,0,0
early_2010_2012,-95,-288,-944347.8025554379,-2876331.187586224,5,1,2.2272129726409915,0,0
early_2010_2012,-96,-289,-951997.0398245853,-2888781.1478401124,1,1,1.9630226736068725,0,0
early_2010_2012,-93,-289,-924931.949839225,-2886047.0535450205,4,1,2.289824308395386,0,0
early_2010_2012,-92,-289,-914142.4610053177,-2884257.675353564,13,2,2.169954390048981,0,0
early_2010_2012,-94,-294,-933816.4868314664,-2935152.2384607615,5,1,2.0001390857696535,0,0
early_2010_2012,-94,-293,-934007.3462326041,-2926085.032439833,6,1,2.3268107447624207,0,0
early_2010_2012,-91,-287,-902471.676603666,-2864655.996315161,3,2,3.010470372676849,0,0
early_2010_2012,-90,-287,-893862.0931460455,-2868128.2624562234,2,1,2.3441240177154543,0,0
early_2010_2012,-89,-288,-881882.0061985746,-2870796.5827127397,1,1,1.906709725856781,0,0
early_2010_2012,-88,-288,-874567.3132144414,-2877124.683795333,5,1,1.9207486462593077,0,0
early_2010_2012,-88,-289,-872853.4115705214,-2883078.3000087887,2,1,2.181067862510681,0,0
early_2010_2012,-87,-289,-869683.103305681,-2880704.721740981,3,1,2.2594828619956973,0,0
early_2010_2012,-90,-288,-896092.241713418,-2876878.266341654,25,2,1.98983194988966,0,0
early_2010_2012,-91,-288,-903951.8648620903,-2875222.2674481627,69,2,2.1857430391311645,0,0
early_2010_2012,-92,-287,-910088.2092505168,-2869654.7606601715,1,1,2.531214565396309,0,0
early_2010_2012,-92,-288,-910392.890873068,-2877124.293000862,2,1,2.7616178474426274,0,0
early_2010_2012,-90,-289,-895124.5938642891,-2885454.325642258,50,2,2.363369082450867,0,0
early_2010_2012,-89,-290,-885479.1950401337,-2893713.030749462,11,2,2.597179858207703,0,0
early_2010_2012,-83,-220,-822552.4299689685,-2196882.5236865617,17,1,1.6608361492156982,0,0
early_2010_2012,-88,-224,-876285.4683612505,-2232569.5574509297,19,2,1.4324037261009217,0,0
early_2010_2012,-84,-221,-831212.1722515471,-2207555.8980560303,4,2,2.5831864728927614,0,0
early_2010_2012,-83,-222,-829452.2465730645,-2211562.3834339976,14,1,1.9006407084465027,0,0
early_2010_2012,-86,-223,-852654.4491191271,-2221089.860187494,14,1,2.58913976764679,0,0
early_2010_2012,-85,-218,-848177.1402358224,-2171014.67113775,1,1,2.8903689565658572,0,0
early_2010_2012,-93,-225,-926531.3467569976,-2243351.9003316388,4,1,2.218037844657898,0,0
early_2010_2012,-84,-220,-831642.9514751603,-2195261.519190669,1,1,2.1152185726165773,0,0
early_2010_2012,-79,-255,-782751.5071057557,-2547369.959589094,3,2,2.191159525871277,1,0
early_2010_2012,-112,-240,-1111191.4673273938,-2393341.5823456347,2,1,2.667088772773743,0,0
early_2010_2012,-120,-230,-1194784.6404445646,-2293537.1742665074,3,1,2.7008565225601195,0,0
early_2010_2012,-126,-228,-1251713.1216075027,-2277571.4820102453,1,1,2.656022673606873,0,0
early_2010_2012,-122,-227,-1215510.930299965,-2268884.303290844,1,1,2.6791891679763795,0,0
early_2010_2012,-118,-236,-1177365.355989491,-2351490.337622285,1,1,2.705497217655182,0,0
early_2010_2012,-76,-321,-751595.5338863581,-3204891.8808070123,1,1,3.5809978072643283,0,0
early_2010_2012,-19,-210,-187184.80424800797,-2090378.00855877,3,1,2.144930359840393,0,0
early_2010_2012,-29,-212,-289754.34673040255,-2115352.5408254266,1,1,2.0265537595748904,0,0
early_2010_2012,-95,-278,-946423.0202173404,-2776735.4487899113,9,1,2.53084206533432,0,0
early_2010_2012,-95,-279,-943462.9251206177,-2782995.938583191,54,1,2.571906976699829,0,0
early_2010_2012,-97,-286,-960308.8144569842,-2850177.799511999,1,1,2.688666075706482,0,0
early_2010_2012,-95,-280,-948187.2398377818,-2792360.4344133884,2,1,2.638290898323059,0,0
early_2010_2012,-97,-277,-963776.5496286345,-2768056.7292861342,1,1,2.341022673606873,0,0
early_2010_2012,-100,-279,-993982.5967151418,-2784880.5237124786,4,1,2.6110226736068727,0,0
early_2010_2012,-100,-280,-995775.7064930635,-2792244.3349329233,1,1,2.7311759729385376,0,0
early_2010_2012,-101,-280,-1003362.2730956426,-2794967.6824247837,2,1,2.602022673606873,0,0
early_2010_2012,-101,-279,-1005316.9912547341,-2785770.1745964736,2,1,2.6290226736068725,0,0
early_2010_2012,-99,-277,-987929.3965119267,-2767480.706938088,1,1,2.548022673606873,0,0
early_2010_2012,-94,-289,-934734.4185124554,-2885190.9366241693,1,1,1.8730901665687563,0,0
early_2010_2012,-94,-290,-936792.1968342979,-2897811.557531923,3,1,2.116370828151703,0,0
early_2010_2012,-92,-278,-915720.3410816991,-2776860.696651814,25,1,2.2801430172920227,0,0
early_2010_2012,-92,-279,-913212.4952207855,-2786497.805796842,38,1,3.0955168151855474,0,0
early_2010_2012,-91,-279,-907558.1598482623,-2784384.522927152,16,1,4.122943713188172,0,0
early_2010_2012,-92,-280,-917698.8557910463,-2793181.5652352404,25,1,2.0710226736068726,0,0
early_2010_2012,-93,-280,-921152.0201339506,-2791332.6949326196,3,1,3.15421595621109,0,0
early_2010_2012,-92,-277,-916301.2125182267,-2766252.3017209,7,1,2.926662731170654,0,0
early_2010_2012,-92,-276,-915006.1663814543,-2755328.6233580597,8,1,2.8427239599227905,0,0
early_2010_2012,-91,-276,-907027.3628987483,-2754048.5875640404,11,1,3.1450645275115967,0,0
early_2010_2012,-92,-286,-915312.7357818485,-2857523.5240793526,4,1,2.2442293839454655,0,0
early_2010_2012,-93,-286,-920082.2060051219,-2852007.2411741316,1,1,3.041356133460999,0,0
early_2010_2012,-92,-285,-912512.7799805278,-2840793.7453599274,1,1,2.848885172843933,0,0
early_2010_2012,-92,-284,-911491.9590737097,-2837107.290384501,1,1,2.5447203989028933,0,0
early_2010_2012,-90,-284,-896632.8759395032,-2834210.3664391763,14,1,2.3852302713394167,0,0
early_2010_2012,-91,-284,-902760.1758438367,-2834769.543208907,9,1,3.214653490066529,0,0
early_2010_2012,-91,-283,-903023.4470319711,-2822849.8419166626,5,2,3.0666926746368413,0,0
early_2010_2012,-89,-282,-883718.6704518188,-2819751.527830541,1,1,1.8782162718772888,0,0
early_2010_2012,-88,-283,-875997.7938874662,-2825481.606317267,12,1,2.1622914752960205,0,0
early_2010_2012,-87,-282,-865192.0725328545,-2819201.357428064,3,1,1.7602343549728394,0,0
early_2010_2012,-88,-282,-870313.3658052142,-2817815.052304536,1,1,2.0564074597358704,0,0
early_2010_2012,-87,-283,-863881.6157451865,-2825560.1836831053,15,1,1.6441579818725585,0,0
early_2010_2012,-86,-283,-858916.8136190649,-2824305.5929229036,4,1,2.130164071559906,0,0
early_2010_2012,-87,-284,-865252.0475756887,-2834078.110110038,23,1,2.0318263750076295,0,0
early_2010_2012,-82,-240,-813951.9629477042,-2393626.320806399,84,1,2.3143343915939334,0,0
early_2010_2012,-82,-241,-817408.9026707408,-2402606.3043631464,8,1,1.6017875595092772,1,0
early_2010_2012,-83,-239,-820406.2319028121,-2380281.5489394963,1,1,1.5786099457740783,1,0
early_2010_2012,-82,-239,-811759.0458151598,-2386273.7808415513,82,1,1.8410032515525818,0,0
early_2010_2012,-83,-240,-823489.2713757146,-2396371.9860278545,10,1,1.5674931664466858,1,0
early_2010_2012,-81,-239,-807092.6097681009,-2386610.597431615,99,1,2.094096785545349,0,0
early_2010_2012,-81,-240,-808884.7702435037,-2394296.5400615954,24,1,1.7055374112129211,0,0
early_2010_2012,-84,-241,-831308.5116245209,-2404576.9766909927,4,1,1.3952317500114442,1,0
early_2010_2012,-83,-241,-825724.6557682302,-2405620.7788657164,7,1,1.5073497586250306,1,0
early_2010_2012,-93,-240,-925889.6905493252,-2395504.6032936275,1,1,1.643355474472046,1,0
early_2010_2012,-70,-254,-699661.342963612,-2539759.7289245725,1,1,2.067355208396912,1,0
early_2010_2012,-83,-221,-828112.6237404038,-2205838.7667244393,18,1,2.628141627311707,0,0
early_2010_2012,-82,-221,-818749.0762525517,-2200891.4270064533,8,1,2.8235531034469608,0,0
early_2010_2012,-85,-222,-845445.2608001118,-2215849.4209095538,7,1,1.9914235000610352,0,0
early_2010_2012,-85,-221,-849363.4340011141,-2209704.35100919,11,1,2.034790761947632,0,0
early_2010_2012,-89,-224,-889243.6121428312,-2232015.265322447,16,1,2.1099809665679934,0,0
early_2010_2012,-90,-224,-897045.7247490062,-2231977.4514072896,30,1,2.6675620613098148,0,0
early_2010_2012,-88,-222,-874361.5346358438,-2219931.828956425,4,1,nan,0,0
early_2010_2012,-87,-223,-867099.8376826752,-2226645.359847009,2,1,1.5605403141975402,0,0
early_2010_2012,-94,-225,-932858.9621230221,-2246963.4923448563,3,1,3.3862409200668337,0,0
early_2010_2012,-86,-217,-859006.060486398,-2160735.764827639,2,1,3.3481103076934815,0,0
early_2010_2012,-82,-220,-817075.2143789976,-2195111.1901810765,1,1,2.500060667037964,0,0
early_2010_2012,-89,-259,-881456.0670132955,-2589839.5651818514,1,1,1.7558468809127807,0,0
early_2010_2012,-96,-249,-951738.4132302647,-2488288.420630604,1,1,1.771477370262146,0,0
early_2010_2012,-121,-228,-1202827.2920239542,-2273300.790178001,1,1,2.7449801237136127,0,0
early_2010_2012,-125,-228,-1241272.098202678,-2276984.441677138,4,1,1.9090226736068725,0,0
early_2010_2012,-111,-214,-1100444.4639153802,-2130738.586872071,1,1,2.507459546089173,0,0
early_2010_2012,-110,-214,-1099417.252856862,-2131654.3305135667,1,1,2.2559428663253787,0,0
early_2010_2012,-70,-228,-697709.7416157854,-2277416.2555184066,1,1,1.524723204612732,0,0
early_2010_2012,-32,-213,-315391.9966280718,-2120183.806008965,1,1,2.240221440315247,0,0
early_2010_2012,-95,-292,-944824.9301963465,-2915802.44665353,2,1,2.386022673606873,0,0
early_2010_2012,-93,-291,-926403.8536572162,-2904104.1912267506,1,1,1.9669654288291933,0,0
early_2010_2012,-91,-275,-905308.731323226,-2747665.413168177,4,1,3.0040310537815094,0,0
early_2010_2012,-92,-275,-916781.3111471761,-2742388.501520753,6,1,2.202587386608124,0,0
early_2010_2012,-93,-275,-923017.7068486788,-2743928.062113352,4,1,2.849013854980469,0,0
early_2010_2012,-93,-274,-926629.4065449685,-2735787.1228028685,4,1,2.915659580230713,0,0
early_2010_2012,-94,-274,-935522.7259831855,-2734252.608683951,4,1,2.5605114231109622,0,0
early_2010_2012,-95,-274,-945202.2367904311,-2733960.1895738365,5,1,3.217639406204224,0,0
early_2010_2012,-96,-274,-951328.1721024057,-2734895.9797941507,5,1,2.319269709587097,0,0
early_2010_2012,-96,-275,-955526.9302783255,-2745620.797639042,2,1,2.557022673606873,0,0
early_2010_2012,-96,-276,-953477.0286028205,-2756585.714731157,6,1,2.206022673606873,0,0
early_2010_2012,-96,-277,-951705.4199272215,-2761183.5579050183,1,1,2.2780226736068725,0,0
early_2010_2012,-95,-277,-947091.9622870148,-2765805.0941679403,4,1,2.269022673606873,0,0
early_2010_2012,-94,-277,-935234.2660239013,-2766675.7987958966,5,1,2.293816053055227,0,0
early_2010_2012,-94,-278,-936831.9560306283,-2778829.5327176973,4,1,2.545006579399109,0,0
early_2010_2012,-94,-280,-935088.996626522,-2793503.755969534,15,1,2.6398178534507757,0,0
early_2010_2012,-94,-281,-935300.4517835067,-2800709.9880155027,1,1,2.2062339959144595,0,0
early_2010_2012,-93,-281,-927108.9065537234,-2809771.356245041,1,1,3.177746952056885,0,0
early_2010_2012,-93,-282,-924603.2087362076,-2815040.991292217,29,1,2.0906986370086673,0,0
early_2010_2012,-94,-282,-931701.1223077843,-2815418.1134905615,3,1,3.007454742074013,0,0
early_2010_2012,-94,-283,-935274.2306948036,-2820384.149791479,1,1,2.7329640760421756,0,0
early_2010_2012,-93,-283,-922942.6274346875,-2826960.120310617,28,1,2.0440226736068725,0,0
early_2010_2012,-92,-283,-917123.0305992406,-2825981.8925272226,5,1,2.6089209074974065,0,0
early_2010_2012,-93,-284,-920596.0015998647,-2830168.8460048735,1,1,2.2300650394558907,0,0
early_2010_2012,-91,-282,-902337.3069286769,-2812976.2954310915,30,1,1.9254007455706597,0,0
early_2010_2012,-90,-282,-896839.6682317879,-2811006.608197661,29,1,1.7650226736068724,0,0
early_2010_2012,-90,-281,-896736.3466244288,-2806864.77057332,130,1,1.7663067013770342,0,0
early_2010_2012,-89,-281,-889919.7829204326,-2805865.062231779,1,1,2.3570122590065004,0,0
early_2010_2012,-91,-281,-901896.1493316,-2806763.3786615035,31,1,1.7380226736068725,0,0
early_2010_2012,-94,-279,-935659.6037238411,-2785377.90955062,31,1,2.7648625731468206,0,0
early_2010_2012,-93,-279,-926620.5981403821,-2788706.662647178,3,1,2.687197090148926,0,0
early_2010_2012,-90,-278,-898470.9468112998,-2775055.5666623265,2,1,2.1828889746665956,0,0
early_2010_2012,-91,-278,-903396.6257624825,-2774813.9986207485,2,1,2.814153725385666,0,0
early_2010_2012,-93,-278,-922467.3155742174,-2771216.6715162396,1,1,2.8084850616455084,0,0
early_2010_2012,-93,-277,-923521.3372954227,-2766594.4664804637,5,1,2.6588618001937867,0,0
early_2010_2012,-93,-276,-920715.9137821093,-2755125.395760566,1,1,2.6780855464935307,0,0
early_2010_2012,-91,-280,-903758.2875259984,-2791762.5785840303,2,1,2.8585693678855897,0,0
early_2010_2012,-90,-280,-893695.2884259189,-2797185.413015686,8,1,2.1873123474121097,0,0
early_2010_2012,-89,-280,-881166.7186943155,-2793610.8885211647,2,1,2.4178608045578005,0,0
early_2010_2012,-88,-280,-875062.252337303,-2796046.7126642987,4,1,2.6871032333374023,0,0
early_2010_2012,-87,-280,-866088.8418926413,-2795019.9085205793,1,1,1.8537881660461426,0,0
early_2010_2012,-87,-279,-860644.7587726056,-2788344.535471678,1,1,2.8000162029266358,0,0
early_2010_2012,-86,-278,-857434.5551466706,-2779036.0215639174,1,1,2.003117036342621,0,0
early_2010_2012,-87,-278,-860877.7928177975,-2778196.640222192,1,1,2.1262399102151393,0,0
early_2010_2012,-78,-260,-776939.2113757993,-2597092.6432124972,7,1,1.4999409875869751,1,0
early_2010_2012,-79,-260,-783495.9705950947,-2594334.006820798,7,1,2.268673697471619,1,0
early_2010_2012,-80,-261,-793200.7055330151,-2603848.493330449,6,1,1.523068778514862,1,0
early_2010_2012,-80,-260,-797760.970940261,-2595261.4983481616,2,1,1.3836580910682679,1,0
early_2010_2012,-80,-259,-793719.2648912368,-2586830.4278828204,2,1,1.4894377021789549,1,0
early_2010_2012,-79,-259,-782712.2967100695,-2582604.295374632,1,1,1.9130242528915404,1,0
early_2010_2012,-78,-258,-779222.4852767135,-2572407.8092086613,4,1,1.824761595249176,1,0
early_2010_2012,-78,-257,-776290.6323288407,-2565155.540815193,8,1,1.5440378516428173,1,0
early_2010_2012,-79,-256,-780713.6837146861,-2556642.463311752,3,1,2.145506301879883,1,0
early_2010_2012,-79,-254,-787504.1736761805,-2537201.8581289947,4,1,1.5375501074790956,1,0
early_2010_2012,-80,-254,-791493.0946909955,-2533075.926935059,5,1,1.7322592563629151,1,0
early_2010_2012,-80,-253,-793068.4707748954,-2525221.0301294825,3,1,1.4669571547508238,1,0
early_2010_2012,-79,-252,-785031.0519216384,-2518259.3718212843,2,1,1.4364913067817688,1,0
early_2010_2012,-78,-251,-775538.1160430516,-2504779.316430986,3,1,1.5298534293174744,1,0
early_2010_2012,-77,-251,-763580.652921456,-2503057.8341421485,4,1,1.4576316933631897,1,0
early_2010_2012,-77,-250,-763559.5974196141,-2499745.2687353194,1,1,1.5128572840690613,1,0
early_2010_2012,-76,-250,-756391.4947961312,-2498519.809181581,3,1,1.497448715209961,1,0
early_2010_2012,-75,-250,-747272.0102491777,-2497480.77607885,2,1,1.570284312725067,1,0
early_2010_2012,-75,-251,-741584.2059139415,-2505277.553347955,3,1,1.5618911476135253,1,0
early_2010_2012,-75,-252,-741964.4158195733,-2513966.514692376,3,1,2.0132591485977174,1,0
early_2010_2012,-74,-252,-737426.1201285295,-2511163.310303221,3,1,2.381480838775635,1,0
early_2010_2012,-73,-252,-729668.8375848928,-2519932.4562937915,1,1,1.60253525352478,1,0
early_2010_2012,-73,-253,-729683.9492398519,-2526123.551770121,2,1,1.9773631153106688,1,0
early_2010_2012,-73,-254,-729239.9432726991,-2537474.8370791376,3,1,2.119850184440613,1,0
early_2010_2012,-74,-255,-735516.5911914818,-2542068.9525698423,1,1,2.071244848251343,1,0
early_2010_2012,-75,-256,-748421.8082025786,-2552096.6151372045,2,1,1.5213476281166076,1,0
early_2010_2012,-76,-256,-751798.7065607687,-2555514.9707989246,2,1,1.5178630213737487,1,0
early_2010_2012,-77,-256,-765836.0141432222,-2558905.6490990818,1,1,1.5450847573280335,1,0
early_2010_2012,-79,-257,-783621.9453566727,-2566227.753239095,1,1,2.1314767990112307,1,0
early_2010_2012,-80,-257,-794624.8591864052,-2565842.4173292816,1,1,1.472100121498108,1,0
early_2010_2012,-81,-257,-805526.487730708,-2569687.226811439,1,1,1.4320679898262025,1,0
early_2010_2012,-82,-258,-817403.539686189,-2577962.424321711,1,1,1.5035461511611938,1,0
early_2010_2012,-83,-259,-826739.65919465,-2584047.4871590137,2,1,1.6616761292219164,1,0
early_2010_2012,-84,-259,-833380.5320348494,-2586728.2902277634,4,1,1.4568951025009156,1,0
early_2010_2012,-85,-260,-848330.9494683966,-2592831.786501467,1,1,1.5024227361679077,1,0
early_2010_2012,-86,-260,-852963.6659635433,-2594690.927103477,7,1,1.523845585823059,1,0
early_2010_2012,-87,-261,-866805.3944814147,-2603938.1693792343,2,1,1.4333887977181003,1,0
early_2010_2012,-88,-262,-875441.2431131694,-2616422.71471861,2,1,2.1476492304801944,1,0
early_2010_2012,-88,-263,-877603.9980335747,-2620976.975564927,3,1,1.4933699464797974,1,0
early_2010_2012,-89,-263,-880466.9881519664,-2623067.011833757,1,1,1.6582865349650384,1,0
early_2010_2012,-89,-264,-881671.7374364829,-2634882.4043194205,2,1,1.4525661630630493,1,0
early_2010_2012,-88,-265,-878561.4043084016,-2648452.062451005,1,1,2.279967655181885,1,0
early_2010_2012,-88,-266,-876503.6134289532,-2653219.5284031183,2,1,1.5301807351112366,1,0
early_2010_2012,-88,-267,-872203.0549185866,-2662369.6141480207,1,1,1.4466126160621642,1,0
early_2010_2012,-87,-267,-863759.6755642403,-2668307.9131560028,3,1,1.6200301175117493,1,0
early_2010_2012,-87,-268,-861541.0899071288,-2672391.3015031815,1,1,2.325932809829712,0,0
early_2010_2012,-86,-268,-856306.838361111,-2679701.869548112,1,1,1.604206693649292,0,0
early_2010_2012,-85,-269,-848763.835058804,-2684201.96942842,1,1,1.5815608129501342,0,0
early_2010_2012,-85,-270,-849078.4143112138,-2690887.268352419,6,1,1.9914548788070678,0,0
early_2010_2012,-86,-270,-850652.0384783621,-2695002.97422114,1,1,2.309255443572998,0,0
early_2010_2012,-86,-271,-857913.2359928405,-2701466.473821357,2,1,2.042277394294739,0,0
early_2010_2012,-87,-271,-863020.1144638816,-2704931.269289136,3,1,2.1475379323959354,0,0
early_2010_2012,-87,-272,-866306.883913767,-2715544.3953788998,5,1,2.5111251034736637,0,0
early_2010_2012,-88,-272,-872900.7307265152,-2716162.9928976484,8,1,1.879008421421051,0,0
early_2010_2012,-87,-273,-866722.3269369481,-2726481.6393531784,4,1,1.9932685089111328,0,0
early_2010_2012,-87,-274,-866608.3666069006,-2738105.563619368,8,1,1.7365467138290407,0,0
early_2010_2012,-87,-275,-866822.382893431,-2743152.759362659,17,1,1.8443651881217955,0,0
early_2010_2012,-88,-276,-875883.0188863644,-2754777.4237133563,1,1,2.776342890739441,0,0
early_2010_2012,-89,-277,-886185.931702273,-2764632.2800548375,1,1,2.2927924146652225,0,0
early_2010_2012,-90,-277,-895026.9012287896,-2766576.717119777,5,1,2.086442636013031,0,0
early_2010_2012,-90,-276,-897842.034217045,-2755959.5874601644,7,1,1.9098864517211913,0,0
early_2010_2012,-90,-275,-895216.7673043098,-2746308.681949874,3,1,2.641898445129395,0,0
early_2010_2012,-90,-274,-895876.8082178299,-2739470.8671074137,4,1,1.8070763864517214,0,0
early_2010_2012,-89,-275,-884389.4733390461,-2742722.142313719,5,1,2.7948306188583376,0,0
early_2010_2012,-89,-274,-886565.1800370099,-2739284.4534927607,1,1,1.8878016324043274,0,0
early_2010_2012,-88,-275,-874941.3350593017,-2742489.1200181805,8,1,2.4341057558007306,0,0
early_2010_2012,-88,-274,-873961.9883999152,-2737877.165268311,10,1,2.07209990978241,0,0
early_2010_2012,-88,-273,-873570.8967040291,-2725660.445053801,8,1,1.8195377607345582,0,0
early_2010_2012,-88,-271,-874412.1798428866,-2707096.6483095735,2,1,1.8594451866149901,0,0
early_2010_2012,-99,-290,-983548.932312559,-2897196.4900824428,1,1,2.5390226736068726,0,0
early_2010_2012,-99,-291,-984252.6198698934,-2903797.2719016224,2,1,2.5120226736068725,0,0
early_2010_2012,-98,-292,-979310.9396879266,-2917954.1548090875,1,1,2.548022673606873,0,0
early_2010_2012,-98,-293,-975621.8436939777,-2924753.132277429,4,1,2.557022673606873,0,0
early_2010_2012,-98,-294,-973381.1902260906,-2930081.95051378,1,1,2.5840226736068725,0,0
early_2010_2012,-91,-294,-903355.2146638507,-2932214.01281929,1,1,2.776543390274048,0,0
early_2010_2012,-90,-293,-891504.3197591889,-2926162.5014854074,1,1,1.8630866560935975,0,0
early_2010_2012,-89,-293,-885706.1592746852,-2927008.996024811,5,1,2.2414841223955158,0,0
early_2010_2012,-89,-294,-882753.301488915,-2930685.464591354,1,1,2.086248227119446,0,0
early_2010_2012,-88,-293,-875082.1080413869,-2924600.7997769057,24,1,2.0252967824935917,0,0
early_2010_2012,-87,-293,-867531.1417399563,-2922602.6004319848,5,1,2.2018254909515385,0,0
early_2010_2012,-87,-292,-869500.8211554298,-2919823.319724351,1,1,2.62153656578064,0,0
early_2010_2012,-88,-292,-877100.8751351265,-2915692.7236732244,2,1,2.9668543639183045,0,0
early_2010_2012,-89,-291,-881390.935813523,-2904886.977671052,6,1,2.020994972705841,0,0
early_2010_2012,-88,-291,-877229.0649398,-2904275.7927258546,9,1,1.9364043292999267,0,0
early_2010_2012,-75,-261,-747174.0419874466,-2604510.7993175983,1,1,1.9150603771209715,1,0
early_2010_2012,-75,-262,-742855.9530286792,-2618007.310493529,1,1,1.4865779905319212,1,0
early_2010_2012,-73,-264,-725413.1942731487,-2633808.0343873203,6,1,1.5584880437850952,1,0
early_2010_2012,-72,-264,-714570.2521494272,-2638918.1191536263,4,1,1.5119165110588073,1,0
early_2010_2012,-72,-265,-715145.5687165387,-2641138.931788375,3,1,1.5538843169212342,1,0
early_2010_2012,-73,-266,-722909.2059208055,-2658295.3991526663,2,1,1.4251821236610411,1,0
early_2010_2012,-74,-267,-733268.2802675687,-2667523.976659298,2,1,1.4768036003112794,1,0
early_2010_2012,-88,-284,-872712.1294842698,-2833330.1821632027,5,1,1.9533863945007324,0,0
early_2010_2012,-86,-284,-854992.6810691113,-2837267.1879680604,2,1,1.8258658967018127,0,0
early_2010_2012,-85,-285,-843303.9905036277,-2843934.297119277,12,1,1.9287121315002442,0,0
early_2010_2012,-84,-285,-839398.2706094747,-2844837.3578880825,3,1,2.781483817100525,0,0
early_2010_2012,-84,-283,-835553.0928514443,-2828483.061176445,7,1,1.9283949756622314,0,0
early_2010_2012,-85,-286,-841390.7790333931,-2855146.440662563,1,1,2.198434374332428,0,0
early_2010_2012,-84,-286,-839204.33249244,-2856386.8269183934,1,1,2.6516327209472657,0,0
early_2010_2012,-84,-242,-836668.5172173786,-2414529.8125087023,6,1,1.7652619938850402,1,0
early_2010_2012,-83,-242,-827265.413017477,-2417040.397535478,12,1,2.323446978569031,1,0
early_2010_2012,-84,-243,-831751.0683256816,-2423318.156293571,6,1,1.4234917159080507,1,0
early_2010_2012,-83,-243,-825800.2025292736,-2424440.8329998143,24,1,1.4102952542304992,1,0
early_2010_2012,-83,-244,-824590.7615579605,-2433850.0320518822,10,1,1.5118806619644165,1,0
early_2010_2012,-84,-244,-830945.5938733649,-2435676.390014241,3,1,1.431905209541321,1,0
early_2010_2012,-82,-244,-816603.0794680865,-2434531.374305618,5,1,1.671213858127594,1,0
early_2010_2012,-82,-243,-811414.1430206159,-2424010.8496267796,3,1,1.4256943459510805,1,0
early_2010_2012,-81,-243,-806392.4844040079,-2423379.968251303,6,1,1.403760022163391,1,0
early_2010_2012,-81,-242,-807915.2357745272,-2418163.548369482,2,1,1.4132198123931883,1,0
early_2010_2012,-82,-245,-814952.3058285553,-2444651.273912955,8,1,1.4593372240066529,1,0
early_2010_2012,-82,-246,-811103.7577353098,-2455262.887916664,3,1,1.6233978328704832,1,0
early_2010_2012,-82,-247,-813807.5339200145,-2466464.7134338617,2,1,1.4614735074043275,1,0
early_2010_2012,-83,-246,-821043.8354958234,-2458310.1109954417,1,1,1.5597266283035278,1,0
early_2010_2012,-83,-247,-825078.9860528997,-2460622.758910984,2,1,2.2714522008895877,1,0
early_2010_2012,-84,-246,-831034.4783909231,-2455544.071767757,3,1,1.7915174889564514,1,0
early_2010_2012,-85,-245,-845139.9311733438,-2446550.586260254,6,1,1.968686288833618,1,0
early_2010_2012,-86,-245,-859985.8812365831,-2449875.84126091,1,1,1.4360835514068604,1,0
early_2010_2012,-86,-246,-857021.8114209458,-2454229.1542402604,3,1,2.135258670806885,1,0
early_2010_2012,-85,-247,-845953.8817914849,-2464442.1886924803,5,1,1.4713060684204102,1,0
early_2010_2012,-84,-248,-834998.6549712209,-2475381.3044841983,3,1,2.143888836860657,1,0
early_2010_2012,-84,-249,-830399.1553343278,-2480108.1601169705,1,1,1.8507292485237121,1,0
early_2010_2012,-83,-249,-825277.8595569285,-2482872.674504441,5,1,1.733737331867218,1,0
early_2010_2012,-83,-250,-823840.9305683302,-2492604.457872629,1,1,1.6237256979942323,1,0
early_2010_2012,-82,-249,-814575.5432148181,-2482626.395936668,6,1,2.205416111946106,1,0
early_2010_2012,-82,-250,-814971.9750709052,-2490814.026636027,4,1,2.0845357637405395,1,0
early_2010_2012,-81,-250,-804743.2858389855,-2493050.315065837,5,1,1.4837367892265318,1,0
early_2010_2012,-81,-249,-804265.0048113256,-2484664.273940991,11,1,1.5780755305290222,1,0
early_2010_2012,-80,-249,-798178.4695362281,-2486976.435890436,1,1,1.4921191658973694,1,0
early_2010_2012,-81,-248,-801557.9616050506,-2473478.9654772356,4,1,1.917226366996765,1,0
early_2010_2012,-82,-248,-814985.0580702813,-2474042.205230184,4,1,1.8663731408119202,1,0
early_2010_2012,-82,-238,-813742.1331352567,-2376666.2703841864,5,1,1.8438771295547485,0,0
early_2010_2012,-80,-239,-799762.9690478524,-2381991.416697189,2,1,1.4123914899826049,0,0
early_2010_2012,-81,-238,-801712.231025268,-2378705.858354827,3,1,1.5623835978507994,0,0
early_2010_2012,-80,-238,-794877.5946594336,-2374207.0244529885,14,1,1.4395771551132202,0,0
early_2010_2012,-88,-223,-874575.7339976317,-2223947.6703635454,1,1,2.075069976806641,0,0
early_2010_2012,-92,-226,-918288.6702357617,-2252169.080209911,1,1,2.0170226736068724,0,0
early_2010_2012,-91,-224,-904590.8169770581,-2233901.252508074,1,1,2.072683888912201,0,0
early_2010_2012,-94,-227,-930361.8618021903,-2264559.4873045683,2,1,2.3543081302642825,0,0
late_2013_2016,-43,-222,-429666.1881844512,-2211853.720829338,1,1,1.4603189125061036,0,0
late_2013_2016,-98,-269,-971453.6125223173,-2687895.1738444567,1,1,3.377734183311463,0,0
late_2013_2016,-86,-222,-852389.8134719004,-2218868.662886113,3,3,2.9666295452117923,0,0
late_2013_2016,-84,-222,-839210.8332500929,-2215548.0602415144,15,2,1.6456431736946107,0,0
late_2013_2016,-98,-239,-971321.109324468,-2383632.460191667,1,1,3.0564260545969013,0,0
late_2013_2016,-108,-264,-1071269.9309101321,-2633620.6332065165,1,1,3.041525389671326,0,0
late_2013_2016,-72,-258,-717991.344002871,-2573219.4318671227,1,1,1.6324777064323424,1,0
late_2013_2016,-99,-273,-989132.2884441896,-2728796.0215280354,1,1,2.602022673606873,0,0
late_2013_2016,-120,-236,-1196750.7916029042,-2356071.8779807687,1,1,2.575022673606873,0,0
late_2013_2016,-125,-228,-1240406.7114944716,-2275063.0877507105,4,1,2.0800226736068725,0,0
late_2013_2016,-18,-211,-175245.34990785987,-2104905.8154440224,2,2,1.867747233390808,0,0
late_2013_2016,-94,-280,-933721.761637544,-2795591.449222982,1,1,2.8477230792045596,0,0
late_2013_2016,-18,-209,-175841.27423214942,-2087141.8682359308,2,2,2.3044908838272096,0,0
late_2013_2016,-90,-281,-896897.4822804854,-2806383.797152817,134,1,2.2703067013770344,0,0
late_2013_2016,-91,-281,-902235.8966785319,-2806176.0123499664,43,1,2.287022673606873,0,0
late_2013_2016,-91,-282,-902493.8668483935,-2811374.768593933,22,1,2.2827544501274826,0,0
late_2013_2016,-90,-282,-895314.4094376689,-2812435.4754500412,13,1,3.0438970007896424,0,0
late_2013_2016,-92,-280,-911108.7805556728,-2797848.033764094,1,1,2.447693036079407,0,0
late_2013_2016,-86,-273,-858019.3917572133,-2725622.268514037,1,1,2.5207852225303653,0,0
late_2013_2016,-87,-273,-864770.9700754998,-2725772.1704451917,10,1,2.3523810744285587,0,0
late_2013_2016,-87,-272,-864226.4306315285,-2717763.379062163,7,1,2.728436595439911,0,0
late_2013_2016,-88,-272,-871114.9978283638,-2712324.3392958343,1,1,3.359650214195252,0,0
late_2013_2016,-88,-271,-872211.201669438,-2707120.7230448723,2,1,2.7664591503143314,0,0
late_2013_2016,-87,-271,-867879.1775409442,-2709950.0112932622,1,1,3.686887820243836,0,0
late_2013_2016,-87,-274,-868270.8865925592,-2737547.14214921,11,1,2.4100489153862004,0,0
late_2013_2016,-87,-275,-867695.3515658854,-2744072.068166804,98,1,1.924043782711029,0,0
late_2013_2016,-88,-275,-873683.612526192,-2743699.652522921,184,1,2.4858898197114474,0,0
late_2013_2016,-89,-274,-881416.7962145604,-2736342.208786741,2,1,2.174127139091492,0,0
late_2013_2016,-88,-274,-874951.092168513,-2738255.027571952,27,1,3.2255940862894064,0,0
late_2013_2016,-89,-275,-881018.7869537194,-2743315.4260144723,11,1,2.978876559257507,0,0
late_2013_2016,-88,-276,-878582.9316426801,-2751924.2520654052,6,1,2.7085878391265874,0,0
late_2013_2016,-89,-276,-881389.1122270542,-2752258.546345482,3,1,2.6517962977886196,0,0
late_2013_2016,-86,-275,-858417.5731891204,-2741880.2576738535,5,1,3.2037208347320556,0,0
late_2013_2016,-91,-288,-904047.4479829237,-2875410.8440488824,35,1,2.7977430391311646,0,0
late_2013_2016,-90,-288,-898921.3447063921,-2878506.441512525,2,1,2.786240624427796,0,0
late_2013_2016,-91,-289,-903053.9792384097,-2887432.3309080186,156,1,2.631584863185883,0,0
late_2013_2016,-90,-289,-898267.1498333638,-2887569.796935189,26,1,3.0986549758911135,0,0
late_2013_2016,-90,-290,-898848.2984444955,-2892917.7064835764,25,1,2.501945333480835,0,0
late_2013_2016,-91,-290,-902027.2329108706,-2892128.2851389516,46,1,2.470400595188141,0,0
late_2013_2016,-72,-264,-713784.2460684296,-2636291.3925287947,45,1,1.8428522863388064,1,0
late_2013_2016,-72,-265,-714399.6511063982,-2643178.3093726505,72,1,2.29013169002533,1,0
late_2013_2016,-73,-267,-726179.3120602791,-2662802.8747851434,13,1,1.789895178794861,1,0
late_2013_2016,-74,-267,-732982.2064735137,-2664814.1269212035,37,1,1.9938256058692931,1,0
late_2013_2016,-73,-265,-724769.0330135855,-2645084.539246988,13,1,2.2137770967483523,1,0
late_2013_2016,-73,-266,-724491.463028549,-2656343.39689274,20,1,1.9854915685653687,1,0
late_2013_2016,-72,-266,-715396.8914714082,-2653184.9713810245,15,1,1.9441689863204956,1,0
late_2013_2016,-73,-264,-724583.9522920825,-2638365.307493359,2,1,2.0438091468811037,1,0
late_2013_2016,-74,-266,-730979.6147639726,-2659571.5232771933,2,1,1.8775151090621949,1,0
late_2013_2016,-74,-264,-734626.1007855306,-2635795.418868348,2,1,1.8902367868423464,1,0
late_2013_2016,-74,-265,-737660.0457823918,-2644841.6240960658,1,1,2.0879371938705447,1,0
late_2013_2016,-75,-265,-745566.3985013092,-2649284.093525231,2,1,2.0111491527557375,1,0
late_2013_2016,-75,-266,-746119.6805450259,-2653554.876716852,1,1,2.0158666815757753,1,0
late_2013_2016,-76,-265,-750221.2156757293,-2648541.4918144345,1,1,2.005297824382782,1,0
late_2013_2016,-71,-266,-708816.4245920521,-2651872.984627515,1,1,2.3211730937957764,1,0
late_2013_2016,-71,-265,-707902.2074675596,-2647225.127770578,6,1,2.3743030605316164,1,0
late_2013_2016,-75,-269,-743018.3202088192,-2682476.825641715,14,1,2.042540577888489,1,0
late_2013_2016,-74,-268,-735963.5684741058,-2673917.419671774,4,1,2.4317230300903323,1,0
late_2013_2016,-73,-268,-729122.1483453237,-2673946.4979263097,2,1,1.7766065649986267,1,0
late_2013_2016,-71,-264,-709997.536180059,-2639615.0009375215,1,1,2.0905817375183107,1,0
late_2013_2016,-75,-267,-740931.5633751694,-2667145.7179044485,2,1,1.872569920539856,1,0
late_2013_2016,-72,-263,-713051.5233474585,-2629016.885387013,3,1,1.5773572483062746,1,0
late_2013_2016,-71,-263,-708098.1832536057,-2623576.7803590894,1,1,1.805935646533966,1,0
late_2013_2016,-74,-269,-738548.6314511821,-2686124.8337982893,2,1,1.7656654171943664,1,0
late_2013_2016,-75,-268,-740909.324809263,-2679676.5923701823,1,1,2.0888287534713745,1,0
late_2013_2016,-90,-284,-897340.7242727116,-2832473.5612227963,19,1,2.606909440517426,0,0
late_2013_2016,-91,-284,-903482.5906884543,-2830996.0298350453,12,1,3.13390948677063,0,0
late_2013_2016,-91,-283,-901398.0665404027,-2827772.837990567,12,1,3.1295954484939577,0,0
late_2013_2016,-90,-283,-897392.4810535426,-2826364.4662635764,17,1,3.0921437940597536,0,0
late_2013_2016,-89,-282,-885137.2363508418,-2816549.568521599,3,1,2.229463511943817,0,0
late_2013_2016,-88,-282,-871513.5548723298,-2819983.580065772,2,1,2.354965939044953,0,0
late_2013_2016,-88,-283,-872648.7792357532,-2826502.7890486047,8,1,2.462006655216217,0,0
late_2013_2016,-87,-282,-866079.9549567081,-2818711.802705452,6,1,2.4153596100807193,0,0
late_2013_2016,-87,-283,-864693.0487565788,-2825898.627382799,63,1,2.34597850561142,0,0
late_2013_2016,-86,-283,-858796.8167010635,-2823274.3606261057,7,1,2.6939694581031803,0,0
late_2013_2016,-87,-284,-863949.1649567379,-2833900.12084567,33,1,2.5802154307365424,0,0
late_2013_2016,-88,-284,-875187.3940793555,-2833989.193059469,12,1,2.434231380939484,0,0
late_2013_2016,-86,-282,-852183.3869835971,-2811496.2538712323,1,1,2.6989211535453803,0,0
late_2013_2016,-87,-281,-861758.5919090937,-2801822.139134079,1,1,3.005673700332642,0,0
late_2013_2016,-87,-285,-864249.9345024684,-2845179.149111364,24,1,2.513879319190979,0,0
late_2013_2016,-89,-283,-883927.3767063096,-2825418.9694483876,12,1,2.525725023269653,0,0
late_2013_2016,-85,-283,-843937.125012891,-2826936.5480190963,2,1,3.125237968444824,0,0
late_2013_2016,-85,-284,-845631.4636646789,-2838159.8054994857,7,1,2.544616586685181,0,0
late_2013_2016,-85,-285,-844389.4937680897,-2845570.2906848267,44,1,2.754855145454407,0,0
late_2013_2016,-84,-286,-837660.7544063994,-2851708.9438258233,5,1,3.408498955726624,0,0
late_2013_2016,-85,-287,-844638.2024543829,-2860735.8635824323,1,1,3.1527265644073488,0,0
late_2013_2016,-86,-288,-856033.2153330127,-2870504.793631792,2,1,2.4302130146026615,0,0
late_2013_2016,-86,-286,-856467.3203383932,-2857614.866627852,9,1,3.2850653362274174,0,0
late_2013_2016,-86,-285,-855113.4471106593,-2845103.617432163,13,1,2.6782186226844793,0,0
late_2013_2016,-87,-286,-865169.9878602228,-2855176.3283477426,19,1,3.2695891294479376,0,0
late_2013_2016,-85,-286,-845173.7333917674,-2853124.077808571,15,1,2.4325253767967228,0,0
late_2013_2016,-84,-285,-834481.3125928439,-2845218.412823826,3,1,2.7679233617782595,0,0
late_2013_2016,-83,-283,-826174.9870685328,-2829578.446326554,1,1,2.5359553198814395,0,0
late_2013_2016,-82,-283,-814800.7714557057,-2826156.7070296607,3,1,1.9987120280265809,0,0
late_2013_2016,-84,-280,-830909.8697073972,-2791190.7177233845,2,1,2.2453576302528386,0,0
late_2013_2016,-85,-281,-843723.9985486242,-2806183.130210817,1,1,2.414629148483277,0,0
late_2013_2016,-88,-285,-872500.7566524867,-2846476.851966041,5,1,2.8110346927642826,0,0
late_2013_2016,-89,-280,-881931.3448135993,-2799716.3365668356,1,1,2.7608020477294923,0,0
late_2013_2016,-88,-280,-874088.151596017,-2794093.602324307,1,1,3.1432153053283693,0,0
late_2013_2016,-87,-280,-867223.5500927467,-2798056.318712145,1,1,2.4020466246604926,0,0
late_2013_2016,-83,-286,-824208.8961864379,-2854691.7683734894,1,1,2.094130123615265,0,0
late_2013_2016,-83,-285,-825690.9409940182,-2849721.11576432,1,1,2.6290486321449285,0,0
late_2013_2016,-89,-284,-885462.9664913244,-2834131.39675048,1,1,2.4413633685112,0,0
late_2013_2016,-86,-287,-857755.3778253301,-2865020.536810019,36,1,2.704184717178345,0,0
late_2013_2016,-87,-287,-865332.8705801427,-2864154.1291950224,88,1,2.752083837509155,0,0
late_2013_2016,-88,-287,-873715.2147691578,-2863802.216394834,40,1,3.0480549774169923,0,0
late_2013_2016,-88,-286,-876415.5954441745,-2855371.4929624675,22,1,2.0826923694610597,0,0
late_2013_2016,-89,-287,-881021.9627663282,-2866254.0087772715,14,1,2.513542169094086,0,0
late_2013_2016,-88,-288,-875773.4939590513,-2875204.2168101035,83,1,2.3776974549293524,0,0
late_2013_2016,-88,-289,-873238.8704851989,-2882857.9400172085,4,1,2.6850678625106816,0,0
late_2013_2016,-78,-261,-778978.6752431367,-2608247.7343507498,83,1,2.5344138660430913,1,0
late_2013_2016,-78,-263,-775501.2796748487,-2621276.6653716727,22,1,2.688791021347046,1,0
late_2013_2016,-79,-262,-782239.2608666281,-2612911.8788656807,112,1,3.0343773603439335,1,0
late_2013_2016,-79,-261,-781714.6006530132,-2607585.6258669286,414,1,2.494634705066681,1,0
late_2013_2016,-78,-262,-776011.8577754901,-2614894.690726002,63,1,1.7416875648498535,1,0
late_2013_2016,-77,-262,-767133.8696073055,-2617601.3481709985,11,1,2.862206857681275,1,0
late_2013_2016,-77,-263,-768285.9520892288,-2620726.5289630056,5,1,3.215457735061646,1,0
late_2013_2016,-79,-263,-786795.2202323885,-2620859.8533495283,101,1,2.7653097620010376,1,0
late_2013_2016,-77,-260,-767615.550774006,-2593864.4557407536,25,1,2.146648225784302,1,0
late_2013_2016,-77,-261,-767388.4377885872,-2604767.485716261,8,1,2.658460640907288,1,0
late_2013_2016,-78,-260,-778541.1299082635,-2593068.224295166,75,1,1.5454555015563964,1,0
late_2013_2016,-79,-260,-781521.8195103772,-2594053.4517923137,128,1,2.342496174812317,1,0
late_2013_2016,-78,-258,-770580.6368760142,-2578705.9581984845,26,1,1.6941571125984192,1,0
late_2013_2016,-77,-258,-766392.1400827583,-2575552.7892730786,68,1,1.6970788164138793,1,0
late_2013_2016,-78,-259,-773165.2657357471,-2585712.9894033726,42,1,1.611714252948761,1,0
late_2013_2016,-82,-239,-812801.2353993924,-2384495.686237091,53,1,1.5456231560707092,0,0
late_2013_2016,-81,-239,-807677.1417240885,-2386679.5401831777,69,1,2.1471037263870243,0,0
late_2013_2016,-82,-240,-814742.9404242733,-2394341.6098999362,47,1,2.2514550313949586,0,0
late_2013_2016,-81,-240,-807213.4600216681,-2392683.0283328667,16,1,1.6356984734535216,0,0
late_2013_2016,-83,-240,-823457.5914660577,-2397535.1632376527,18,1,1.6194584360122681,1,0
late_2013_2016,-82,-238,-813561.3790447848,-2375943.274152102,118,1,2.003119809150696,0,0
late_2013_2016,-83,-239,-824220.0707201184,-2384666.981092403,3,1,1.5502259855270386,1,0
late_2013_2016,-84,-241,-831133.5134650683,-2409935.0906503797,1,1,2.4239260406494143,1,0
late_2013_2016,-83,-242,-824370.1831983699,-2413320.23870186,6,1,2.3220660943984988,1,0
late_2013_2016,-82,-243,-813617.2736540358,-2424021.4302941384,5,1,1.6229964351654054,1,0
late_2013_2016,-81,-243,-807355.3925013867,-2422394.428430597,6,1,1.7256479315757751,1,0
late_2013_2016,-81,-244,-805138.7982697384,-2430524.196895659,1,1,1.83715220785141,1,0
late_2013_2016,-81,-245,-801634.5973489354,-2441168.144397974,1,1,2.17814958190918,1,0
late_2013_2016,-80,-244,-796237.8407690598,-2431917.667298321,7,1,3.093801442146302,1,0
late_2013_2016,-80,-243,-797824.3190863793,-2425006.653044313,4,1,2.7651897678375246,1,0
late_2013_2016,-80,-237,-795016.3703346282,-2367144.737163174,44,1,1.516728542804718,0,0
late_2013_2016,-81,-237,-805140.3093833575,-2367162.751256535,102,1,2.2849801139831545,0,0
late_2013_2016,-80,-238,-794916.8761060007,-2372305.760683283,14,1,1.5179788098335265,0,0
late_2013_2016,-81,-238,-805755.8319269818,-2373078.0607944317,59,1,1.4578711948394776,0,0
late_2013_2016,-83,-220,-822518.5056794102,-2196794.739791656,31,1,2.2188361492156985,0,0
late_2013_2016,-84,-221,-831037.9696462288,-2207032.796968901,20,2,3.2212596902847292,0,0
late_2013_2016,-82,-221,-818712.4128481365,-2200994.5631673625,55,3,3.3095531034469605,0,0
late_2013_2016,-85,-222,-845445.2608001117,-2215849.4209095538,9,1,2.405423500061035,0,0
late_2013_2016,-83,-221,-827834.2238290444,-2205782.666824158,36,5,3.1502405710220343,0,0
late_2013_2016,-85,-221,-849363.4340011141,-2209704.35100919,25,1,2.268790761947632,0,0
late_2013_2016,-88,-224,-876310.78231364,-2232669.715058181,26,1,1.9811315712928772,0,0
late_2013_2016,-86,-223,-854746.1063668586,-2222835.4069551583,11,2,2.867027703285218,0,0
late_2013_2016,-94,-225,-932858.9621230221,-2246963.4923448563,9,1,3.5842409200668337,0,0
late_2013_2016,-87,-223,-867116.8419127861,-2226646.020755738,7,2,2.1635403141975402,0,0
late_2013_2016,-89,-224,-889243.6121428313,-2232015.265322447,20,1,2.4159809665679934,0,0
late_2013_2016,-91,-226,-904488.4211161884,-2251218.1521312892,5,1,2.1430226736068727,0,0
late_2013_2016,-90,-224,-897271.7229785209,-2232138.290915251,19,1,2.7500400285720827,0,0
late_2013_2016,-94,-227,-930339.6298379039,-2263900.9704593658,10,1,2.7683766126632694,0,0
late_2013_2016,-88,-222,-874361.5346358438,-2219931.828956425,2,1,nan,0,0
late_2013_2016,-92,-226,-916960.9566850272,-2252674.8642692617,17,1,2.233022673606873,0,0
late_2013_2016,-47,-227,-460073.24769241805,-2264701.057742417,1,1,1.5894659786224363,0,0
late_2013_2016,-93,-226,-925926.7459534287,-2255385.337876722,2,2,2.4490226736068728,0,0
late_2013_2016,-17,-210,-169984.98576379943,-2094427.0057976544,1,1,2.0690693159103395,0,0
late_2013_2016,-89,-223,-888702.6047200889,-2229036.4929685593,1,1,2.8048955173492436,0,0
late_2013_2016,-90,-275,-899306.9872064592,-2746076.6373393834,1,1,2.6852490119934087,0,0
late_2013_2016,-66,-208,-651635.9230689503,-2077166.2592116892,1,1,3.1883069400787356,0,0
late_2013_2016,-90,-240,-897794.3720076167,-2399064.1212139726,1,1,1.9903795499801635,1,0
late_2013_2016,-122,-237,-1212502.6595966779,-2363952.73905167,2,1,3.166998892784119,0,0
late_2013_2016,-126,-223,-1256283.5197331796,-2223024.74110952,1,1,3.146075193881988,0,0
late_2013_2016,-120,-230,-1195169.0605458766,-2294817.776589513,1,1,2.7422373285293586,0,0
late_2013_2016,-124,-226,-1232526.9583288375,-2251752.077096522,2,1,2.651838454246521,0,0
late_2013_2016,-123,-228,-1229158.6359087375,-2271873.886394292,1,1,3.340192323684693,0,0
late_2013_2016,-101,-253,-1009737.266302365,-2522066.140323162,1,1,2.7907993783950813,0,0
late_2013_2016,-44,-216,-435783.80329219985,-2151746.5229716897,1,1,1.854090524673462,0,0
late_2013_2016,-94,-281,-931535.4310009157,-2804483.5398293436,1,1,2.8247657046318055,0,0
late_2013_2016,-17,-212,-167840.3979987,-2118217.338219285,1,1,3.2382589702606204,0,0
late_2013_2016,-86,-274,-852098.7357120356,-2736956.945331186,1,1,2.9567526645660402,0,0
late_2013_2016,-85,-274,-844954.6364058561,-2737268.6561849862,2,1,2.6507096958160403,0,0
late_2013_2016,-85,-275,-842707.3279861042,-2741667.834329605,2,1,3.132270992279053,0,0
late_2013_2016,-84,-274,-837065.3818319609,-2735453.5897953957,14,1,2.576004385948181,0,0
late_2013_2016,-83,-273,-826390.2121346118,-2729529.962679714,2,1,2.3968681035041812,0,0
late_2013_2016,-83,-274,-828124.2072272623,-2733300.035799096,3,1,2.495045976638794,0,0
late_2013_2016,-84,-273,-832375.8462913339,-2727982.8474829854,5,1,2.7031554179191595,0,0
late_2013_2016,-89,-288,-880097.011088965,-2873678.9009023528,11,1,2.4929353861808776,0,0
late_2013_2016,-87,-288,-865339.2251582649,-2872072.5190972136,55,1,3.168162226676941,0,0
late_2013_2016,-87,-289,-869669.0128145136,-2880446.377328813,1,1,2.7274828619956972,0,0
late_2013_2016,-77,-259,-767292.9229200637,-2584200.339552083,14,1,1.5752006397247313,1,0
late_2013_2016,-76,-257,-755173.8706676193,-2568097.2316812277,8,1,2.3452575759887697,1,0
late_2013_2016,-76,-258,-758210.03814106,-2570839.6900472143,12,1,2.367834655761719,1,0
late_2013_2016,-77,-257,-763174.8406101761,-2569009.8453697693,9,1,1.6587356286048889,1,0
late_2013_2016,-79,-259,-785946.8294426501,-2585968.515076839,25,1,2.7039561882019045,1,0
late_2013_2016,-80,-260,-791565.9184211266,-2597263.0679285005,24,1,1.829471348285675,1,0
late_2013_2016,-81,-263,-801500.0028583382,-2623718.440860081,23,1,2.1293722105026247,1,0
late_2013_2016,-80,-263,-797078.7872313948,-2625105.298873314,41,1,2.66191765499115,1,0
late_2013_2016,-81,-262,-802188.7275845952,-2616526.917514616,10,1,2.174236288547516,1,0
late_2013_2016,-80,-264,-794947.6795169435,-2635293.4218938276,16,1,1.8778021154403686,1,0
late_2013_2016,-80,-262,-795623.286424735,-2614566.1528443694,18,1,1.6190812182426453,1,0
late_2013_2016,-80,-261,-793262.7413222309,-2603055.7393766255,24,1,1.956966232776642,1,0
late_2013_2016,-80,-259,-795407.1162042412,-2583269.2199727194,32,1,1.8576710538864136,1,0
late_2013_2016,-81,-259,-800963.7642046869,-2584163.514600565,3,1,1.7139008197784424,1,0
late_2013_2016,-81,-260,-801577.5005526436,-2594752.934135437,6,1,1.841753772735596,1,0
late_2013_2016,-80,-265,-796119.4473904052,-2644072.0144831426,62,1,2.0451631293296813,1,0
late_2013_2016,-80,-266,-792494.0985635612,-2654138.239700511,2,1,2.440280051231385,1,0
late_2013_2016,-81,-266,-802328.3691414676,-2650389.887298107,1,1,2.5743235864639287,1,0
late_2013_2016,-81,-265,-807468.6607419822,-2645041.358252875,11,1,2.44705020236969,1,0
late_2013_2016,-79,-264,-786771.1406415927,-2633009.8287419593,7,1,1.9765411729812623,1,0
late_2013_2016,-79,-266,-789053.0489415866,-2654218.415782541,1,1,2.3237635307312017,1,0
late_2013_2016,-82,-265,-811028.9730979019,-2646162.211112072,3,1,2.320618485450745,1,0
late_2013_2016,-80,-258,-793075.5460660966,-2577949.0027904687,10,1,1.79711754322052,1,0
late_2013_2016,-81,-258,-802294.1162943697,-2575303.406643162,3,1,1.6709826974868776,1,0
late_2013_2016,-82,-259,-818783.9419202051,-2584457.6490478218,13,1,2.470190152168274,1,0
late_2013_2016,-83,-259,-824657.6492913717,-2583243.1197591643,15,1,2.007490782260895,1,0
late_2013_2016,-83,-258,-825556.8871602454,-2577106.666538596,8,1,3.0136027269363406,1,0
late_2013_2016,-83,-257,-822233.938699186,-2564988.1394666135,6,1,1.7140783095359802,1,0
late_2013_2016,-82,-256,-817411.5612750418,-2558571.77147913,1,1,2.6952760858535765,1,0
late_2013_2016,-82,-257,-814220.108208843,-2560511.522638023,2,1,2.37721998167038,1,0
late_2013_2016,-81,-256,-807919.083032414,-2557331.510864079,1,1,2.3903213081359866,1,0
late_2013_2016,-81,-255,-809931.6063808734,-2540962.0712477565,1,1,2.7660189743041994,1,0
late_2013_2016,-82,-254,-817414.9497476154,-2535394.0807230473,2,1,1.91440522480011,1,0
late_2013_2016,-82,-253,-819234.3568503064,-2521217.9038143754,1,1,3.5803970394134526,1,0
late_2013_2016,-83,-252,-823201.2142004719,-2513341.6005981565,3,1,2.4659781751632694,1,0
late_2013_2016,-82,-251,-817947.5840933867,-2506886.0592987537,1,1,2.571387480735779,1,0
late_2013_2016,-84,-252,-832904.2485308931,-2518679.325549692,2,2,2.34801911687851,1,0
late_2013_2016,-84,-253,-833509.017814886,-2525341.7211909294,1,1,2.597941390037537,1,0
late_2013_2016,-85,-254,-842981.6859711086,-2536327.2829704457,7,1,2.286658207893372,1,0
late_2013_2016,-86,-256,-851644.8084273073,-2553395.8545646966,2,1,2.357650068283081,1,0
late_2013_2016,-85,-257,-844389.9384986466,-2563600.479984332,8,1,2.0859397826194765,1,0
late_2013_2016,-85,-256,-842886.4712140872,-2557175.550085171,15,1,2.740204821586609,1,0
late_2013_2016,-84,-256,-839144.2675755086,-2555859.2914243243,3,1,3.0077863769531255,1,0
late_2013_2016,-84,-255,-839250.3762939862,-2544043.3442969695,4,1,2.4776033229827883,1,0
late_2013_2016,-85,-258,-845064.6071555133,-2576695.7724720896,10,1,2.5692465648651126,1,0
late_2013_2016,-86,-258,-851229.4898407651,-2579990.972555518,1,1,2.6864155244827277,0,0
late_2013_2016,-85,-259,-841279.4363108105,-2582573.1661014706,2,1,1.794646364212036,1,0
late_2013_2016,-84,-260,-838172.5161132587,-2590471.3636074066,1,1,1.6671537480354308,1,0
late_2013_2016,-84,-259,-831063.8628998575,-2584959.34122172,7,1,1.9055197849273682,1,0
late_2013_2016,-83,-260,-824874.545092331,-2596456.6002460704,23,1,2.20986088848114,1,0
late_2013_2016,-83,-261,-822137.1090049288,-2604604.544987989,12,1,2.2701602053642276,1,0
late_2013_2016,-82,-261,-817484.6303055941,-2601533.254545197,4,1,2.3750599832534793,1,0
late_2013_2016,-83,-262,-822370.0963189763,-2614166.1180260032,4,1,1.8418067183494566,1,0
late_2013_2016,-83,-263,-820930.7438129657,-2620018.245025903,1,1,2.5651360960006717,1,0
late_2013_2016,-92,-284,-911733.7682596227,-2834262.639087481,7,1,2.6598654551506042,0,0
late_2013_2016,-89,-285,-885160.5015451063,-2840961.965831399,1,1,2.6386583690643315,0,0
late_2013_2016,-80,-236,-793278.3873887609,-2357733.9825071096,1,1,2.08796408367157,1,0
late_2013_2016,-81,-236,-804653.0144553203,-2358950.8618492424,5,1,1.4382077980041503,1,0
late_2013_2016,-82,-236,-811180.3379747771,-2358244.4879912436,3,1,1.4794599208831787,1,0
late_2013_2016,-82,-237,-811611.9238859168,-2366569.430512259,13,1,1.4711946244239809,1,0
late_2013_2016,-80,-239,-799668.4410801212,-2381090.261700183,1,1,1.9653359432220459,0,0
late_2013_2016,-81,-241,-809866.336591001,-2401034.2699008584,1,1,1.700580496311188,1,0
late_2013_2016,-83,-241,-823707.8738646192,-2404132.6699170046,19,1,1.538266260623932,1,0
late_2013_2016,-82,-241,-818548.9310958937,-2407486.958893436,17,1,1.8881486105918883,1,0
late_2013_2016,-81,-242,-804508.3612318063,-2416902.9105167007,7,1,2.382722411632538,1,0
late_2013_2016,-82,-244,-818714.9504188772,-2430963.006196618,1,1,2.062388776302338,1,0
late_2013_2016,-83,-243,-826650.6482062881,-2422727.503702849,2,1,1.8023950276374816,1,0
late_2013_2016,-83,-238,-824061.083204119,-2377119.143294546,10,1,1.909004149913788,1,0
late_2013_2016,-88,-249,-872241.3439208949,-2487898.323328205,33,1,3.042341938018799,1,0
late_2013_2016,-87,-249,-866208.6114989142,-2488750.826528862,2,1,2.305355883598328,1,0
late_2013_2016,-88,-250,-871572.7547757477,-2493907.070580859,45,1,2.75710346031189,1,0
late_2013_2016,-87,-250,-867055.3831741218,-2494112.6575464965,49,1,1.9772887349128723,1,0
late_2013_2016,-88,-251,-874113.0593512937,-2501792.593953521,27,1,3.0749675998687747,1,0
late_2013_2016,-89,-251,-885912.6924134883,-2507435.5321724764,18,1,2.286047707557678,1,0
late_2013_2016,-90,-251,-894236.5583184534,-2504811.904164542,22,2,2.492788973808289,1,0
late_2013_2016,-89,-252,-886979.5327038538,-2514277.7294381717,40,1,2.4230568609237673,1,0
late_2013_2016,-88,-252,-879876.5254765291,-2510915.832510382,1,1,2.1377177381515504,1,0
late_2013_2016,-90,-252,-891283.095245471,-2515578.0738913193,4,1,2.3632618060112005,1,0
late_2013_2016,-86,-251,-852566.4712725686,-2500658.454488717,4,1,2.359133256912232,1,0
late_2013_2016,-86,-250,-855463.0117047586,-2494476.3158622896,47,1,2.3042798376083375,1,0
late_2013_2016,-85,-250,-848974.4879088695,-2494322.025483625,9,1,2.31850691986084,1,0
late_2013_2016,-85,-249,-845981.5431546773,-2486971.4865537286,1,1,2.210988349914551,1,0
late_2013_2016,-86,-249,-856710.3411857634,-2487247.261420898,4,1,2.483408119678497,1,0
late_2013_2016,-83,-222,-829452.2465730645,-2211562.3834339976,11,1,2.2966407084465033,0,0
late_2013_2016,-93,-225,-927125.3449176033,-2242296.9410877624,6,1,2.5546233615875247,0,0
late_2013_2016,-88,-223,-874575.7339976317,-2223947.6703635454,2,1,2.876069976806641,0,0
late_2013_2016,-91,-224,-904590.8169770581,-2233901.252508074,1,1,2.3426838889122013,0,0
late_2013_2016,-97,-224,-962370.2349265135,-2239217.4443301857,1,1,2.3050226736068726,0,0
late_2013_2016,-92,-224,-913054.3664426854,-2239844.8656520844,3,1,2.930293600082398,0,0
late_2013_2016,-92,-225,-917142.7026924086,-2242034.274387598,1,1,3.003737406730652,0,0
late_2013_2016,-95,-224,-943216.7495477041,-2235960.265929848,2,1,3.149444500923157,0,0
late_2013_2016,-42,-217,-414208.28675385757,-2168508.8411354125,1,1,1.3592882556915282,0,0
late_2013_2016,-93,-276,-924854.3563789655,-2753549.8504408896,1,1,3.2889995136260985,0,0
late_2013_2016,-94,-287,-937131.7736018046,-2861990.885786563,1,1,3.030320345878601,0,0
late_2013_2016,-115,-241,-1142406.0224013259,-2407961.2430643737,1,1,2.632623114585876,0,0
late_2013_2016,-98,-288,-976556.9312558088,-2878553.332938701,1,1,2.5390226736068726,0,0
late_2013_2016,-119,-238,-1180505.2409271293,-2371092.01164943,1,1,2.602022673606873,0,0
late_2013_2016,-119,-229,-1189498.4048951396,-2282045.8583596647,1,1,3.2924740915298463,0,0
late_2013_2016,-94,-288,-937648.5551053556,-2874758.121950686,1,1,3.385524144649506,0,0
late_2013_2016,-115,-240,-1146178.3890327546,-2394702.1851567626,1,1,2.5053657588958744,0,0
late_2013_2016,-116,-227,-1155332.0770084802,-2268670.549101889,1,1,2.8307783331871033,0,0
late_2013_2016,-129,-222,-1287419.1668216446,-2213421.8667344153,1,1,2.575022673606873,0,0
late_2013_2016,-94,-275,-937632.9282078517,-2748299.2997481227,1,1,3.4822379837036133,0,0
late_2013_2016,-107,-268,-1066055.3701347464,-2673541.8561884463,1,1,4.005967761993408,0,0
late_2013_2016,-121,-227,-1206130.451049335,-2264488.5290266476,3,1,3.101235605716705,0,0
late_2013_2016,-110,-244,-1097559.3375265105,-2430870.7586408556,1,1,2.6771214265823366,0,0
late_2013_2016,-118,-236,-1177365.355989491,-2351490.337622285,1,1,2.705497217655182,0,0
late_2013_2016,-122,-227,-1215510.930299965,-2268884.303290844,3,1,2.7061891679763797,0,0
late_2013_2016,-125,-227,-1243900.879914539,-2267924.477277726,1,1,2.620022673606873,0,0
late_2013_2016,-31,-212,-300526.05276312854,-2111876.7011647522,1,1,1.5575519232749937,0,0
late_2013_2016,-30,-210,-290100.2244936502,-2099327.4142285287,2,1,2.4014974126815796,0,0
late_2013_2016,-30,-214,-293934.88923837803,-2133983.6651210785,1,1,68.65745003223421,0,0
late_2013_2016,-25,-211,-249857.08065844775,-2103517.721690595,1,1,1.66950207901001,0,0
late_2013_2016,-22,-211,-215844.40024074577,-2101771.701602459,1,1,1.32480801486969,0,0
late_2013_2016,-17,-213,-165168.6168642138,-2125778.623403728,1,1,3.0970226783752444,0,0
late_2013_2016,-84,-254,-837617.149371539,-2530915.646588564,1,1,2.222206630706787,1,0
late_2013_2016,-85,-255,-843108.5401383287,-2542121.824892491,4,1,2.850782020568848,1,0
late_2013_2016,-82,-260,-815195.2190479608,-2594736.6196696684,8,1,3.117053871154785,1,0
late_2013_2016,-81,-261,-800483.7144873186,-2601241.244893998,1,1,1.8829107069969175,1,0
late_2013_2016,-79,-265,-788599.7680904056,-2643375.5331026018,1,1,1.7974512629508972,1,0
late_2013_2016,-81,-264,-804746.518797112,-2631453.38393566,1,1,2.278853222846985,1,0
late_2013_2016,-91,-300,-907202.7362056888,-2993884.094484148,13,1,2.7842623982429506,0,0
late_2013_2016,-92,-298,-917893.4333126856,-2976910.8977156677,3,1,2.314022673606873,0,0
late_2013_2016,-93,-299,-925182.9754709103,-2987684.856232792,13,1,2.5390226736068726,0,0
late_2013_2016,-92,-300,-914169.8880720469,-2993895.7551989066,60,1,3.534774783134461,0,0
late_2013_2016,-94,-299,-932994.3598271465,-2987580.6077867625,15,1,2.4940226736068727,0,0
late_2013_2016,-93,-300,-924869.1548955623,-2993688.2910919823,24,1,2.5120226736068725,0,0
late_2013_2016,-93,-301,-923087.9990922904,-3004069.95523513,14,1,3.110200763463974,0,0
late_2013_2016,-92,-301,-918301.3207132008,-3003439.0499804514,23,1,2.602022673606873,0,0
late_2013_2016,-91,-301,-905366.9740922864,-3004702.76214523,10,1,3.8421861929893493,0,0
late_2013_2016,-90,-302,-897932.333502961,-3015331.4952664613,5,1,3.8471162276268007,0,0
late_2013_2016,-94,-300,-931670.353464979,-2991744.570477241,5,1,2.620022673606873,0,0
late_2013_2016,-90,-300,-893269.6919724062,-2994301.4361953535,6,1,2.711126568794251,0,0
late_2013_2016,-90,-299,-893310.1904278003,-2986173.182909388,16,1,2.5250129666328434,0,0
late_2013_2016,-91,-302,-903932.3181437075,-3013034.274061255,4,1,3.3488732633590703,0,0
late_2013_2016,-90,-301,-894479.8912542048,-3009991.6693858206,1,1,2.574643565654755,0,0
late_2013_2016,-95,-299,-943676.1330375287,-2980904.810589686,2,1,2.9864068052768706,0,0
late_2013_2016,-89,-299,-887290.6773096839,-2988280.145535561,14,1,2.613810039043427,0,0
late_2013_2016,-89,-300,-886132.0940729888,-2991636.10586823,3,1,2.4017868475914006,0,0
late_2013_2016,-91,-298,-902265.0257001774,-2979127.1290769875,1,1,2.996768557548523,0,0
late_2013_2016,-72,-269,-713016.9952416458,-2688596.312074423,3,1,2.299418142318726,1,0
late_2013_2016,-72,-270,-713470.8458174928,-2692746.574301239,23,1,1.9970050301551818,1,0
late_2013_2016,-71,-270,-709184.7662180961,-2692940.687094843,11,1,2.3108146233558653,1,0
late_2013_2016,-71,-269,-706471.9371069298,-2684795.2915512947,11,1,2.0578600182533267,1,0
late_2013_2016,-71,-268,-704804.405381555,-2678328.0797242546,13,1,1.8498487257957457,1,0
late_2013_2016,-73,-270,-724066.4905457298,-2697070.4479366094,26,1,1.9891376342773437,1,0
late_2013_2016,-73,-269,-723746.6339948651,-2688411.308799068,3,1,2.013620593070984,1,0
late_2013_2016,-73,-271,-724508.7521143537,-2701534.935629452,6,1,2.1270101013183593,1,0
late_2013_2016,-86,-217,-859006.060486398,-2160735.764827639,1,1,4.050358263015747,0,0
late_2013_2016,-33,-213,-328955.739870582,-2121242.9528873265,1,1,2.2673917407989506,0,0
late_2013_2016,-106,-246,-1058569.8216115437,-2456222.753086835,1,1,2.5547852282524115,0,0
late_2013_2016,-16,-214,-159791.49254595704,-2131045.3229060173,1,1,2.841032123565674,0,0
late_2013_2016,-95,-285,-949011.4699045032,-2844260.4747231603,1,1,2.5120226736068725,0,0
late_2013_2016,-95,-286,-946353.3066089407,-2855164.9609796405,1,1,2.8055007319450382,0,0
late_2013_2016,-120,-229,-1194930.8435900784,-2281419.625334382,1,1,2.7741717586517334,0,0
late_2013_2016,-74,-270,-732305.7809700356,-2698534.98158921,5,1,2.0921157112121582,1,0
late_2013_2016,-72,-271,-713775.9728826488,-2701068.309521854,2,1,2.032650200366974,1,0
early_2010_2012,-51,-299,-504333.65080115246,-2987021.5757377725,62,5,3.019439420700073,1,0
early_2010_2012,-52,-288,-512298.54031906725,-2870969.285312762,3,1,2.9221775779724126,1,0
late_2013_2016,-52,-287,-512290.39973459556,-2869981.024232924,4,1,2.696743172645569,1,0
early_2010_2012,-52,-287,-512290.2975278714,-2869980.9146523774,1,1,2.8317431726455693,1,0
early_2010_2012,-52,-298,-511724.7047406407,-2978982.894716613,12,1,3.517300958633423,1,0
early_2010_2012,-52,-299,-510574.9823970503,-2981662.658972257,9,2,3.304022678375244,1,0
late_2013_2016,-52,-298,-511617.76337099046,-2979108.891832006,5,1,3.826442123413086,1,0
late_2013_2016,-52,-299,-510502.4518038248,-2980614.8745302088,7,1,3.6460226783752443,1,0
early_2010_2012,-51,-288,-507054.32780774933,-2875066.2450231016,1,1,2.8452647180557253,1,0
late_2013_2016,-51,-299,-503227.87923413113,-2988668.3790526516,12,2,3.3045075216293336,1,0
late_2013_2016,-51,-288,-504470.05942774663,-2876321.8259583414,1,1,2.7067252016067505,1,0
early_2010_2012,-51,-300,-502467.1225595047,-2991453.7214587093,5,2,2.8501758098602297,1,0
late_2013_2016,-51,-289,-501830.62399861065,-2880122.9540506303,1,1,2.472960354804993,1,0
early_2010_2012,-51,-289,-501818.68546634866,-2880149.8138317764,1,1,2.526960354804993,1,0
late_2013_2016,-50,-300,-494424.19419046794,-2994648.6191977747,16,3,3.116305455207825,1,0
early_2010_2012,-50,-299,-497112.46046629804,-2989695.724470973,2,2,2.1066861038208007,1,0
early_2010_2012,-50,-300,-494712.6827660864,-2994305.845682665,80,3,2.954305455207825,1,0
late_2013_2016,-50,-289,-496698.6568710494,-2884396.85266762,3,1,2.1558642244338992,1,0
early_2010_2012,-50,-289,-496632.77318940434,-2883231.4631450674,3,1,2.400000587463379,1,0
late_2013_2016,-50,-288,-496618.609101074,-2874209.4379607737,1,1,1.6840226736068724,1,0
early_2010_2012,-50,-290,-496403.24901018204,-2894192.0624606013,1,1,1.6120226736068728,1,0
early_2010_2012,-50,-288,-496352.0907489658,-2874296.3530065417,1,1,1.8460226736068726,1,0
late_2013_2016,-50,-293,-495105.97071861714,-2927302.4308434427,1,1,3.4390226783752444,1,0
early_2010_2012,-49,-300,-488878.373899781,-2998494.3499320415,46,3,2.7200919809341433,1,0
late_2013_2016,-49,-300,-488845.48092494044,-2998252.5349823944,8,1,2.9450919809341434,1,0
early_2010_2012,-49,-301,-484085.4991973561,-3001380.2460972616,56,4,2.8732021369934087,1,0
late_2013_2016,-49,-301,-484179.2758332658,-3001241.3722318327,14,1,2.9902021369934086,1,0
early_2010_2012,-49,-303,-485723.65468992095,-3020134.929297,2,1,2.3556143026351934,1,0
early_2010_2012,-49,-299,-483775.7434725709,-2981391.967393309,1,1,1.7740226736068727,1,0
early_2010_2012,-48,-301,-474791.2740979472,-3004791.014642979,43,3,3.020290846824646,1,0
late_2013_2016,-48,-301,-473964.1571866322,-3004471.890315776,17,2,3.240888557434082,1,0
early_2010_2012,-48,-290,-478813.3586604676,-2895624.8498379053,10,1,3.377147254943848,1,0
early_2010_2012,-48,-303,-474315.4230566777,-3024772.190673545,2,1,1.4680226736068727,1,0
early_2010_2012,-48,-305,-477713.76332230796,-3040080.1195884645,3,1,3.2381281242370608,1,0
late_2013_2016,-48,-305,-477713.76332230796,-3040080.1195884645,3,1,3.346128124237061,1,0
late_2013_2016,-48,-300,-477022.1302387615,-2993067.5453158915,2,1,1.8010226736068726,1,0
early_2010_2012,-48,-302,-473286.0879184329,-3017122.238963604,1,1,1.4230226736068725,1,0
early_2010_2012,-47,-301,-467729.28506646416,-3007650.7976204865,29,2,2.980546350479126,1,0
early_2010_2012,-47,-291,-469877.8361730472,-2903928.6931409836,5,1,3.5290226783752443,1,0
early_2010_2012,-47,-305,-463177.36067363876,-3045233.1116483146,9,2,2.834827663421631,1,0
early_2010_2012,-47,-304,-464725.26454999094,-3035030.4413790526,15,1,1.7671852130889893,1,0
early_2010_2012,-47,-292,-465387.34756046004,-2916574.3885258734,2,1,3.5175343666076664,1,0
late_2013_2016,-47,-292,-465362.6731098094,-2915530.696341485,4,1,3.6777121963500976,1,0
early_2010_2012,-47,-302,-463231.7950007472,-3013940.7232455607,50,3,2.755429568290711,1,0
late_2013_2016,-47,-301,-467692.4043312176,-3008984.0510591865,2,1,3.1828881053924567,1,0
early_2010_2012,-47,-300,-467092.6861847485,-2991963.7857221067,2,1,2.694675132751465,1,0
early_2010_2012,-47,-303,-462859.95607360435,-3022659.7845628783,4,1,1.713665427684784,1,0
late_2013_2016,-47,-300,-466570.832227508,-2994119.3144034147,1,1,3.0793831033706667,1,0
late_2013_2016,-47,-302,-463555.36470645276,-3013729.0433459934,11,1,3.247934326171875,1,0
late_2013_2016,-47,-299,-462984.07405715855,-2984562.2893174887,1,1,3.5560226783752444,1,0
late_2013_2016,-47,-294,-462559.5302627506,-2935200.541583419,1,1,1.8820226736068726,1,0
early_2010_2012,-46,-303,-455956.09976964863,-3023700.006945852,78,2,3.1035701122283936,1,0
early_2010_2012,-46,-305,-453389.23552482505,-3043154.7670269962,64,3,2.2977642269134524,1,0
early_2010_2012,-47,-293,-460034.59808808705,-2923823.2939516306,1,1,3.3670226783752444,1,0
late_2013_2016,-47,-293,-460034.59808808705,-2923823.2939516306,1,1,3.6280226783752445,1,0
early_2010_2012,-46,-302,-457625.43547341716,-3018133.846234821,12,2,2.7053537988662724,1,0
early_2010_2012,-46,-304,-453280.67848112265,-3035077.5609814683,42,2,3.1787331981658937,1,0
late_2013_2016,-46,-302,-459394.7488312878,-3018020.4590184093,1,1,3.145961663246155,1,0
late_2013_2016,-46,-298,-458467.4462955783,-2979217.5272289217,1,1,2.1997817964553836,1,0
late_2013_2016,-46,-303,-455728.97932479286,-3023683.1833088854,28,4,3.283570112228394,1,0
early_2010_2012,-46,-293,-454049.1432574694,-2925105.074068293,4,1,2.300148035049439,1,0
late_2013_2016,-46,-294,-453951.45656714344,-2935051.336000359,5,1,3.5110226783752445,1,0
early_2010_2012,-46,-306,-453537.5743994247,-3051939.5877964497,3,2,2.3429843540191655,1,0
late_2013_2016,-46,-304,-452370.2018956052,-3035555.2180995764,15,2,3.2077903499603275,1,0
early_2010_2012,-46,-301,-452624.2303213704,-3008841.135207534,1,1,1.5670226736068724,1,0
early_2010_2012,-46,-294,-451263.65182489797,-2937069.5760638043,4,1,3.164296168327332,1,0
late_2013_2016,-46,-305,-451326.68194664206,-3040746.5729700956,9,1,3.1723392391204834,1,0
early_2010_2012,-46,-299,-451328.8645015917,-2989873.337611258,1,1,1.8640226736068726,1,0
early_2010_2012,-46,-295,-450298.7358042906,-2940545.8560629226,8,2,3.2320226783752446,1,0
late_2013_2016,-46,-293,-450417.06577858253,-2929988.8583773077,1,1,1.777831171989441,1,0
early_2010_2012,-45,-305,-442591.2275113452,-3046223.6862419527,65,2,3.1279162883758547,1,0
early_2010_2012,-45,-306,-447824.7919630008,-3052102.127890146,49,3,3.1060226783752443,1,0
late_2013_2016,-46,-295,-450117.21444407897,-2940272.2868597806,3,1,3.547022678375244,1,0
late_2013_2016,-45,-306,-448420.02177201293,-3052170.0482857265,23,1,3.4930226783752447,1,0
early_2010_2012,-45,-294,-449996.0069815029,-2936085.7632789016,1,1,2.3280796556472785,1,0
early_2010_2012,-45,-304,-445743.66909688915,-3036277.3740559923,11,1,1.7380226736068725,1,0
late_2013_2016,-45,-293,-449915.1790954249,-2924541.350559294,1,1,2.197022673606873,1,0
early_2010_2012,-45,-303,-449514.7483139754,-3023153.7477754056,2,1,1.7380226736068725,1,0
early_2010_2012,-45,-295,-444712.37762664875,-2944469.509170331,4,1,3.2770226783752445,1,0
late_2013_2016,-45,-305,-442280.62611581624,-3046320.325735256,14,2,3.4893367767333987,1,0
early_2010_2012,-45,-302,-445913.8281845779,-3016220.5731406114,3,2,1.7020226736068726,1,0
late_2013_2016,-45,-295,-443897.3822591208,-2944420.5118249357,5,1,3.5560226783752444,1,0
early_2010_2012,-45,-296,-442804.69008258014,-2955750.439547499,6,1,3.4309337654113774,1,0
late_2013_2016,-45,-296,-442722.8577567193,-2953932.0131673315,3,1,3.225504641532898,1,0
late_2013_2016,-45,-297,-441730.5877559035,-2963483.421940112,5,1,3.6820226783752443,1,0
early_2010_2012,-45,-297,-441687.3149379242,-2964743.5682610096,5,1,3.3670226783752444,1,0
late_2013_2016,-45,-302,-441543.34955416294,-3015204.246524513,1,1,1.9000226736068726,1,0
early_2010_2012,-44,-304,-434705.7262682126,-3036333.84775824,41,2,3.201270492553711,1,0
early_2010_2012,-44,-303,-433831.12231977785,-3025843.1306707263,7,2,1.8550226736068725,1,0
late_2013_2016,-44,-303,-439563.8297386957,-3020941.125954956,2,1,1.7290226736068728,1,0
late_2013_2016,-44,-298,-438054.59653734433,-2974224.7273041755,4,1,3.3670226783752444,1,0
late_2013_2016,-44,-305,-437373.60284327244,-3041953.0119862654,6,1,2.9984568176269533,1,0
early_2010_2012,-44,-306,-434578.46483505704,-3051238.2535968362,5,1,1.8507843499183654,1,0
early_2010_2012,-44,-309,-438171.5710716854,-3084967.4147956967,1,1,1.804508671283722,1,0
early_2010_2012,-44,-299,-435043.30142800405,-2985493.5105542457,7,3,3.5290226783752443,1,0
early_2010_2012,-44,-298,-437053.4575908561,-2976902.4555796883,3,2,3.459731351852417,1,0
early_2010_2012,-44,-300,-434514.65838808677,-2994390.0248850086,3,2,1.8736532907485963,1,0
late_2013_2016,-44,-299,-436221.6083823976,-2987100.347336754,2,1,3.0587147855758667,1,0
late_2013_2016,-44,-304,-435700.49991865986,-3038135.4235946266,10,1,3.424078485488892,1,0
early_2010_2012,-44,-301,-430768.49423573294,-3001241.831823379,1,1,2.2434052639007573,1,0
early_2010_2012,-43,-300,-427341.01009244274,-2993730.344843707,7,1,3.187174527168274,1,0
early_2010_2012,-43,-305,-426944.3575779157,-3046448.5743573736,9,1,1.7290226736068728,1,0
early_2010_2012,-43,-304,-428977.65495199163,-3031668.9942322415,21,2,3.126741258621216,1,0
early_2010_2012,-43,-303,-427191.63128368405,-3024744.787445835,29,2,3.35676131439209,1,0
early_2010_2012,-43,-302,-425241.7117979966,-3016219.305347985,25,2,3.4930226783752447,1,0
late_2013_2016,-43,-304,-429498.28254003194,-3032454.392294064,2,1,3.104492189407349,1,0
early_2010_2012,-43,-306,-426148.7463536749,-3051150.218997408,11,2,1.684713875770569,1,0
late_2013_2016,-43,-303,-425879.6650683773,-3023347.0168696106,5,1,3.357853397369385,1,0
late_2013_2016,-43,-301,-426990.56578893814,-3006598.5461024493,4,1,3.4115576000213625,1,0
early_2010_2012,-43,-301,-426475.76101166254,-3006636.8190284846,5,1,3.519557600021362,1,0
late_2013_2016,-43,-302,-424510.39651612163,-3018512.2511228747,12,1,3.5110226783752445,1,0
early_2010_2012,-42,-302,-418013.457759212,-3017053.9532268345,2,2,1.9990226736068726,1,0
early_2010_2012,-42,-306,-416751.81990041514,-3050052.1394328177,2,1,2.0298766803741457,1,0
early_2010_2012,-23,-299,-223589.54718160944,-2981325.3938524127,2,2,3.4223044204711917,1,0
early_2010_2012,-23,-305,-222761.15101038603,-3044440.7811730206,1,1,2.3371160411834717,0,0
early_2010_2012,-19,-297,-185982.79309215833,-2962117.2611046135,1,1,2.7758192472457885,1,0
early_2010_2012,-18,-295,-171696.7192971058,-2949487.2857961655,1,1,2.7334715509414673,1,0
early_2010_2012,-18,-296,-170794.01480280794,-2958862.092788905,1,1,3.350059242248536,1,0
early_2010_2012,-17,-294,-167901.78834709016,-2934048.93769145,1,1,3.527023988723755,1,0
early_2010_2012,-17,-295,-167791.44455953504,-2949828.855730027,1,1,3.797687425613404,1,0
late_2013_2016,-17,-296,-165684.4941595209,-2954970.280140102,1,1,3.451522617340088,1,0
early_2010_2012,-15,-298,-144591.1614276809,-2975800.9868188947,2,2,3.62595458984375,1,0
early_2010_2012,-15,-295,-143571.9022576908,-2947968.0239241123,1,1,2.465553888320923,1,0
late_2013_2016,-14,-298,-132669.06645519222,-2974603.8963932395,1,1,3.6600500354766847,1,0
early_2010_2012,-13,-301,-124104.3052589098,-3009008.089693427,1,1,3.504482069015503,1,0
early_2010_2012,-8,-303,-76965.87572509889,-3027132.634147465,1,1,3.5445355758666994,1,0
early_2010_2012,-8,-300,-74375.4803714729,-2998522.256211132,1,1,3.977340888977051,1,0
early_2010_2012,-6,-317,-56947.909604359425,-3168123.7989687026,1,1,3.3640799942016604,1,0
late_2013_2016,-5,-367,-40323.97299333646,-3664096.8522426784,1,1,3.306830591440201,0,0
early_2010_2012,-3,-302,-24768.173182724193,-3018760.6239123344,1,1,3.0052161540985107,1,0
early_2010_2012,-3,-303,-23730.67015830677,-3020030.925755769,1,1,3.2495744552612305,1,0
late_2013_2016,-2,-368,-17097.79050953056,-3674506.950635741,3,3,3.23413193321228,0,0
early_2010_2012,-1,-368,-7742.129887110782,-3671163.2388605773,6,1,3.6006631450653077,0,0
late_2013_2016,-1,-368,-7742.129887110781,-3671163.2388605773,7,1,3.816663145065308,0,0
early_2010_2012,-1,-302,-2672.841180674663,-3018380.383033693,1,1,2.8249867877960204,1,0
early_2010_2012,1,-366,13845.525848419249,-3654387.9868191183,1,1,3.235342526912689,0,0
early_2010_2012,10,-301,103339.48330942621,-3004576.122882575,6,1,2.232058921813965,0,0
late_2013_2016,10,-301,103339.4833094262,-3004576.122882575,1,1,2.250058921813965,0,0
early_2010_2012,10,-380,109019.31460289685,-3793431.6403579116,3,1,3.3532873725891115,0,0
late_2013_2016,10,-380,109019.31460289683,-3793431.6403579116,1,1,3.4612873725891116,0,0
early_2010_2012,11,-380,110975.5580771636,-3793405.2799911797,1,1,3.487829586029053,0,0
late_2013_2016,11,-380,110977.59713777747,-3793409.3191326857,1,1,3.649829586029053,0,0
early_2010_2012,11,-378,114030.00819705549,-3777752.534302503,2,2,3.3692425956726075,0,0
late_2013_2016,14,-289,140042.80117642405,-2882627.0553528666,1,1,3.2492437191009524,0,0
late_2013_2016,14,-288,149549.54243390757,-2873011.0297763348,1,1,2.000355365753174,0,0
late_2013_2016,20,-293,201252.61632850545,-2925325.600228081,12,1,3.109638233184815,0,0
early_2010_2012,20,-296,201732.90831306644,-2956962.167265177,1,1,3.010603734970093,0,0
early_2010_2012,20,-297,204705.14803923006,-2964176.7708869874,1,1,3.5724691276550296,0,0
late_2013_2016,20,-292,208577.61748991738,-2910740.5552425385,1,1,3.1388962059020997,0,0
early_2010_2012,21,-296,211653.71375118554,-2959469.721369505,1,1,2.269268750190735,0,0
late_2013_2016,25,-294,259852.9070236845,-2938669.013315141,1,1,3.7734731693267825,0,0
late_2013_2016,28,-282,286174.86099892465,-2815788.41826419,3,2,1.9089947633743287,0,0
late_2013_2016,29,-283,292498.3870512475,-2825874.859847039,3,2,2.1046757392883304,0,0
early_2010_2012,29,-281,297323.61480327236,-2807580.6359206736,2,1,2.965732170104981,0,0
late_2013_2016,29,-281,297323.61480327236,-2807580.6359206736,10,1,2.965636087417603,0,0
late_2013_2016,29,-280,299657.8765359915,-2797223.743877083,6,1,2.3309482860565187,0,0
late_2013_2016,58,-280,587021.6979135257,-2798018.922745675,1,1,2.323853061676026,0,0
late_2013_2016,60,-281,604909.7541152049,-2807144.407786146,10,3,1.7375308136940002,0,0
early_2010_2012,61,-283,612019.9137539971,-2824031.476525277,1,1,2.871165433883667,0,0
late_2013_2016,61,-265,617020.4937562608,-2641105.0312829316,1,1,2.487844069480896,1,0
early_2010_2012,62,-276,624321.6013423882,-2751167.9776129127,1,1,3.017730970382691,1,0
early_2010_2012,62,-283,627066.5499051345,-2820681.555016488,1,1,1.91207923412323,0,0
late_2013_2016,62,-283,627066.5499051345,-2820681.555016488,5,1,1.84907923412323,0,0
early_2010_2012,63,-283,635879.7674860604,-2823739.8321543173,20,2,2.523753052711487,0,0
early_2010_2012,63,-284,637082.2422593648,-2834111.013936421,47,4,2.4685107727050783,1,0
late_2013_2016,63,-284,632585.3709197802,-2831928.5002084374,1,1,2.431605904579163,0,0
late_2013_2016,63,-279,633988.0121712509,-2783516.5990968347,1,1,2.456297798156738,1,0
late_2013_2016,63,-283,635465.4692555716,-2827108.1468981006,3,2,1.7540325651168824,0,0
late_2013_2016,63,-265,634753.7124832094,-2649799.473065257,1,1,2.507679065704346,1,0
early_2010_2012,63,-285,637913.2224035205,-2842365.36157195,5,1,2.2775011587142946,1,0
early_2010_2012,63,-278,636439.988892372,-2778666.604652226,1,1,2.6983776979446414,1,0
late_2013_2016,63,-291,638615.5040622813,-2907493.614563352,10,3,2.5927496051788332,1,0
late_2013_2016,63,-292,639073.2244463381,-2913255.2760466537,6,2,2.819827165603638,1,0
early_2010_2012,63,-292,638408.188348244,-2912297.32915394,2,2,2.713101287841797,1,0
late_2013_2016,63,-278,638657.4770918842,-2774554.895894319,2,1,2.4918992567062377,1,0
early_2010_2012,63,-291,638477.8372933641,-2908305.117546191,3,2,2.318134586334229,1,0
late_2013_2016,63,-269,639090.3753011674,-2688642.0984461308,1,1,1.6159133410453796,1,0
late_2013_2016,64,-278,642861.6389402986,-2775933.360125524,5,1,2.3141966457366947,1,0
early_2010_2012,64,-284,644906.1434111241,-2836380.8367301323,30,1,1.6809227857589721,1,0
early_2010_2012,64,-285,643212.9350100188,-2843298.9179418734,35,1,2.4677714300155644,1,0
late_2013_2016,64,-291,640993.3446098033,-2903072.8582077445,15,1,2.496129571914673,1,0
late_2013_2016,64,-290,644409.6611347048,-2899085.3325006603,20,2,2.9424405422210693,1,0
early_2010_2012,64,-283,645876.0115875017,-2825166.719857356,17,1,2.9476839923858646,0,0
late_2013_2016,64,-284,640846.2502822026,-2837769.1868855953,1,1,1.6423842902183534,1,0
late_2013_2016,64,-292,645633.9865330253,-2913038.254037195,9,5,2.6047131748199464,1,0
late_2013_2016,64,-268,642521.559678352,-2670604.243497044,1,1,3.138575613021851,1,0
early_2010_2012,64,-290,643244.97067292,-2899510.3824626007,3,2,2.49795551109314,1,0
early_2010_2012,64,-292,646090.5731593987,-2913259.076871276,2,1,2.461740016937256,1,0
late_2013_2016,64,-267,644215.9994825119,-2669259.426169485,1,1,2.3132989673614506,1,0
early_2010_2012,64,-282,647382.0085734309,-2816489.7457995443,21,1,2.5649008312225345,0,0
late_2013_2016,64,-277,645135.1008781245,-2766591.413164586,1,1,1.7177048749923707,1,0
early_2010_2012,64,-268,646755.6369859293,-2670261.742166698,1,1,2.1105484561920167,1,0
late_2013_2016,64,-271,647258.4170666476,-2701052.6726579666,1,1,2.301567752838135,1,0
early_2010_2012,64,-281,647702.1654144796,-2809174.157449269,5,1,2.465624947547913,1,0
late_2013_2016,64,-285,649021.5303355375,-2845570.8573564887,1,1,1.8472374639511109,1,0
early_2010_2012,65,-281,652710.4421444872,-2806970.3355677384,7,1,2.4514776659011845,1,0
early_2010_2012,65,-284,652498.0356046874,-2836794.80034554,8,2,3.2444474887847905,1,0
early_2010_2012,65,-283,651916.1914784504,-2823812.133005931,13,1,2.9000866470336915,1,0
early_2010_2012,65,-285,651868.9323723377,-2844946.5014468133,13,2,1.769091890335083,1,0
late_2013_2016,65,-292,651482.5466161274,-2914762.1418034732,2,1,1.8086829280853272,1,0
late_2013_2016,65,-277,650804.7585575229,-2761955.828083545,1,1,2.3431858282089237,1,0
late_2013_2016,65,-291,657107.3357216519,-2906794.905392084,45,2,2.839820205688477,1,0
early_2010_2012,65,-288,653667.3493749793,-2874084.5052550696,8,3,2.523695471763611,0,0
late_2013_2016,65,-290,655051.1387916744,-2897842.5054000197,27,3,2.448881603240967,1,0
late_2013_2016,65,-288,655165.5447345407,-2873633.8993802187,18,3,2.5705293016433717,0,0
early_2010_2012,65,-282,652410.1997372021,-2813430.545014143,1,1,2.8027280626296998,1,0
early_2010_2012,65,-291,655603.6887098452,-2907032.656619658,3,1,3.0297796554565433,1,0
early_2010_2012,65,-278,652944.3308481163,-2777841.4305287004,6,1,2.4022779922485356,1,0
late_2013_2016,65,-278,653647.1734739194,-2777816.889462745,21,2,2.341915077209473,1,0
late_2013_2016,65,-286,656722.7249380376,-2852007.2757702945,22,2,1.599894649028778,0,0
late_2013_2016,65,-273,653436.6765104248,-2728688.4422819912,1,1,2.6573765439987183,1,0
late_2013_2016,65,-285,656352.1052744623,-2845594.404167655,31,2,1.8090832529067995,1,0
early_2010_2012,65,-286,655272.2482434225,-2852850.009489797,8,2,1.7337361798286437,0,0
late_2013_2016,65,-270,653898.6551763365,-2690662.4695517123,1,1,2.1092613143920897,1,0
late_2013_2016,65,-284,655717.6687952969,-2837744.2144704196,9,5,3.4033272724151615,1,0
early_2010_2012,65,-290,653880.567627394,-2898283.8229828775,2,1,2.539545764923096,1,0
late_2013_2016,65,-269,656426.4482241253,-2684741.410803745,3,1,2.727427773475647,1,0
late_2013_2016,65,-293,657526.6020175093,-2920886.424807541,4,1,2.7917041873931887,1,0
late_2013_2016,65,-283,656428.4199649886,-2822081.0967273116,1,1,3.266739665985108,1,0
early_2010_2012,65,-293,658802.4014157401,-2921423.0804305375,1,1,2.4449335203170777,1,0
late_2013_2016,66,-291,665115.0052821233,-2904281.282362617,22,2,2.2002478303909303,1,0
late_2013_2016,66,-285,660511.2824499747,-2848278.249792,6,1,2.0418109693527224,1,0
late_2013_2016,66,-290,664510.5793185908,-2895406.839963732,14,1,3.2089885406494143,1,0
early_2010_2012,66,-277,660570.6137388019,-2766459.719540179,1,1,1.8036016416549683,1,0
late_2013_2016,66,-286,662828.2889471379,-2852250.788431463,11,1,2.9107067813873293,1,0
early_2010_2012,66,-274,661218.065282626,-2739189.961649984,1,1,3.2644836730957034,1,0
late_2013_2016,66,-274,663185.1155604231,-2736031.7051633745,4,2,2.4994987354278564,1,0
late_2013_2016,66,-284,663870.954163711,-2835346.804017037,3,1,2.430498805046082,1,0
late_2013_2016,66,-295,666435.5092299014,-2945852.231527085,6,3,3.5129067223519086,1,0
late_2013_2016,66,-287,666693.9912406101,-2866385.9849871257,19,4,2.513067122459412,0,0
early_2010_2012,66,-286,662756.104552672,-2851137.1223907173,3,2,3.1058245029449463,1,0
late_2013_2016,66,-275,663540.3655259196,-2744602.9294911325,1,1,2.8246799869537353,1,0
late_2013_2016,66,-270,665989.5145349754,-2694125.1213786723,5,1,3.0441171588897706,1,0
early_2010_2012,66,-275,664306.2379708514,-2749530.0283395946,1,1,2.280588742256165,1,0
late_2013_2016,66,-276,665078.0401826709,-2751927.391386986,1,1,1.9976895322799681,1,0
late_2013_2016,66,-293,668881.0093458326,-2925600.03159778,16,2,3.1049135093688967,1,0
late_2013_2016,66,-289,667440.3689797025,-2888202.2985518277,2,2,1.9039457435607912,0,0
late_2013_2016,66,-278,667241.3341921698,-2777549.1943995357,1,1,2.346041702270508,1,0
late_2013_2016,66,-294,667488.6071186244,-2934703.391330769,3,1,2.8525785865783693,1,0
early_2010_2012,66,-288,667709.126164579,-2871280.9374070764,1,1,2.921799291610718,0,0
early_2010_2012,66,-293,668607.9805828807,-2926986.315030376,3,2,3.2886886558532717,1,0
early_2010_2012,66,-272,668911.2186113005,-2714089.243022442,1,1,2.388026038169861,1,0
late_2013_2016,66,-272,668911.2186113005,-2714089.243022442,1,1,2.271026038169861,1,0
early_2010_2012,66,-287,669102.7082338639,-2864602.0592564344,3,2,3.0322873420715335,0,0
late_2013_2016,67,-276,670701.791152371,-2752197.5958835906,7,2,2.501866774559021,1,0
late_2013_2016,67,-288,670047.5990550496,-2873864.4113598764,1,1,2.6931368637084963,0,0
late_2013_2016,67,-290,676923.4623641627,-2894630.70760735,20,2,3.406202438354492,1,0
late_2013_2016,67,-291,673972.0656564817,-2907619.061685837,9,2,2.379264758110047,1,0
early_2010_2012,67,-276,670889.2281595941,-2751457.879997611,1,1,2.656051780700684,1,0
late_2013_2016,67,-294,674826.9250541755,-2937120.2394157797,2,2,2.747831192016602,1,0
late_2013_2016,67,-277,673385.4546768415,-2763696.651483439,4,2,3.1202693443298344,1,0
late_2013_2016,67,-293,675180.985955797,-2923468.9616754414,10,3,2.516200697898865,1,0
late_2013_2016,67,-284,673896.8754261986,-2831341.2704144698,15,2,2.7922224225997927,1,0
late_2013_2016,67,-286,672786.1456647743,-2858891.2625350207,2,1,2.3300799856185916,1,0
late_2013_2016,67,-292,673403.6113292413,-2916651.263518897,10,1,3.2593841781616213,1,0
early_2010_2012,67,-286,671958.3569166219,-2852481.017380446,1,1,61.200210022926335,1,0
early_2010_2012,67,-284,673255.4494920288,-2831087.0545147657,1,1,2.5529533252716066,1,0
early_2010_2012,67,-292,673198.2643928495,-2919395.754930705,1,1,3.4611509170532226,1,0
late_2013_2016,67,-278,675921.6647110187,-2773581.9315029085,4,2,2.9259940185546878,1,0
early_2010_2012,67,-277,673781.8406549679,-2768813.872899264,1,1,3.371251714706421,1,0
late_2013_2016,67,-287,675696.1230919721,-2866648.298687266,16,3,2.8243624897003174,1,0
late_2013_2016,67,-285,675838.648755,-2848364.316892326,1,1,2.3950005702972414,1,0
late_2013_2016,67,-283,676862.0234461831,-2828885.8660372086,8,1,3.4651587162017825,1,0
early_2010_2012,67,-287,675856.7670388309,-2866540.1103265486,3,1,2.9773624897003175,1,0
late_2013_2016,67,-282,678061.7448372825,-2814046.031903386,2,1,3.0054462680816654,1,0
late_2013_2016,67,-295,678374.2159809942,-2941487.71069324,1,1,55.53284277915955,1,0
late_2013_2016,67,-279,679013.6776759506,-2782092.9836040735,1,1,2.6387975749969486,1,0
early_2010_2012,67,-290,679073.9498104695,-2893988.3963890374,3,1,3.373913383483887,1,0
early_2010_2012,68,-275,680090.0627145044,-2746835.929802388,1,1,2.453057546615601,1,0
late_2013_2016,68,-275,680090.0627145044,-2746835.929802388,1,1,2.390057546615601,1,0
late_2013_2016,68,-292,685044.4651498335,-2913487.5378223658,2,1,2.889998468399048,1,0
late_2013_2016,68,-287,681855.8334945389,-2864053.936167985,1,1,2.2817377281188964,1,0
late_2013_2016,68,-279,685698.1643078623,-2787302.061270038,9,1,3.0278287792205814,1,0
late_2013_2016,68,-283,686675.979825089,-2827892.1094236947,12,2,3.0060130615234377,1,0
early_2010_2012,68,-294,684494.7325013261,-2935478.7724090815,1,1,2.08568895816803,1,0
late_2013_2016,68,-294,687326.2553413938,-2934418.863017299,21,3,2.400103214263916,1,0
late_2013_2016,68,-282,688016.163360296,-2812080.263263157,10,2,2.5615399045944214,1,0
late_2013_2016,68,-280,685340.324690253,-2791568.4500518045,3,1,2.764317134857178,1,0
late_2013_2016,68,-289,687043.6851081898,-2888883.875306984,3,1,2.998533838272095,1,0
late_2013_2016,68,-285,687042.3078557884,-2841513.0510448813,1,1,1.7288583312034607,1,0
early_2010_2012,68,-291,687568.6164538347,-2907456.076118231,1,1,2.4182906246185305,1,0
late_2013_2016,68,-291,687568.6164538347,-2907456.076118231,1,1,2.3912906246185304,1,0
late_2013_2016,68,-281,688689.8655467194,-2802787.589000076,1,1,2.6635549755096437,1,0
early_2010_2012,68,-292,688383.4750801418,-2918208.3208426535,1,1,1.8291404705047607,1,0
late_2013_2016,68,-288,689190.6376934332,-2878400.6063030064,1,1,2.3504188919067386,1,0
late_2013_2016,69,-280,692853.5561277418,-2794458.9995399714,2,1,2.7250704498291016,1,0
late_2013_2016,69,-283,692717.4101004906,-2827242.3593490124,20,3,2.8680907917022704,1,0
late_2013_2016,69,-282,691361.0318013957,-2818020.794083039,6,1,2.345890051841736,1,0
late_2013_2016,69,-285,694694.8585553819,-2844456.3673082436,31,2,2.16471391582489,1,0
early_2010_2012,68,-321,689655.7011290226,-3202148.877628267,3,1,3.008078495025635,0,0
late_2013_2016,68,-321,689655.7011290226,-3202148.877628267,9,2,3.080078495025635,0,0
late_2013_2016,69,-290,693710.8088771694,-2893450.020286876,5,2,3.0918906955718994,1,0
early_2010_2012,69,-292,691713.2455004847,-2916497.8891170323,2,1,2.67690606212616,1,0
late_2013_2016,69,-292,692130.2964515503,-2916987.0650544763,7,3,2.82090606212616,1,0
late_2013_2016,69,-289,693609.5082212867,-2882402.228042625,4,1,2.538960638999939,1,0
late_2013_2016,69,-288,696688.7643304156,-2878487.761673385,5,1,2.5103631706237794,1,0
late_2013_2016,69,-284,695177.0907303998,-2830848.8802117347,10,1,2.8765031929016116,1,0
late_2013_2016,69,-293,694776.8838018789,-2925989.3667698056,2,1,2.4850003452301026,1,0
early_2010_2012,69,-285,695058.7081205117,-2844277.739383042,3,1,2.3807139158248902,1,0
late_2013_2016,69,-286,696061.3944136018,-2852472.6937701926,8,3,2.612065043449402,1,0
late_2013_2016,69,-294,698458.30510606,-2932323.4374783337,1,1,68.91081457138061,1,0
late_2013_2016,69,-287,699712.9792442132,-2864761.617737323,3,1,2.97602848815918,1,0
late_2013_2016,70,-287,702312.5740386527,-2866637.4523835853,8,2,2.5432454042434696,1,0
late_2013_2016,70,-290,706485.8195103172,-2894196.990120962,45,3,2.1630997524261475,1,0
early_2010_2012,70,-281,700786.5916127107,-2806180.68643564,1,1,2.4973458375930786,1,0
late_2013_2016,70,-281,700791.729650503,-2806175.649060478,3,1,2.353345837593079,1,0
late_2013_2016,70,-288,703575.3846312689,-2872733.5358587843,7,2,3.488968252182007,1,0
late_2013_2016,70,-283,704993.4697300203,-2827591.936007978,25,3,1.6871418952941895,1,0
late_2013_2016,70,-294,705207.4697530505,-2933990.9500920707,23,4,3.2297476596832277,1,0
late_2013_2016,70,-293,705759.2993198334,-2924335.661826903,27,3,1.8872342004776002,1,0
late_2013_2016,70,-284,705418.2826195826,-2835061.046559326,22,3,2.416185392379761,1,0
late_2013_2016,70,-282,702587.3893251376,-2815895.1712132096,1,1,2.622445338249207,1,0
late_2013_2016,70,-291,707252.416088573,-2905344.1090414966,23,2,2.7624837322235107,1,0
late_2013_2016,70,-292,704552.6948460564,-2918809.884173729,69,2,2.529392367362976,1,0
early_2010_2012,70,-292,702878.4736302358,-2919494.129045218,2,1,2.3222307891845704,1,0
early_2010_2012,70,-284,705057.5347508487,-2835046.125380695,1,1,2.722185392379761,1,0
early_2010_2012,70,-293,705437.0421506651,-2921649.3169091344,1,1,2.140890448570252,1,0
late_2013_2016,70,-289,708253.6289841466,-2886687.679479758,3,1,1.6972114505767821,1,0
early_2010_2012,70,-290,707529.0496259368,-2893833.593321398,4,2,1.8845142784118651,1,0
late_2013_2016,71,-284,712753.4729484991,-2835214.445488043,8,2,3.05161110496521,1,0
late_2013_2016,71,-293,711087.2141709367,-2923518.834900971,65,2,2.536738958358765,1,0
late_2013_2016,71,-291,710605.6135828998,-2901202.976718965,11,2,2.8611192827224734,1,0
late_2013_2016,71,-292,711896.1996662536,-2917172.812616994,12,1,2.7857294836044315,1,0
early_2010_2012,71,-291,710623.5285549964,-2901386.0922846794,1,1,2.7531192827224733,1,0
late_2013_2016,71,-283,711565.8217343634,-2828868.041216746,2,1,2.5363397989273073,1,0
early_2010_2012,71,-293,711015.3533523085,-2923366.670314213,9,2,2.608738958358765,1,0
late_2013_2016,71,-290,710990.6234293123,-2896359.889935553,2,1,1.8351680698394774,1,0
early_2010_2012,71,-292,712371.9721468921,-2919027.851268947,1,1,2.786990261077881,1,0
early_2010_2012,74,-323,744613.259880019,-3223189.3536470532,3,2,3.019291000366211,0,0
early_2010_2012,74,-321,743903.2918504142,-3209006.837093979,1,1,2.0805670579969884,0,0
early_2010_2012,74,-322,744700.1503729258,-3210600.9146893322,6,1,2.672778202056885,0,0
late_2013_2016,74,-322,744700.1503729258,-3210600.9146893322,4,1,2.762778202056885,0,0
early_2010_2012,71,-254,715650.9934725324,-2535335.7070066333,2,1,1.8624139919281006,0,0
early_2010_2012,73,-234,734512.7394998549,-2338181.454497963,1,1,2.328395965576172,0,0
early_2010_2012,73,-236,732829.3892767029,-2358229.0141060054,1,1,2.8162383060455323,0,0
early_2010_2012,46,-258,466674.42883023457,-2573467.469494194,1,1,2.927042032241822,0,0
early_2010_2012,67,-257,676039.3129452147,-2562109.8840636015,1,1,2.1071073474884034,0,0
early_2010_2012,66,-255,669152.360220431,-2547236.666075001,3,1,2.46663321018219,0,0
early_2010_2012,73,-251,738141.8656966784,-2504131.4266027114,3,1,3.0880226783752445,0,0
early_2010_2012,74,-250,742503.1080416136,-2494054.8449901193,2,1,2.658020542144776,0,0
early_2010_2012,74,-249,745456.9046408463,-2489852.2036991715,1,1,2.3352827825546267,0,0
early_2010_2012,67,-254,679803.5386827297,-2538230.396175921,2,1,1.3240226736068725,0,0
early_2010_2012,68,-255,685661.3338329378,-2542151.1017061174,3,1,1.4140226736068726,0,0
early_2010_2012,67,-256,676050.7826477909,-2555755.3582247994,3,1,2.641384948730469,0,0
early_2010_2012,69,-256,696772.7330742567,-2554692.9357132763,2,1,2.962367344856262,0,0
early_2010_2012,74,-251,746421.6390846862,-2500367.736808926,1,1,2.6668437652587893,0,0
early_2010_2012,68,-254,683297.4114220095,-2537883.5062327534,2,1,1.3690226736068725,0,0
early_2010_2012,67,-255,674926.4654385676,-2545222.933295384,2,1,2.109286473274231,0,0
early_2010_2012,68,-253,681563.2915478653,-2525653.113885224,1,1,1.6802136507034302,0,0
early_2010_2012,66,-256,669875.8216084009,-2551696.0429172516,1,1,2.1082374057769777,0,0
early_2010_2012,68,-257,688909.4038953327,-2560332.3285996616,1,1,2.2603243217468263,0,0
early_2010_2012,72,-252,729373.2382961173,-2518487.5176054835,1,1,1.9773295516967775,0,0
early_2010_2012,72,-239,721273.697582914,-2383277.9559029937,1,1,1.9808146228790282,0,0
late_2013_2016,72,-251,726107.4092669974,-2505097.832080275,2,1,1.8432056312561034,0,0
late_2013_2016,73,-251,736482.0597946487,-2503819.5828652857,5,1,2.5757813358306887,0,0
late_2013_2016,75,-250,751773.5131438846,-2493544.792754814,4,1,2.5984985961914067,0,0
late_2013_2016,74,-250,747925.7525370137,-2499531.329674691,1,1,2.679524034500122,0,0
late_2013_2016,71,-254,713516.3928164911,-2534837.8090623617,3,1,1.3150616550445557,0,0
late_2013_2016,69,-253,699322.4560879089,-2524913.1623127162,2,1,1.5716980590820313,0,0
late_2013_2016,68,-253,683965.4235736494,-2524991.626197326,5,1,1.363166663169861,0,0
late_2013_2016,67,-255,673505.2937208418,-2544364.059750572,4,1,2.522232409477234,0,0
late_2013_2016,68,-257,684654.880330003,-2567422.3696166575,1,1,2.629843801498413,0,0
late_2013_2016,68,-256,688457.2412637636,-2559191.9628139436,1,1,2.1217596063613895,0,0
late_2013_2016,68,-255,685916.934593095,-2544087.8408683836,1,1,1.3780226736068724,0,0
late_2013_2016,68,-254,684366.8679839997,-2538799.2365621426,3,1,1.2520226736068725,0,0
late_2013_2016,65,-255,659973.345981316,-2545484.911999792,1,1,2.130455785751343,0,0
late_2013_2016,66,-255,668738.3781105491,-2547743.6383524463,4,1,2.51163321018219,0,0
late_2013_2016,67,-257,676073.5364266817,-2563073.1552379727,1,1,1.9091073474884033,0,0
late_2013_2016,67,-256,673705.5772137697,-2557996.519077897,2,1,2.738068063735962,0,0
late_2013_2016,70,-254,708241.6629060176,-2532674.868951574,2,1,1.4050226736068725,0,0
late_2013_2016,67,-258,675428.6609832013,-2570909.440631151,1,1,2.07926250743866,0,0
late_2013_2016,67,-254,674815.3463850454,-2536953.4364745617,4,1,1.5937069449424743,0,0
late_2013_2016,70,-255,705836.8651258115,-2544646.8095776737,1,1,2.114109581947327,0,0
late_2013_2016,67,-253,679862.7053971785,-2527254.867254287,1,1,1.74208887386322,0,0
late_2013_2016,72,-253,724122.7121451811,-2529609.914765328,1,1,2.4383920164108277,0,0
late_2013_2016,74,-236,744832.5777204784,-2356308.741022289,2,1,1.8262231874465942,0,0
late_2013_2016,70,-253,703134.3375954585,-2529310.1829696,1,1,1.4230226736068725,0,0
late_2013_2016,69,-252,693012.793201469,-2512882.97374925,1,1,1.3228224124908448,0,0
late_2013_2016,66,-256,668310.2060838136,-2551215.8817622066,1,1,2.395126504898071,0,0
late_2013_2016,68,-252,687670.3732040047,-2517495.9981772304,1,1,1.3554168176651,0,0
late_2013_2016,73,-236,737562.6492475367,-2351078.874186635,1,1,2.059322582244873,0,0
late_2013_2016,73,-238,730417.0443154748,-2378256.2303518057,1,1,2.567395408630371,0,0
late_2013_2016,70,-247,707109.16293983,-2463636.9295525253,1,1,1.8039198646545411,0,0
