year,scenario,from_core,to_core,previously_primary_eligible,stored_path_km,stored_cost_raw,total_m,outside_m,old_missing_m,new_missing_m,partial_below95_m,comparable_m,above5pct_m,old_integral_comparable,new_integral_comparable,abs_delta_integral,signed_integral_change_percent_comparable,absolute_integral_change_percent_comparable,max_cell_change_percent_on_line,complete_candidate_coverage,pct_line_above5pct_change
2012,veg_low,1,9,unknown,99.69848480984201,130765.1953125,99698.48480982217,0.0,0.0,0.0,0.0,99698.48480982217,4414.213562375111,130765.19748251804,131213.86445345115,1588.3472819930803,0.34310885432120575,1.2146559731272735,9.21586221795536,True,4.4275633383951165
2012,veg_low,1,13,unknown,209.10764773832616,299824.71875,209107.6477379388,0.0,0.0,0.0,0.0,209107.6477379388,7242.640687112396,299824.72748564987,300471.9024227671,3249.7462196932315,0.21585108824895283,1.0838819889692954,9.21586221795536,True,3.4635943570027306
2012,veg_low,1,17,unknown,238.84062043357122,343070.59375,238840.62043351846,0.0,0.0,0.0,2207.106781191148,238840.62043351846,21242.640687117775,343070.5814553042,345400.7955546651,5735.599862567015,0.6792229428347341,1.6718425223860995,10.189725879833809,True,8.89406527606584
2012,veg_low,9,13,yes,25.970562748475228,48074.64453125,25970.56274842892,0.0,0.0,0.0,0.0,25970.56274842892,1414.2135623688166,48074.64219663965,48158.01516200025,316.24650586363634,0.1734239955849981,0.6578239408836235,6.123303061618714,True,5.445448279530904
2012,veg_low,9,17,yes,56.242640687126574,87441.890625,56242.64068712859,0.0,0.0,0.0,0.0,56242.64068712859,4.662546565333392e-09,87441.89210637516,87681.29099043983,678.288715036681,0.2737805396221704,0.7757022391641828,5.20119637105031,True,8.290056278243776e-12
2012,veg_low,13,17,unknown,98.4264068711922,147888.671875,98426.40687115249,0.0,0.0,0.0,0.0,98426.40687115249,3414.213562395085,147888.6686108653,148607.97774213037,1161.210600290931,0.48638556153193235,0.7851924093970899,15.126731181920954,True,3.4687983346425977
2012,veg_low,17,24,yes,32.485281374242795,52801.19921875,32485.281374235477,0.0,0.0,0.0,0.0,32485.281374235477,1207.106781195594,52801.200842809,53176.01001565044,637.0989649664139,0.7098497133753989,1.2065993856145045,8.097185283463137,True,3.7158575518849193
2012,veg_low,18,24,unknown,9.41421356237589,22467.802734375,9414.21356237589,0.0,0.0,0.0,0.0,9414.21356237589,0.0,22467.80193502424,22583.234504816453,163.73493426478595,0.51376885965988,0.7287536837751161,2.3931146244479393,True,0.0
2012,veg_low,18,28,yes,153.485281374241,209505.84375,153485.2813742384,0.0,0.0,0.0,0.0,153485.2813742384,1000.0000000000044,209505.84596220145,209633.97802171385,2182.6693902644624,0.061159180987968575,1.0418178930712294,5.775947415086429,True,0.6515282710149486
2012,veg_low,18,33,yes,117.98275605730149,158444.484375,117982.75605725407,0.0,0.0,0.0,0.0,117982.75605725407,1207.1067811859043,158444.4765879912,158942.9252310123,1222.2037179519248,0.3145888413120579,0.7713766640979631,5.001775241061397,True,1.023121362413441
2012,veg_low,24,28,yes,21.00000000000093,27858.130859375,21000.00000000093,0.0,0.0,0.0,0.0,21000.00000000093,1000.0000000000011,27858.131241084353,27928.843220561084,239.47815470583902,0.2538288690823842,0.8596346705146671,7.969620292514519,True,4.761904761904557
2012,veg_low,24,33,yes,39.69848480983674,51936.62109375,39698.48480981519,0.0,0.0,0.0,0.0,39698.48480981519,0.0,51936.62152229759,52203.37895774515,344.6845630909935,0.513621078207871,0.6636638136791637,2.8465745850398556,True,0.0
2012,veg_low,24,38,yes,105.14213562373003,145074.6875,105142.13562371816,0.0,0.0,0.0,0.0,105142.13562371816,2000.0000000000036,145074.69444550877,145482.41456287127,1460.6716732896352,0.2810415137669997,1.00684111648312,6.630329931197797,True,1.9021869663724424
2012,veg_low,26,27,yes,109.69848480983676,205608.328125,109698.4848097779,0.0,0.0,0.0,0.0,109698.4848097779,3000.0000000000355,205608.32450806376,206381.7717162683,2269.2859002283903,0.3761750454681634,1.103693591034244,8.881042735552063,True,2.7347688577487377
2012,veg_low,26,31,yes,24.31370849898871,45284.6796875,24313.708498971988,0.0,0.0,0.0,0.0,24313.708498971988,999.9999999999999,45284.6799175113,45285.27327283261,501.20144983106593,0.0013102782715712635,1.1067792700401853,8.524680745378149,True,4.112906100039329
2012,veg_low,26,32,yes,117.98275605729822,253273.59375,117982.7560571446,0.0,0.0,0.0,0.0,117982.7560571446,5449.747468293048,253273.58717905165,254011.91147609593,3557.4906060826356,0.2915125518091699,1.4046038695569425,5.437128350619959,True,4.619105071298283
2012,veg_low,27,30,unknown,205.52691193458494,308413.90625,205526.91193456683,0.0,0.0,0.0,0.0,205526.91193456683,7207.106781195484,308413.9120408216,308785.6256366192,3788.8677007072793,0.12052426342830103,1.2285009050453553,7.748793154125059,True,3.506648697903852
2012,veg_low,27,31,unknown,317.509667991873,644704.6875,317509.66799170914,0.0,0.0,0.0,0.0,317509.66799170914,6414.213562371818,644704.67669209,645976.0747516524,7256.310646042155,0.19720627219361742,1.1255247415411194,8.881042735552063,True,2.020163229341195
2012,veg_low,27,32,unknown,445.3797256769548,908955.875,445379.7256767584,0.0,0.0,0.0,2207.106781187168,445379.7256767584,7414.213562371815,908955.9036830715,911149.9490322869,9493.810055226246,0.24138083490354845,1.04447421670925,8.881042735552063,True,1.664694896272131
2012,veg_low,27,41,yes,158.19595949289325,282374.34375,158195.95949272325,0.0,0.0,0.0,0.0,158195.95949272325,5621.320343558795,282374.3289860758,284411.0572984736,3483.6361380318044,0.7212866409319396,1.2336943483993497,10.976261811707348,True,3.553390593277047
2012,veg_low,28,33,yes,21.00000000000745,29944.78125,21000.00000001117,0.0,0.0,0.0,0.0,21000.00000001117,0.0,29944.78170540699,29947.00711893812,193.77830627567377,0.007431724007944673,0.6471187807680164,2.156157665309118,True,0.0
2012,veg_low,28,38,unknown,38.041630560343044,60726.11328125,38041.63056026521,0.0,0.0,0.0,0.0,38041.63056026521,1207.1067811851763,60726.11176611667,60987.37598388592,598.0163298337181,0.4302337333493167,0.9847762559489165,8.796522517162735,True,3.1731205087880987
2012,veg_low,30,36,yes,30.99999999999907,40777.0703125,30999.999999999072,0.0,0.0,0.0,0.0,30999.999999999072,0.0,40777.07002878079,40874.95653009303,168.0766410827585,0.24005280723493616,0.41218420294574526,2.505513977899318,True,0.0
2012,veg_low,30,40,yes,136.26702730475856,188986.65625,136267.02730467002,0.0,0.0,0.0,0.0,136267.02730467002,0.0,188986.65161058743,189343.47982577304,1332.3195149263506,0.1888113325172025,0.7049807505302725,4.368387068500719,True,0.0
2012,veg_low,30,41,unknown,169.90663761154985,258306.171875,169906.63761074626,0.0,0.0,0.0,0.0,169906.63761074626,1414.2135623680063,258306.16993513238,259248.7236393755,2040.3871922702733,0.3648978669304803,0.7899103582321203,5.562835378561602,True,0.8323474481367527
2012,veg_low,31,32,yes,64.72792206135018,118465.1875,64727.92206131909,0.0,0.0,0.0,3207.1067811783782,64727.92206131909,0.0,118465.19133681315,118549.51059458335,991.9321513788035,0.0711763994289738,0.8373195030417006,4.974558367871593,True,0.0
2012,veg_low,33,38,yes,39.698484809829885,56867.51953125,39698.48480965947,0.0,0.0,0.0,0.0,39698.48480965947,0.0,56867.51950115855,56898.63898059187,380.6255091849771,0.05472276566007572,0.6693196969444442,2.162033489691533,True,0.0
2012,veg_low,36,40,yes,63.84062043356747,94289.609375,63840.62043349244,0.0,0.0,0.0,0.0,63840.62043349244,0.0,94289.60745481784,94538.42978182311,809.5660331889793,0.2638915716395296,0.858595188846142,3.3182602868237785,True,0.0
2012,veg_low,36,41,yes,149.19595949289504,227582.265625,149195.9594927462,0.0,0.0,0.0,0.0,149195.9594927462,2414.2135623687122,227582.27066920899,228090.20416648296,1991.2704215372303,0.2231867604538751,0.8749672879534379,6.637358260454924,True,1.6181494261485612
2012,veg_low,36,43,yes,111.74011537018431,229537.203125,111740.11537005677,0.0,0.0,0.0,0.0,111740.11537005677,0.0,229537.20473225036,229801.58405041447,1489.028524266158,0.11517928802544652,0.6487090081989427,4.673475340855306,True,0.0
2012,veg_low,38,40,yes,25.556349186109426,39892.13671875,25556.349186104708,0.0,0.0,0.0,0.0,25556.349186104708,0.0,39892.13828203901,40130.65311483199,534.1119553150082,0.5978993432406821,1.3388902633867739,3.543903092666053,True,0.0
2012,veg_low,38,42,unknown,29.698484809835655,44891.72265625,29698.48480982892,0.0,0.0,0.0,0.0,29698.48480982892,1414.2135623727588,44891.721344037695,45072.48061030062,409.32550257319275,0.4026561264551143,0.911806209069676,9.072161324812528,True,4.761904761904604
2012,veg_low,40,42,yes,21.82842712474449,48627.46484375,21828.427124744485,0.0,0.0,0.0,0.0,21828.427124744485,0.0,48627.46587617742,48531.441573081844,297.20315702685264,-0.19746927248910362,0.6111837244071819,2.1343750870211315,True,0.0
2012,veg_low,40,43,yes,133.78174593052043,254419.734375,133781.74593040792,0.0,0.0,0.0,0.0,133781.74593040792,1414.2135623715499,254419.73532453968,254448.10436806476,2264.654456706082,0.011150488577027495,0.890125309586252,5.514357764290107,True,1.0571050276972846
2012,veg_low,40,45,unknown,137.48023074035248,255104.875,137480.23074025073,0.0,0.0,0.0,0.0,137480.23074025073,0.0,255104.87899151698,255258.92653610551,2182.699245958832,0.060385965645792794,0.8556085852169897,3.831400569677368,True,0.0
2012,veg_low,41,43,yes,119.95331880576833,253844.9375,119953.31880555765,0.0,0.0,0.0,0.0,119953.31880555765,0.0,253844.94221548067,253913.29162302715,1839.746625168022,0.026925652703546632,0.724752129828264,3.4142719205755423,True,0.0
2012,veg_low,41,45,yes,148.69343417595414,394748.125,148693.43417586235,0.0,0.0,0.0,0.0,148693.43417586235,4035.5339059307476,394748.1256648632,394232.71943131636,3124.077656568887,-0.13056584693815765,0.7914103838509912,7.601445702341778,True,2.713996033717165
2012,veg_low,42,50,yes,51.41421356237216,74582.9609375,51414.213562372184,0.0,0.0,0.0,0.0,51414.213562372184,0.0,74582.95750835224,74441.16320955398,368.7047206427646,-0.19011621895307362,0.4943551891214221,2.7723165857181566,True,0.0
2012,veg_low,43,45,yes,32.38477631084897,66008.953125,32384.77631081155,0.0,0.0,0.0,0.0,32384.77631081155,0.0,66008.94880064206,65930.86894247791,436.2129989142656,-0.11828677714585956,0.6608391844440683,2.477661755177505,True,0.0
2012,veg_low,43,49,yes,147.89949493660833,304343.53125,147899.49493660225,0.0,0.0,0.0,0.0,147899.49493660225,0.0,304343.5310717021,304886.67033091915,2335.853089862491,0.17846256081228695,0.7675054178536732,4.914140235563251,True,0.0
2012,veg_low,45,49,yes,111.79898987322453,227807.3125,111798.98987318721,0.0,0.0,0.0,0.0,111798.98987318721,0.0,227807.31259442927,227992.9771643426,1501.2887961107397,0.08150070680297272,0.6590169468280062,4.239438550839942,True,0.0
2012,veg_low,45,50,yes,275.9066376115418,413275.09375,275906.63761113957,0.0,0.0,0.0,0.0,275906.63761113957,0.0,413275.09624814615,413581.9955078021,2588.79590855878,0.07426028387438333,0.6264098495314046,4.6630129435735,True,0.0
2012,veg_low,45,53,unknown,268.4264068711961,645270.875,268426.4068711767,0.0,0.0,0.0,0.0,268426.4068711767,1207.1067811851688,645270.8730875797,646907.7489957133,4932.424867214799,0.25367267862272946,0.7643960192428123,6.833825439198413,True,0.44969747770176877
2012,veg_low,49,53,yes,125.14213562373921,348755.0625,125142.13562373375,0.0,0.0,0.0,0.0,125142.13562373375,0.0,348755.0538218146,349596.3575399937,2753.7459353761774,0.24123054532392274,0.7895931270957631,3.5722444058610825,True,0.0
2012,veg_low,50,53,yes,260.4924240491836,589320.8125,260492.42404883343,0.0,0.0,0.0,0.0,260492.42404883343,2414.2135623664735,589320.8129237783,589903.6465022111,4350.976177964926,0.09889920153018927,0.7383034982895935,8.153123058923024,True,0.9267883974675175
2012,veg_balanced,1,9,unknown,99.698484809842,133465.09375,99698.48480981172,0.0,0.0,0.0,0.0,99698.48480981172,11035.533905930206,133465.09156162635,134447.12604629243,2801.4146543254838,0.7357987569450941,2.098986799879394,17.898929952007016,True,11.06890834598136
2012,veg_balanced,1,13,unknown,209.10764773832702,311715.03125,209107.64773808297,0.0,0.0,0.0,0.0,209107.64773808297,23349.242404886547,311715.0217874385,313661.25564323936,6082.189441933254,0.6243631906607483,1.9512019045654971,17.898929952007016,True,11.166135078011376
2012,veg_balanced,1,17,unknown,243.3969696196724,366270.03125,243396.96961961855,0.0,0.0,0.0,0.0,243396.96961961855,31656.854249491418,366270.02795910893,368730.808393867,7951.404577168393,0.6718487036653675,2.1709132525733454,17.898929952007016,True,13.006264744776747
2012,veg_balanced,9,13,yes,25.556349186102135,50743.9453125,25556.34918605969,0.0,0.0,0.0,0.0,25556.34918605969,1414.213562368837,50743.945649699126,50962.12484715921,693.2756544293536,0.4299610419856714,1.3662233899098941,12.28751275602068,True,5.533707307224668
2012,veg_balanced,9,17,yes,56.242640687126574,96538.2578125,56242.64068712859,0.0,0.0,0.0,0.0,56242.64068712859,1414.2135623757572,96538.25884204505,97017.05661017433,1356.5774300733603,0.4959668569459952,1.405222599148985,8.672032334431808,True,2.514486420086259
2012,veg_balanced,13,17,unknown,98.42640687118784,165013.015625,98426.40687113568,0.0,0.0,0.0,0.0,98426.40687113568,5242.640687132212,165013.01297032207,166151.95800280836,2371.435036795913,0.690215281803952,1.437120015027191,29.86388853834695,True,5.326457455666461
2012,veg_balanced,17,24,yes,32.07106781186861,59862.44140625,32071.067811865792,0.0,0.0,0.0,0.0,32071.067811865792,2999.99999999998,59862.44035313982,60690.538803569434,1307.81987944333,1.3833356033340793,2.1847085947854015,13.666566252404522,True,9.354225489461337
2012,veg_balanced,18,24,unknown,9.41421356237589,23775.130859375,9414.21356237589,0.0,0.0,0.0,0.0,9414.21356237589,0.0,23775.131706209177,24005.99684579361,327.46986852957235,0.9710362173267706,1.3773630050766426,4.602620275683239,True,0.0
2012,veg_balanced,18,28,yes,155.14213562373357,252119.375,155142.13562372848,0.0,0.0,0.0,0.0,155142.13562372848,5621.320343551206,252119.3814312461,252805.3580467454,3844.777093793063,0.2720840466944985,1.5249827569648977,8.367272209920449,True,3.6233356727696377
2012,veg_balanced,18,33,yes,117.98275605729931,187789.921875,117982.75605725072,0.0,0.0,0.0,0.0,117982.75605725072,2621.3203435583564,187789.9165677123,189018.96519757778,2369.930877473392,0.6544806304455308,1.2620117846523748,8.367272209920449,True,2.221782598709908
2012,veg_balanced,24,28,yes,21.00000000000093,33970.3984375,21000.00000000093,0.0,0.0,0.0,0.0,21000.00000000093,2000.0000000000023,33970.3989729896,34111.82293194306,478.95630941167815,0.4163152722048036,1.4099225322390352,13.888525436496007,True,9.523809523809113
2012,veg_balanced,24,33,yes,39.69848480983784,62614.0859375,39698.48480981093,0.0,0.0,0.0,0.0,39698.48480981093,0.0,62614.08773268463,62873.21361515514,463.37743680675976,0.4138459759675417,0.7400530033832565,4.837010262719803,True,0.0
2012,veg_balanced,24,38,yes,105.1421356237292,174864.953125,105142.13562371464,0.0,0.0,0.0,0.0,105142.13562371464,7999.999999999992,174864.94999623878,175575.78377508873,2759.5726936726014,0.4065044360606507,1.5781165372088333,11.213026182336707,True,7.608747865490003
2012,veg_balanced,26,27,yes,109.69848480984002,223509.359375,109698.48480978294,0.0,0.0,0.0,0.0,109698.48480978294,8207.106781192464,223509.35964493867,225147.3332020718,4322.3458109125595,0.7328433850533944,1.933854500670097,14.859546403949658,True,7.481513345807445
2012,veg_balanced,26,31,yes,23.899494936615614,50034.046875,23899.494936603394,0.0,0.0,0.0,0.0,23899.494936603394,0.0,50034.04648566922,50108.25808846606,596.6170917311695,0.1483222085946867,1.192422227736573,3.3541400041776788,True,0.0
2012,veg_balanced,26,32,yes,118.15432893255138,273497.8125,118154.328932374,0.0,0.0,0.0,0.0,118154.328932374,15313.708498950298,273497.8164858836,275711.90477814886,6388.477643860461,0.8095451439845469,2.33584228420712,11.38609510883987,True,12.960768037297344
2012,veg_balanced,27,30,unknown,203.45584412272163,372966.46875,203455.84412271265,0.0,0.0,0.0,0.0,203455.84412271265,21828.427124756305,372966.46346858965,374566.67802599,7063.911220685714,0.42905052173281,1.8939802670168548,12.782894131351721,True,10.728827780238486
2012,veg_balanced,27,31,unknown,317.50966799187825,695424.4375,317509.66799174034,0.0,0.0,0.0,0.0,317509.66799174034,34863.96103067857,695424.4599375316,698987.753960821,14420.065352139402,0.5123912414023213,2.0735631521265048,15.261405752478069,True,10.980440769313995
2012,veg_balanced,27,32,unknown,445.79393923934475,977860.6875,445793.9392391821,0.0,0.0,0.0,2999.9999999999873,445793.9392391821,26863.961030693546,977860.6880711586,982976.8247674187,16271.052402504329,0.523196888746158,1.6639438113213414,15.261405752478069,True,6.026093821854364
2012,veg_balanced,27,41,yes,158.19595949289322,313532.125,158195.95949265634,0.0,0.0,0.0,0.0,158195.95949265634,15485.281374206885,313532.12738785316,317862.63453394454,6891.3403654308695,1.3812004473577666,2.1979694466544974,18.638732550521325,True,9.78867059807917
2012,veg_balanced,28,33,yes,21.00000000000745,36283.96875,21000.00000001117,0.0,0.0,0.0,0.0,21000.00000001117,0.0,36283.96998837476,36249.86422779003,414.3741283520582,-0.09399677211633373,1.1420308430549966,4.313527653945245,True,0.0
2012,veg_balanced,28,38,unknown,35.556349186098394,69777.640625,35556.34918607956,0.0,0.0,0.0,0.0,35556.34918607956,3707.1067811858015,69777.63770443268,70114.75850295831,926.5767599096592,0.4831358722025225,1.3278992960961153,14.79239899652795,True,10.426005104700533
2012,veg_balanced,30,36,yes,30.99999999999907,50553.203125,30999.999999999072,0.0,0.0,0.0,0.0,30999.999999999072,0.0,50553.202881811776,50748.97588443627,336.1532821655168,0.387261323643906,0.6649495244671417,4.059828172301057,True,0.0
2012,veg_balanced,30,40,yes,136.26702730475833,237652.265625,136267.02730466847,0.0,0.0,0.0,0.0,136267.02730466847,2414.2135623901995,237652.26970660032,238352.7208371102,2686.7934814836426,0.2947378248794541,1.1305566257796285,6.948694585577236,True,1.771678453799725
2012,veg_balanced,30,41,unknown,169.90663761154846,314232.15625,169906.63761102536,0.0,0.0,0.0,0.0,169906.63761102536,5242.640687112284,314232.14029878995,315642.43530258595,4077.564387661949,0.4488067332816481,1.2976280477817344,7.807919972308322,True,3.085600869292987
2012,veg_balanced,31,32,yes,64.31370849897642,128552.9921875,64313.70849894663,0.0,0.0,0.0,3207.1067811783782,64313.70849894663,2828.4271247312763,128552.99052091311,128734.15626622128,1952.2845827554056,0.140926900707683,1.5186613511241547,9.615955818105009,True,4.397860410704822
2012,veg_balanced,33,38,yes,41.00000000000186,66737.8046875,41000.00000000184,0.0,0.0,0.0,0.0,41000.00000000184,0.0,66737.80473089502,66859.90993274588,685.2414751548979,0.18296256873180372,1.0267665799286894,3.525959560269335,True,0.0
2012,veg_balanced,36,40,yes,63.84062043356747,118460.2265625,63840.62043349684,0.0,0.0,0.0,0.0,63840.62043349684,1000.000000000005,118460.22455588836,118954.01475217773,1608.9696182218956,0.416840503334015,1.3582361710472697,5.213181410744516,True,1.5664008169245645
2012,veg_balanced,36,41,yes,149.19595949289504,276710.90625,149195.9594927462,0.0,0.0,0.0,0.0,149195.9594927462,8656.854249482361,276710.9155178455,277726.78251239343,3982.54084307446,0.3671221255030055,1.4392424077747017,11.571699706700207,True,5.802338266341088
2012,veg_balanced,36,43,yes,111.74011537018268,264659.71875,111740.11537004418,0.0,0.0,0.0,0.0,111740.11537004418,4035.533905919033,264659.7278428389,265121.9460640835,2914.930117807348,0.17464622404472774,1.1013878619033044,7.691702702559818,True,3.6115354745739756
2012,veg_balanced,38,40,yes,25.556349186109426,49111.98046875,25556.349186094547,0.0,0.0,0.0,0.0,25556.349186094547,1414.2135623680108,49111.980132298195,49594.244868624046,1035.6674239388183,0.9819696437136649,2.1087877563660236,5.7284605947627645,True,5.533707307213887
2012,veg_balanced,38,42,unknown,29.698484809835655,53507.265625,29698.48480982892,0.0,0.0,0.0,0.0,29698.48480982892,1414.2135623727588,53507.26535717078,53868.783889696635,818.6510051463861,0.6756438216616978,1.5299810216084506,14.816700496528282,True,4.761904761904604
2012,veg_balanced,40,42,yes,21.41421356237139,55018.05859375,21414.213562371384,0.0,0.0,0.0,0.0,21414.213562371384,0.0,55018.05979078281,55187.77606864435,639.3666775464491,0.30847376026512663,1.1621032802279267,3.783506528772857,True,0.0
2012,veg_balanced,40,43,yes,133.3675323681467,295957.375,133367.53236802403,0.0,0.0,0.0,0.0,133367.53236802403,7449.747468325573,295957.3676816683,296808.38754690683,4685.8774681275745,0.2875481262402113,1.5832947511439228,8.842761161729989,True,5.585877864012811
2012,veg_balanced,40,45,unknown,136.89444430272667,299091.75,136894.44430254935,0.0,0.0,0.0,0.0,136894.44430254935,11313.708498955657,299091.74982871785,300338.8222110411,4243.030300791876,0.4169531199163634,1.4186383620483514,7.542072519129695,True,8.264549052079365
2012,veg_balanced,41,43,yes,93.88225099390965,276021.90625,93882.25099383344,0.0,0.0,0.0,0.0,93882.25099383344,6656.854249491223,276021.90361329226,277178.70190844935,4457.276519762237,0.41909655719851724,1.6148271066222692,11.98470760012689,True,7.090641925414071
2012,veg_balanced,41,45,yes,147.5218613006976,415009.625,147521.86130041792,0.0,0.0,0.0,0.0,147521.86130041792,8278.174593030179,415009.61285572674,417199.585648856,6344.612653601736,0.5276920643017879,1.5287869141015216,10.995546022837463,True,5.611490066663582
2012,veg_balanced,42,50,yes,51.41421356237216,95022.234375,51414.213562372184,0.0,0.0,0.0,0.0,51414.213562372184,0.0,95022.23451330305,94738.64591570653,737.4094412855299,-0.2984444630764971,0.7760388345553936,4.379023422983529,True,0.0
2012,veg_balanced,43,45,yes,25.5563491861035,73489.4453125,25556.349186070827,0.0,0.0,0.0,0.0,25556.349186070827,0.0,73489.44739068318,73698.74861622341,603.8822267193887,0.28480446237069135,0.8217264493894498,3.6169588620527464,True,0.0
2012,veg_balanced,43,49,yes,146.65685424948933,340498.90625,146656.8542494868,0.0,0.0,0.0,0.0,146656.8542494868,9000.0,340498.89132284856,342176.237514033,6023.943812713676,0.4926142886010121,1.7691522545963283,15.725810269871527,True,6.136774204013376
2012,veg_balanced,45,49,yes,111.79898987322453,254831.71875,111798.98987318721,0.0,0.0,0.0,0.0,111798.98987318721,3207.106781185193,254831.71286818592,255203.04200801268,3002.5775922214752,0.14571543535433218,1.1782590001953903,6.8003202493122705,True,2.868636635110023
2012,veg_balanced,45,50,yes,275.3208511739146,512173.25,275320.85117357585,0.0,0.0,0.0,0.0,275320.85117357585,3999.9999999999973,512173.23531459505,513063.09751053044,5302.1469685542,0.17374242435546083,1.0352253110800358,7.85446993545736,True,1.452850368197576
2012,veg_balanced,45,53,unknown,268.84062043356676,690801.8125,268840.62043354724,0.0,0.0,0.0,0.0,268840.62043354724,7207.106781185179,690801.7863340115,694234.3171318654,9371.179483875272,0.4968908398558014,1.3565656124902068,13.127514070394788,True,2.6808102025514597
2012,veg_balanced,49,53,yes,125.1421356237373,359500.125,125142.13562373022,0.0,0.0,0.0,0.0,125142.13562373022,3999.9999999999995,359500.11920287384,361272.96470933204,5339.975602870298,0.4931418410622834,1.4853891049356875,7.076954954497134,True,3.1963654608124608
2012,veg_balanced,50,53,yes,259.906637611552,640987.0625,259906.63761125758,0.0,0.0,0.0,0.0,259906.63761125758,10863.96103066246,640987.052520093,642924.6541907653,8922.185574626179,0.30228405754133547,1.3919447420268283,21.382222322456386,True,4.179947511348937
2012,veg_high,1,9,unknown,99.28427124746865,137451.109375,99284.27124746074,0.0,0.0,0.0,0.0,99284.27124746074,21727.92206132155,137451.1156896194,140549.8942929031,5300.566984257764,2.2544586762621277,3.8563288174590453,18.0824911481598,True,21.88455612185123
2012,veg_high,1,13,unknown,208.693434175954,329900.25,208693.434175428,0.0,0.0,0.0,0.0,208693.434175428,39077.1644661561,329900.2579409621,335251.763762077,11084.88121326205,1.6221587259481973,3.360070489925402,41.64177199139176,True,18.72467364416831
2012,veg_high,1,17,unknown,242.98275605729884,402859.1875,242982.75605727086,0.0,0.0,0.0,0.0,242982.75605727086,60213.203435558076,402859.1974561804,409824.3744676612,16030.939429718603,1.7289358305486946,3.979290911302158,26.285682835149483,True,24.78085458104108
2012,veg_high,9,13,yes,25.556349186105138,55222.8203125,25556.34918605513,0.0,0.0,0.0,0.0,25556.34918605513,4828.427124724318,55222.82119014061,56934.540898098334,1976.3578392646336,3.099660015673611,3.578878798060193,41.64177199139176,True,18.89325853850423
2012,veg_high,9,17,yes,56.242640687126574,114730.984375,56242.64068712859,0.0,0.0,0.0,0.0,56242.64068712859,5414.213562375752,114730.98455798811,115688.58009424664,2713.1548601467202,0.8346442244418606,2.364796981913303,13.284072663988274,True,9.626528015450779
2012,veg_high,13,17,unknown,98.4264068711911,198266.34375,98426.40687115195,0.0,0.0,0.0,0.0,98426.40687115195,11035.533905940089,198266.34172458618,200008.3965410183,4133.379372587002,0.8786437482424692,2.0847610021113527,19.626100360554343,True,11.211964610662346
2012,veg_high,17,24,yes,32.07106781186833,72904.75,32071.067811866014,0.0,0.0,0.0,0.0,32071.067811866014,10035.533905934208,72904.75147693402,75429.28321428248,3250.1192529489663,3.462780801258458,4.45803488401885,21.532195090828942,True,31.291549021081074
2012,veg_high,18,24,unknown,9.41421356237589,26389.7890625,9414.21356237589,0.0,0.0,0.0,0.0,9414.21356237589,1.9293296132306227e-09,26389.789461316996,26851.519740485863,654.9397370591454,1.7496550317147808,2.481792202318162,8.549304940986538,True,2.04937948395523e-11
2012,veg_high,18,28,yes,157.21320343560012,334400.78125,157213.2034355955,0.0,0.0,0.0,0.0,157213.2034355955,19828.42712473854,334400.78718533635,337176.2733621405,8146.105511104715,0.8299879315971648,2.4360306025804497,27.742812834515608,True,12.612443924190833
2012,veg_high,18,33,yes,117.98275605729933,246251.53125,117982.75605725074,0.0,0.0,0.0,0.0,117982.75605725074,6742.640687116131,246251.52844492457,248887.02815693215,4625.6648118255225,1.0702470472572223,1.8784309039771407,12.609485160687065,True,5.714937430215893
2012,veg_high,24,28,yes,21.00000000000093,46194.93359375,21000.00000000093,0.0,0.0,0.0,0.0,21000.00000000093,2000.0000000000023,46194.932425143306,46477.78034305024,957.9126188233561,0.6122920914870322,2.0736313888446705,22.092331353280453,True,9.523809523809113
2012,veg_high,24,33,yes,39.69848480983784,83968.5234375,39698.48480981093,0.0,0.0,0.0,0.0,39698.48480981093,1414.2135623721824,83968.5208670062,84486.77263194721,926.7548736135188,0.6171976826433001,1.1036932222271276,7.43720073363127,True,3.5623867488833714
2012,veg_high,24,38,yes,105.14213562373084,233369.09375,105142.13562371992,0.0,0.0,0.0,0.0,105142.13562371992,16207.1067811735,233369.09050840914,235557.44143496576,5294.6451975562995,0.9377209817243326,2.2687859759069138,17.13444915109183,True,15.414473640877045
2012,veg_high,26,27,yes,109.22539674442561,250897.4375,109225.39674428345,0.0,0.0,0.0,0.0,109225.39674428345,19520.815280159186,250897.43807532018,254674.73014519096,6427.600391732103,1.5055124113052099,2.5618437721163647,10.2728259505892,True,17.872047950405683
2012,veg_high,26,31,yes,23.485281374241865,57718.90625,23485.28137423543,0.0,0.0,0.0,0.0,23485.28137423543,1000.0000000045022,57718.906102568304,58119.266003322504,1121.275404065409,0.6936373673519514,1.9426483968231614,8.708192922445043,True,4.257986029929171
2012,veg_high,26,32,yes,118.56854249492555,310484.375,118568.54249482427,0.0,0.0,0.0,0.0,118568.54249482427,33506.096654369896,310484.3741543915,316999.021367662,12565.321947213608,2.098220637033088,4.0470062242054645,18.64566051549041,True,28.258841636543266
2012,veg_high,27,30,unknown,208.01219330882807,496150.6875,208012.19330873282,0.0,0.0,0.0,0.0,208012.19330873282,31899.494936589883,496150.6829579519,501017.0637008191,13428.376045294071,0.9808271781174938,2.7065116519112213,25.083157610353346,True,15.335396655927992
2012,veg_high,27,31,unknown,315.85281374239014,771768.0,315852.81374232186,0.0,0.0,0.0,1000.0,315852.81374232186,52313.7084989711,771767.9729573918,781453.440103602,21505.18266720269,1.2549713755412473,2.786482909467657,23.040936923258766,True,16.562685600024295
2012,veg_high,27,32,unknown,446.62236636409295,1066238.125,446622.3663639967,0.0,0.0,0.0,4828.427124744714,446622.3663639967,80763.45596727036,1066238.0823459793,1079556.6287454905,31021.377528558874,1.2491156168617845,2.909423143122445,24.811048029083114,True,18.083164223228408
2012,veg_high,27,41,yes,158.19595949289484,372564.3125,158195.9594926978,0.0,0.0,0.0,0.0,158195.9594926978,24106.601717767877,372564.31841173983,378425.9359060311,9945.71698364731,1.5733169293505211,2.6695301971070107,28.633011507745486,True,15.238443380648178
2012,veg_high,28,33,yes,21.00000000000745,48775.3125,21000.00000001117,0.0,0.0,0.0,0.0,21000.00000001117,1000.0000000000017,48775.31315175076,48707.101630581295,828.7482567041162,-0.1398484535757638,1.6991141689356202,6.131227470738292,True,4.761904761902238
2012,veg_high,28,38,unknown,35.556349186098394,87840.3125,35556.34918607956,0.0,0.0,0.0,0.0,35556.34918607956,3707.1067811858015,87840.31498118675,88514.55657823804,1853.1535198193171,0.7675764792005824,2.109684511281884,22.440248279423177,True,10.426005104700533
2012,veg_high,30,36,yes,30.99999999999907,70105.46875,30999.999999999072,0.0,0.0,0.0,0.0,30999.999999999072,1000.0000000000035,70105.46858787371,70497.0145931227,672.3065643310337,0.5585099324430187,0.95899303987724,5.885333259100458,True,3.225806451613011
2012,veg_high,30,40,yes,136.26702730475833,334977.6875,136267.02730466847,0.0,0.0,0.0,0.0,136267.02730466847,3621.320343576558,334977.68288827833,336378.5851492981,5373.586962967285,0.418207639667445,1.6041626763414811,9.861041875011981,True,2.657517680693173
2012,veg_high,30,41,unknown,169.90663761155037,423485.125,169906.6376109113,0.0,0.0,0.0,0.0,169906.6376109113,14727.92206131728,423485.1413607098,425957.3516027246,7284.475248511989,0.5837773278352332,1.720125344919086,10.151015874809243,True,8.668244082991293
2012,veg_high,31,32,yes,64.31370849897533,147426.484375,64313.708498944776,0.0,0.0,0.0,3207.106781178409,64313.708498944776,9328.427124734428,147426.48576373776,147597.54165668748,3906.3544325972475,0.1160279254189378,2.649696499486178,18.024743848094385,True,14.504570397907443
2012,veg_high,33,38,yes,41.00000000000186,86136.5390625,41000.00000000184,0.0,0.0,0.0,0.0,41000.00000000184,2000.0000000000016,86136.53613460441,86380.74653830614,1370.4829503097963,0.28351546818659035,1.591058814076481,5.1967059077137385,True,4.87804878048759
2012,veg_high,36,40,yes,63.84062043356747,166597.875,63840.62043348325,0.0,0.0,0.0,0.0,63840.62043348325,6656.854249472697,166597.8747418467,168615.7217463091,3066.3927675171444,1.2112081307094513,1.8405953690998171,6.874134819383812,True,10.42730193452396
2012,veg_high,36,41,yes,145.8822509939075,367002.0,145882.25099358265,0.0,0.0,0.0,0.0,145882.25099358265,15899.49493656567,367002.0140243372,368919.7163340591,7838.208277822552,0.5225318217449093,2.135739853815291,11.495882291999902,True,10.898854952042855
2012,veg_high,36,43,yes,108.8406204335674,327013.0625,108840.6204335145,0.0,0.0,0.0,0.0,108840.6204335145,10449.747468297088,327013.0737197255,330308.8374088795,5983.122662365747,1.0078385098385212,1.82962797001007,10.031885606953155,True,9.60096279006452
2012,veg_high,38,40,yes,25.556349186109426,67551.140625,25556.349186094547,0.0,0.0,0.0,0.0,25556.349186094547,3828.4271247380166,67551.1383710361,68515.66784368783,2071.334847877636,1.4278508044585303,3.0663211573141487,8.280676967255001,True,14.98033657648214
2012,veg_high,38,42,unknown,29.698484809835655,70738.3515625,29698.48480982892,0.0,0.0,0.0,0.0,29698.48480982892,1414.2135623727588,70738.34946378006,71461.38652883179,1637.3020102927703,1.022128831860769,2.3145889361344416,21.68094351940651,True,4.761904761904604
2012,veg_high,40,42,yes,21.41421356237139,66887.21875,21414.213562371384,0.0,0.0,0.0,0.0,21414.213562371384,2000.0000000000016,66887.2162400692,67226.6487957923,1278.7333550928963,0.5074699992070331,1.911775413859821,6.3533994050104585,True,9.33959117468764
2012,veg_high,40,43,yes,132.53910524339506,374730.6875,132539.10524331545,0.0,0.0,0.0,0.0,132539.10524331545,16071.067811866831,374730.6754842501,378158.1453093797,8906.270922312568,0.9146488529929719,2.3767125311540975,17.054380714792213,True,12.125529127696725
2012,veg_high,40,45,unknown,136.30865786509838,385274.78125,136308.65786489652,0.0,0.0,0.0,0.0,136308.65786489652,22591.883091989435,385274.77615150315,390741.64994828287,10763.792729201834,1.418954506025072,2.7937963748161767,15.754374643282725,True,16.574063192949616
2012,veg_high,41,43,yes,93.88225099391182,290391.1875,93882.25099381665,0.0,0.0,0.0,0.0,93882.25099381665,16313.70849896234,290391.2023667404,292014.458423389,6872.1622923382865,0.5589894058149136,2.366518763767267,13.626682829501213,True,17.3767760426162
2012,veg_high,41,45,yes,147.5218613006976,450917.0,147521.86130048652,0.0,0.0,0.0,0.0,147521.86130048652,28577.164466224178,450916.99135734915,457332.5096136805,13070.526005801656,1.4227714588929796,2.898654576412566,20.285485869347117,True,19.371477701203553
2012,veg_high,42,50,yes,52.24264068711808,135379.578125,52242.64068711551,0.0,0.0,0.0,0.0,52242.64068711551,2621.3203435571645,135379.58104516365,135767.09171761744,1480.5586758769743,0.2862401179425378,1.0936351438279668,7.236246347903692,True,5.017587757970388
2012,veg_high,43,45,yes,25.556349186104864,84801.296875,25556.349186076994,0.0,0.0,0.0,0.0,25556.349186076994,1707.106781183757,84801.29379945608,85534.67403299839,1443.1887183432452,0.8648219864152651,1.7018475234071275,6.344179434335128,True,6.679775615657117
2012,veg_high,43,49,yes,147.89949493661098,402578.78125,147899.49493660548,0.0,0.0,0.0,0.0,147899.49493660548,17414.213562362216,402578.79147867917,406046.8855993221,8836.510746814922,0.8614696536557664,2.1949767185594298,11.820780401894277,True,11.774356342343504
2012,veg_high,45,49,yes,111.79898987322453,308655.3125,111798.9898731988,0.0,0.0,0.0,0.0,111798.9898731988,6621.320343557086,308655.3188070501,309917.69281158084,5706.089623567652,0.4089914955652807,1.8486931136069953,9.74300888041329,True,5.922522512114748
2012,veg_high,45,50,yes,271.80613254815677,704727.25,271806.1325479334,0.0,0.0,0.0,0.0,271806.1325479334,18278.174593040916,704727.2688594181,708344.4835590054,11811.568362577023,0.5132786624592711,1.6760481514634342,17.56429424143768,True,6.724710153409631
2012,veg_high,45,53,unknown,267.597979746445,765516.125,267597.979746409,0.0,0.0,0.0,0.0,267597.979746409,19242.640687115756,765516.1126765212,769810.911706743,15085.314483080107,0.5610331329546581,1.970607049711389,10.361070124394839,True,7.1908766670627235
2012,veg_high,49,53,yes,125.5563491861036,375126.875,125556.34918609663,0.0,0.0,0.0,0.0,125556.34918609663,11121.320343560945,375126.8820371151,377419.1238102035,7983.598644263169,0.6110577201613676,2.1282395441532955,9.970453650858534,True,8.857632780543172
2012,veg_high,50,53,yes,259.90663761154985,737891.4375,259906.63761130485,0.0,0.0,0.0,0.0,259906.63761130485,34177.66952964338,737891.4477937915,744803.3715111408,18649.810290988968,0.9367128102670375,2.527446326522648,37.42764672459841,True,13.14997948638646
2016,veg_low,1,9,unknown,99.6984848098423,131160.875,99698.48480971347,0.0,0.0,0.0,0.0,99698.48480971347,8449.747468275255,131160.87963013188,131818.2278811442,2255.297423686329,0.5011770680907413,1.719489401143216,17.691965034429682,True,8.475301790596529
2016,veg_low,1,13,unknown,209.52186130069828,295158.34375,209521.86130037985,0.0,0.0,0.0,0.0,209521.86130037985,14106.601717754358,295158.3294461362,296775.4582883114,4745.591775419079,0.5478852130684331,1.6078122492169438,17.691965034429682,True,6.732758877857861
2016,veg_low,1,17,unknown,238.0121933088256,345486.28125,238012.19330877322,0.0,0.0,0.0,1000.0000000000005,238012.19330877322,20035.533905929682,345486.2703413813,346596.10396941967,5720.543636853823,0.32123812820166187,1.6557947820042889,10.639368898602976,True,8.417860290013623
2016,veg_low,9,13,yes,26.38477631084542,45838.234375,26384.776310827663,0.0,0.0,0.0,0.0,26384.776310827663,1499.999999998603,45838.235962773506,46253.10186002407,597.3890312002488,0.9050651460223991,1.3032548453335004,7.697472495203512,True,5.6850965205380195
2016,veg_low,9,17,yes,56.24264068712548,86259.9609375,56242.64068712752,0.0,0.0,0.0,0.0,56242.64068712752,5414.213562369444,86259.96180552582,86688.9332027083,1386.356622837026,0.49730070383013913,1.6071843689921688,8.789986979982583,True,9.626528015439748
2016,veg_low,13,17,unknown,97.18376618407225,143429.359375,97183.76618403672,0.0,0.0,0.0,0.0,97183.76618403672,9621.320343555504,143429.35616274006,143892.67940130032,2519.0438948301658,0.3230323630781351,1.7562958952224317,7.872059064947111,True,9.900131185835736
2016,veg_low,17,24,yes,31.41421356237216,50675.796875,31414.21356237216,0.0,0.0,0.0,0.0,31414.21356237216,6207.1067811879175,50675.79831649932,51281.27553794787,1287.7802817662923,1.1948054920950524,2.5412136059966306,10.355925557236866,True,19.758911897838402
2016,veg_low,18,24,unknown,9.41421356237589,22982.919921875,9414.21356237589,0.0,0.0,0.0,0.0,9414.21356237589,0.0,22982.91946739231,23057.933184806196,154.52635615619386,0.3263889843077461,0.6723530331968166,1.8330197006073918,True,0.0
2016,veg_low,18,28,yes,152.65685424949368,218388.109375,152656.85424948987,0.0,0.0,0.0,0.0,152656.85424948987,4999.999999999992,218388.11601793746,219515.85161144807,3743.017725960048,0.5163905500324972,1.7139292165754172,6.838931077835723,True,3.2753196864835172
2016,veg_low,18,33,yes,117.98275605730039,161415.078125,117982.75605721868,0.0,0.0,0.0,0.0,117982.75605721868,3207.1067811865482,161415.08349615376,162046.02655632613,1800.27756564528,0.39088234290534096,1.1153093791808975,8.04407530298898,True,2.7182843394768486
2016,veg_low,24,28,yes,21.00000000000093,27888.650390625,21000.00000000093,0.0,0.0,0.0,0.0,21000.00000000093,0.0,27888.64978790408,27995.016834949467,272.9619224108813,0.3813990560830982,0.97875632017607,2.5569109722943613,True,0.0
2016,veg_low,24,33,yes,39.698484809838924,52062.98046875,39698.48480977482,0.0,0.0,0.0,0.0,39698.48480977482,0.0,52062.979089719345,52237.10652043793,378.2565470171558,0.3344553726334132,0.7265365018112236,2.6113204825514105,True,0.0
2016,veg_low,24,38,yes,104.72792206135956,142133.65625,104727.92206133524,0.0,0.0,0.0,0.0,104727.92206133524,0.0,142133.65184909583,142692.66217562932,1069.3848535349055,0.39329906694227645,0.7523797775000378,3.551606611204666,True,0.0
2016,veg_low,26,27,yes,110.52691193457966,196418.46875,110526.91193451815,0.0,0.0,0.0,0.0,110526.91193451815,1414.2135623741265,196418.47668286227,196883.43933471557,1656.300558742888,0.23672042452709263,0.8432508930497179,7.025402734367783,True,1.2795196550971943
2016,veg_low,26,31,yes,24.31370849898871,43545.26953125,24313.708498971988,0.0,0.0,0.0,0.0,24313.708498971988,0.0,43545.27138568555,43512.485995887684,187.37922946918258,-0.0752903558861262,0.43030901750397393,2.3635262430689483,True,0.0
2016,veg_low,26,32,yes,117.98275605729711,244987.78125,117982.75605711094,0.0,0.0,0.0,0.0,117982.75605711094,0.0,244987.78044701286,245258.12719440076,1393.5039803222587,0.110351115020757,0.568805504413169,3.647211329316602,True,0.0
2016,veg_low,27,30,unknown,209.6690475583084,300283.9375,209669.04755827098,0.0,0.0,0.0,0.0,209669.04755827098,18485.281374216276,300283.9294582795,301865.63358919823,4940.101358721253,0.5267361905687551,1.6451434372906109,9.549792361132454,True,8.816409283816137
2016,veg_low,27,31,unknown,317.92388155423737,618127.0625,317923.88155403495,0.0,0.0,0.0,0.0,317923.88155403495,1414.2135623673091,618127.0591533997,618336.1127840135,4107.953935712785,0.03382049491573724,0.6645808292779042,5.020257661907376,True,0.44482772274122057
2016,veg_low,27,32,unknown,448.86500705119545,874830.0,448865.00705102115,0.0,0.0,0.0,2207.106781187178,448865.00705102115,4621.320343552473,874830.0269331853,876173.0377311459,6107.824678175539,0.1535167697282347,0.6981727295743612,9.221201647107828,True,1.02955683133196
2016,veg_low,27,41,yes,159.0243866176413,267297.125,159024.3866174176,0.0,0.0,0.0,0.0,159024.3866174176,1000.0000000000028,267297.12103183934,268265.19177900127,2366.4511621841903,0.3621702857946607,0.8853260944409155,5.154252748439044,True,0.6288343701685281
2016,veg_low,28,33,yes,21.82842712475146,30840.27734375,21828.42712475409,0.0,0.0,0.0,0.0,21828.42712475409,0.0,30840.27742070378,30819.014428567796,356.945327394198,-0.06894552810251531,1.1573998590381436,3.596845445264369,True,0.0
2016,veg_low,28,38,unknown,38.04163056034169,59302.171875,38041.63056026511,0.0,0.0,0.0,0.0,38041.63056026511,0.0,59302.17067162344,59350.303508481535,344.7204507179038,0.08116538789890715,0.581294827514392,2.043446804752666,True,0.0
2016,veg_low,30,36,yes,30.99999999999907,43929.3203125,30999.999999999072,0.0,0.0,0.0,0.0,30999.999999999072,0.0,43929.32002878002,44167.524515328805,686.1637319103753,0.5422448751602138,1.5619721212639746,3.4221023376520776,True,0.0
2016,veg_low,30,40,yes,136.26702730475557,184407.34375,136267.02730448023,0.0,0.0,0.0,0.0,136267.02730448023,0.0,184407.34106653262,184687.9297755398,2200.2310430109897,0.15215701684345717,1.193136363382174,4.852261485145841,True,0.0
2016,veg_low,30,41,unknown,170.4924240491773,256289.6875,170492.42404894298,0.0,0.0,0.0,0.0,170492.42404894298,5242.640687109143,256289.6846944924,257000.97893063768,3171.659158209756,0.277535257415118,1.2375289945791228,6.888402631756215,True,3.0749992067707046
2016,veg_low,31,32,yes,64.72792206135018,116319.5078125,64727.922061319056,0.0,0.0,0.0,3207.1067811784174,64727.922061319056,0.0,116319.50993209504,116405.78102765256,1023.4813125065464,0.07416734785754553,0.8798879165705167,4.836742816710922,True,0.0
2016,veg_low,33,38,yes,39.69848480982989,56678.2734375,39698.48480976248,0.0,0.0,0.0,0.0,39698.48480976248,0.0,56678.27405529043,56919.53128218755,550.9293633887517,0.4256608566834075,0.9720291815013854,3.1692577297895643,True,0.0
2016,veg_low,36,40,yes,63.84062043356528,95277.4296875,63840.620433488846,0.0,0.0,0.0,0.0,63840.620433488846,3414.213562372861,95277.43098108473,95907.79659639482,1533.7657867544856,0.6616106341440275,1.6097891924258343,7.602269407957748,True,5.348026913256421
2016,veg_low,36,41,yes,148.78174593052023,223878.984375,148781.74593018193,0.0,0.0,0.0,0.0,148781.74593018193,3828.4271247296756,223878.98919132838,225011.49180755217,2635.5430693001445,0.5058548014329034,1.1772176919415127,8.545659963270994,True,2.5731833571345657
2016,veg_low,36,43,yes,113.3969696196696,233075.78125,113396.96961953564,0.0,0.0,0.0,0.0,113396.96961953564,4828.427124730169,233075.78000200615,234169.75054609557,2611.5462308697515,0.46936260133076946,1.1204708746860241,10.44859222136496,True,4.257986029900348
2016,veg_low,38,40,yes,25.556349186110793,36244.35546875,25556.34918610367,0.0,0.0,0.0,0.0,25556.34918610367,0.0,36244.35610960605,36412.309345870606,281.22313840497696,0.4633914194989375,0.7759087719879311,3.935669545469734,True,0.0
2016,veg_low,38,42,unknown,29.698484809835655,46434.98046875,29698.48480982892,0.0,0.0,0.0,0.0,29698.48480982892,0.0,46434.98189397691,46410.56138412699,515.3787958651978,-0.052590759926818276,1.1098933925331147,3.071817033240438,True,0.0
2016,veg_low,40,42,yes,21.82842712474449,45987.26953125,21828.427124744485,0.0,0.0,0.0,0.0,21828.427124744485,0.0,45987.26782464374,45908.39003905914,233.92886904005712,-0.1715209215850333,0.5086818158714331,2.6898970838639054,True,0.0
2016,veg_low,40,43,yes,133.7817459305215,255302.921875,133781.74593034503,0.0,0.0,0.0,0.0,133781.74593034503,2828.427124731743,255302.92185434938,255096.08662181097,2293.9288145804176,-0.0810156151116792,0.8985125583047995,6.1569075251217695,True,2.1142100553870744
2016,veg_low,40,45,unknown,137.48023074035495,248776.984375,137480.23074008152,0.0,0.0,0.0,0.0,137480.23074008152,5242.640687104275,248776.97625087155,248843.29661989518,2605.060709489825,0.02665856383621268,1.0471470265250074,6.485625468925056,True,3.813377864498895
2016,veg_low,41,43,yes,119.9533188057697,251898.71875,119953.3188055034,0.0,0.0,0.0,0.0,119953.3188055034,0.0,251898.7256053248,252233.9643950982,2544.16019376904,0.1330847502176935,1.0099932771217082,4.316692361049846,True,0.0
2016,veg_low,41,45,yes,148.69343417595277,393410.46875,148693.43417575103,0.0,0.0,0.0,0.0,148693.43417575103,2828.4271247445677,393410.4755394941,394283.9605156402,3651.5439400625073,0.2220289063092018,0.9281765908889563,6.5225721365909095,True,1.902186966373683
2016,veg_low,42,50,yes,51.41421356237189,76702.4296875,51414.21356237064,0.0,0.0,0.0,0.0,51414.21356237064,2000.000000000009,76702.4291462535,76854.4515180217,861.9772973052368,0.19819759746895205,1.1237940009196432,6.612036270991255,True,3.8899748949262962
2016,veg_low,43,45,yes,33.38477631084897,67599.90625,33384.776310820125,0.0,0.0,0.0,0.0,33384.776310820125,1414.2135623728857,67599.90528559784,67750.44227781365,807.7179967503422,0.22268817031594335,1.194850781725025,6.5225721365909095,True,4.23610315434264
2016,veg_low,43,49,yes,152.45584412271074,303678.21875,152455.84412270228,0.0,0.0,0.0,0.0,152455.84412270228,1207.106781185481,303678.20280259615,303378.51290124905,2235.4379476311333,-0.09868666851334806,0.7361206458022487,11.250645021970286,True,0.7917746860618575
2016,veg_low,45,49,yes,111.79898987322562,229567.75,111798.98987320805,0.0,0.0,0.0,0.0,111798.98987320805,1207.106781185829,229567.7557122679,229865.4812145736,1987.0051080415633,0.12968959921306755,0.8655418971521441,8.575860758109464,True,1.079711706299687
2016,veg_low,45,50,yes,275.9066376115426,414124.09375,275906.63761121855,0.0,0.0,0.0,0.0,275906.63761121855,15485.281374215701,414124.09382726985,415800.3905200878,5614.773136631527,0.4047812522391281,1.3558189973301664,12.638712256884638,True,5.612507733879201
2016,veg_low,45,53,unknown,267.18376618407467,644221.25,267183.76618405315,0.0,0.0,0.0,0.0,267183.76618405315,4000.0000000019336,644221.2748048293,645066.4608381435,4932.616707765097,0.131194989418848,0.7656711910452605,7.311927346352517,True,1.4970969445974796
2016,veg_low,49,53,yes,125.55634918611095,349130.65625,125556.34918610025,0.0,0.0,0.0,0.0,125556.34918610025,999.9999999999999,349130.65663855127,349563.66409700457,2006.1487375489655,0.1240244734227458,0.5746125982932216,5.941066270988694,True,0.7964551426370281
2016,veg_low,50,53,yes,263.80613254816285,600978.0625,263806.13254788064,0.0,0.0,0.0,0.0,263806.13254788064,4035.5339059168955,600978.0924992731,602151.4525251702,4766.362188915645,0.1952417301964271,0.7931008215447403,8.191608716192855,True,1.5297346831709642
2016,veg_balanced,1,9,unknown,99.6984848098409,134277.71875,99698.4848098287,0.0,0.0,0.0,0.0,99698.4848098287,18071.067811854842,134277.7141061124,136138.93370838978,3886.6034319580153,1.3860971752963858,2.894451590743229,20.85534507769161,True,18.125719609806264
2016,veg_balanced,1,13,unknown,209.52186130069634,303108.875,209521.86130023503,0.0,0.0,0.0,0.0,209521.86130023503,51769.55262156137,303108.87275183224,308449.38866217586,9367.766213438787,1.7619134213586962,3.09056152939098,20.85534507769161,True,24.70842531671577
2016,veg_balanced,1,17,unknown,243.3969696196732,373830.21875,243396.96961963302,0.0,0.0,0.0,0.0,243396.96961963302,45142.13562370481,373830.2101944765,376992.4476116359,10553.89205838239,0.8459020514993476,2.8231779483236448,22.9013526522068,True,18.54671226772066
2016,veg_balanced,9,13,yes,26.38477631084542,46481.77734375,26384.776310827663,0.0,0.0,0.0,0.0,26384.776310827663,5914.2135623705,46481.77799496644,47311.509789467564,1194.7780624004963,1.7850689674370424,2.5704224621740592,15.08186213666161,True,22.41524996345507
2016,veg_balanced,9,17,yes,56.65685424949857,94059.4453125,56656.85424949996,0.0,0.0,0.0,0.0,56656.85424949996,13242.640687117322,94059.44801551299,95620.4978714084,2700.5771172735836,1.6596417359773907,2.871138598249252,16.44963084659814,True,23.37341326576422
2016,veg_balanced,13,17,unknown,101.32590180780845,154541.0,101325.90180774768,0.0,0.0,0.0,0.0,101325.90180774768,31556.34918609125,154541.00549567718,156683.54142351952,6695.4462812906095,1.3863866880963638,4.332472316855668,19.511786333295348,True,31.14341804326123
2016,veg_balanced,17,24,yes,32.07106781186833,56723.33203125,32071.06781186341,0.0,0.0,0.0,0.0,32071.06781186341,14535.533905931632,56723.33335032564,59391.81239981848,2889.3549271600423,4.704376297867063,5.0937678667705715,29.19741432877081,True,45.322887255268725
2016,veg_balanced,18,24,unknown,9.41421356237589,24805.3671875,9414.21356237589,0.0,0.0,0.0,0.0,9414.21356237589,0.0,24805.366770945322,24955.394205773086,309.0527123123903,0.6048184500278886,1.2459106739529675,3.337186716073138,True,0.0
2016,veg_balanced,18,28,yes,153.4852813742377,266926.75,153485.28137423153,0.0,0.0,0.0,0.0,153485.28137423153,26914.213562370292,266926.75135063025,269989.6638457971,7532.937523542116,1.1474730350812479,2.8220991284785026,9.106131131273862,True,17.535371028018904
2016,veg_balanced,18,33,yes,117.98275605729712,193603.90625,117982.7560572323,0.0,0.0,0.0,0.0,117982.7560572323,7535.533905925823,193603.90108486352,194598.4450780474,3601.2820157388287,0.5137003890990366,1.860128848416261,9.679340781838382,True,6.386979044861783
2016,veg_balanced,24,28,yes,21.00000000000093,33950.2734375,21000.00000000093,0.0,0.0,0.0,0.0,21000.00000000093,0.0,33950.27176618731,34163.00586027808,545.9238448217625,0.6266049814147356,1.6080102350328578,4.182006363118062,True,0.0
2016,veg_balanced,24,33,yes,39.69848480983566,62942.08984375,39698.48480980558,0.0,0.0,0.0,0.0,39698.48480980558,0.0,62942.09062473579,63358.95128772914,827.56615317659,0.6622923688358151,1.3148056331820703,4.48088445605763,True,0.0
2016,veg_balanced,24,38,yes,104.72792206135956,168877.484375,104727.92206134583,0.0,0.0,0.0,0.0,104727.92206134583,3207.106781184598,168877.48348287583,169711.62251577622,2000.693190959793,0.49393146777023667,1.1847009735686067,5.961544919705314,True,3.0623225574035455
2016,veg_balanced,26,27,yes,108.56854249492929,204681.828125,108568.54249483334,0.0,0.0,0.0,0.0,108568.54249483334,10778.174593037465,204681.8281241712,206280.39278732293,3994.5862303384,0.7809997974915106,1.9516076570876946,13.970525320017282,True,9.927529968959828
2016,veg_balanced,26,31,yes,24.313708498989804,47066.75390625,24313.708498984397,0.0,0.0,0.0,0.0,24313.708498984397,0.0,47066.75568697936,47279.74841943189,276.2663147655942,0.452533278199696,0.5869669806921088,3.3352569082615107,True,0.0
2016,veg_balanced,26,32,yes,117.98275605729711,258412.015625,117982.7560571142,0.0,0.0,0.0,0.0,117982.7560571142,3414.213562368881,258412.02130943208,258895.52308351142,2695.377032991206,0.18710498514322715,1.043054041887495,6.639416891859562,True,2.8938242133588545
2016,veg_balanced,27,30,unknown,207.1837661840775,353625.34375,207183.7661840475,0.0,0.0,0.0,0.0,207183.7661840475,38106.60171779283,353625.35484377405,357564.26910618594,10059.080660473846,1.1138664715238056,2.8445586615014595,15.437541186353144,True,18.392658083038032
2016,veg_balanced,27,31,unknown,317.9238815542363,644522.0,317923.881554053,0.0,0.0,0.0,0.0,317923.881554053,11242.640687126817,644522.0004669456,646532.0299600945,8586.87727245307,0.31186359685049236,1.3322861386007023,9.124479859146517,True,3.5362680627109038
2016,veg_balanced,27,32,unknown,443.30865786508275,915499.9375,443308.6578648892,0.0,0.0,0.0,0.0,443308.6578648892,15449.747468316344,915499.9408159452,917995.4253049546,11265.49583119911,0.27258161117797997,1.2305293893474931,9.124479859146517,True,3.485099420960348
2016,veg_balanced,27,41,yes,159.02438661764157,283881.625,159024.38661741768,0.0,0.0,0.0,0.0,159024.38661741768,10278.174593026546,283881.63731059484,285804.479044996,4723.423443979977,0.6773392434317183,1.6638707204623029,9.192359678527932,True,6.463269446687993
2016,veg_balanced,28,33,yes,22.656854249499396,37535.6171875,22656.854249502037,0.0,0.0,0.0,0.0,22656.854249502037,0.0,37535.61855633557,37892.83717046235,616.1538843631527,0.9516790394452856,1.6415178650603406,4.647797351893539,True,0.0
2016,veg_balanced,28,38,unknown,35.556349186098664,68052.3671875,35556.349186085165,0.0,0.0,0.0,0.0,35556.349186085165,0.0,68052.3704164905,68294.20864936794,779.0850514332756,0.355370770183816,1.1448316152180453,3.8103361105326985,True,0.0
2016,veg_balanced,30,36,yes,30.99999999999907,56857.703125,30999.999999999072,0.0,0.0,0.0,0.0,30999.999999999072,2500.0000000022837,56857.70288181023,57334.11185490781,1372.3274638207497,0.8378969760489241,2.413617494666288,5.331182181777397,True,8.064516129039866
2016,veg_balanced,30,40,yes,136.68124086712865,227381.0,136681.2408668501,0.0,0.0,0.0,0.0,136681.2408668501,8863.961030664092,227380.99599172611,228509.77100680384,4040.760396121883,0.49642451874860605,1.7770880009114383,7.8623979153701455,True,6.485133566572636
2016,veg_balanced,30,41,unknown,169.9066376115501,309789.125,169906.63761137117,0.0,0.0,0.0,0.0,169906.63761137117,18970.562748442546,309789.1199239394,311203.5695864241,6086.363159635064,0.4565846801953377,1.9646794442391684,10.751848105727081,True,11.165286427381412
2016,veg_balanced,31,32,yes,64.72792206135018,123799.609375,64727.92206133509,0.0,0.0,0.0,3207.106781178505,64727.92206133509,4621.320343553121,123799.61361686894,124190.93852164927,1913.4747521419567,0.3160954168979657,1.5456225558697758,9.152195416123226,True,7.139608682593017
2016,veg_balanced,33,38,yes,39.69848480982989,67194.828125,39698.48480976248,0.0,0.0,0.0,0.0,39698.48480976248,3828.427124727466,67194.82891867496,67677.3433724692,1101.8587267775035,0.7180827179100735,1.6397969077517394,5.319321742019014,True,9.6437613250821
2016,veg_balanced,36,40,yes,63.84062043356528,118513.6015625,63840.62043352994,0.0,0.0,0.0,0.0,63840.62043352994,11449.747468289834,118513.60302259898,119565.11416314487,3072.2702634614143,0.8872493230548173,2.592335550608121,11.91090050680181,True,17.93489378789977
2016,veg_balanced,36,41,yes,147.9533188057762,268134.40625,147953.31880567805,0.0,0.0,0.0,0.0,147953.31880567805,7621.320343564742,268134.39389939426,270544.07114590734,4642.421789339859,0.8986826387580971,1.7313787022345688,8.103972316948061,True,5.151165519696511
2016,veg_balanced,36,43,yes,113.39696961966987,263504.46875,113396.96961958354,0.0,0.0,0.0,0.0,113396.96961958354,11535.533905929158,263504.4710649917,266184.90288385696,5520.661589718354,1.0172244167364175,2.0950921885331946,17.68586879148037,True,10.172700332846446
2016,veg_balanced,38,40,yes,25.556349186110793,41868.34375,25556.34918610367,0.0,0.0,0.0,0.0,25556.34918610367,1414.2135623710947,41868.34532783557,42204.25180036469,562.446276809953,0.8022922088248841,1.343368772770723,6.6858863818190155,True,5.533707307223978
2016,veg_balanced,38,42,unknown,29.698484809835655,56593.78515625,29698.48480982892,0.0,0.0,0.0,0.0,29698.48480982892,0.0,56593.78645704923,56544.94543734935,1030.7575917303936,-0.08630102835927023,1.8213264322094216,4.683179035296399,True,0.0
2016,veg_balanced,40,42,yes,21.41421356237139,49848.08984375,21414.213562371384,0.0,0.0,0.0,0.0,21414.213562371384,2000.0000000000027,49848.08966131083,49704.769970167006,748.4722493403592,-0.2875129059460413,1.5015063855521822,7.540351360313105,True,9.339591174687646
2016,veg_balanced,40,43,yes,132.53910524340048,297846.21875,132539.1052431787,0.0,0.0,0.0,0.0,132539.1052431787,14106.601717782303,297846.23342771817,297849.0363015763,4395.140695078643,0.0009410472732396258,1.4756408514883113,10.077901117467793,True,10.643350648776405
2016,veg_balanced,40,45,unknown,137.48023074035575,286591.5625,137480.230740182,0.0,0.0,0.0,0.0,137480.230740182,14106.601717793623,286591.55272205,286886.32938614424,5024.814794759978,0.10285601975859038,1.7533017798446002,10.787241372648925,True,10.260821968253081
2016,veg_balanced,41,43,yes,93.29646455628384,269723.9375,93296.4645561306,0.0,0.0,0.0,0.0,93296.4645561306,5449.7474682899965,269723.94434520556,271096.33082337974,4224.235463585867,0.5088115115274183,1.5661329118706233,8.724322357930202,True,5.841322599112239
2016,veg_balanced,41,45,yes,148.10764773832452,411539.5,148107.64773814022,0.0,0.0,0.0,0.0,148107.64773814022,10899.494936598827,411539.4875104535,414136.4684481481,6907.522598501143,0.6310405238157513,1.6784592507239504,11.469541678640512,True,7.359170915920246
2016,veg_balanced,42,50,yes,51.828427124746625,98952.328125,51828.42712474631,0.0,0.0,0.0,0.0,51828.42712474631,1000.0000000000061,98952.32648805538,99515.86904388522,1435.1074754296187,0.5695091523672868,1.4503019043244545,5.536649241319239,True,1.9294430787820303
2016,veg_balanced,43,45,yes,25.55634918610459,76188.078125,25556.349186071275,0.0,0.0,0.0,0.0,25556.349186071275,0.0,76188.07732932041,76335.99892449038,637.2554194568713,0.19415320658453528,0.8364240728931327,2.8057788633911476,True,0.0
2016,veg_balanced,43,49,yes,149.97056274847273,337373.5,149970.56274845678,0.0,0.0,0.0,0.0,149970.56274845678,8414.213562366724,337373.51117509126,338205.33710732614,4491.17948161578,0.2465593488171436,1.3312187628402552,16.81579163347657,True,5.610576774643267
2016,veg_balanced,45,49,yes,111.79898987322397,256926.375,111798.9898732146,0.0,0.0,0.0,0.0,111798.9898732146,6621.3203435563355,256926.38096906684,257377.6384765156,3729.4215783576005,0.17563689090498436,1.4515526059609314,14.464687886487637,True,5.92252251211324
2016,veg_balanced,45,50,yes,275.9066376115471,512509.125,275906.6376113742,0.0,0.0,0.0,0.0,275906.6376113742,24520.81528014947,512509.1162012481,515589.19126231363,10374.630268429317,0.6009795657675898,2.0242820938145982,16.082740380668493,True,8.887359685303418
2016,veg_balanced,45,53,unknown,267.5979797464472,688632.8125,267597.9797464298,0.0,0.0,0.0,0.0,267597.9797464298,16000.000000000005,688632.8360865342,690706.737270995,9940.000545922134,0.3011621107478213,1.4434398165516849,12.145404419336916,True,5.9791183831661465
2016,veg_balanced,49,53,yes,125.55634918611068,359771.9375,125556.3491861002,0.0,0.0,0.0,0.0,125556.3491861002,2000.000000000001,359771.9329366694,360728.9062123742,3964.637134235543,0.2659944226036437,1.1019862227366795,11.656007467570593,True,1.5929102852740578
2016,veg_balanced,50,53,yes,260.4924240491822,666005.375,260492.42404887005,0.0,0.0,0.0,0.0,260492.42404887005,11692.38815540777,666005.3748271603,668640.1081634548,8331.448653479501,0.3956024134156966,1.2509581706666637,9.893306289386796,True,4.488571288819595
2016,veg_high,1,9,unknown,99.69848480984038,136695.265625,99698.48480983527,0.0,0.0,0.0,0.0,99698.48480983527,25606.60171779752,136695.2644395752,140341.75666551077,7354.007296032401,2.6676068413090226,5.379855202872202,40.85145531708804,True,25.684043008917847
2016,veg_high,1,13,unknown,210.10764773832406,312461.84375,210107.6477379262,0.0,0.0,0.0,0.0,210107.6477379262,69997.47468291993,312461.85661763395,322324.62931573845,17887.628417312284,3.156472538718158,5.724739848551097,40.85145531708804,True,33.31505322939504
2016,veg_high,1,17,unknown,252.02438661765794,412094.53125,252024.38661759614,0.0,0.0,0.0,0.0,252024.38661759614,76612.69837218535,412094.5198458833,421949.65626991825,20955.302249902074,2.3914747586841534,5.0850718077345505,44.616268573781916,True,30.398922659985278
2016,veg_high,9,13,yes,25.97056274847396,47306.35546875,25970.562748436438,0.0,0.0,0.0,0.0,25970.562748436438,11778.174593021007,47306.35512186477,48784.353719369494,2492.5643049468467,3.1243129885980103,5.26898404775809,19.158741959199627,True,45.352019157652315
2016,veg_high,9,17,yes,61.62741699796672,107534.8125,61627.4169979368,0.0,0.0,0.0,0.0,61627.4169979368,28935.028842524276,107534.81275501654,112275.21185768802,7323.649773794149,4.408246019334183,6.810491957129017,43.21355764778401,True,46.95155216953678
2016,veg_high,13,17,unknown,104.15432893255465,167479.34375,104154.32893247674,0.0,0.0,0.0,0.0,104154.32893247674,46748.73734150283,167479.3471112366,174707.1013371162,12260.017967729189,4.315609267976828,7.3203163131429685,35.5902669916707,True,44.884104022032574
2016,veg_high,17,24,yes,32.07106781186833,65249.875,32071.06781186341,0.0,0.0,0.0,0.0,32071.06781186341,18363.96103066977,65249.87733012913,70586.83542911484,5778.709854320084,8.179261505709178,8.856276962917391,58.831354143001626,True,57.26021078685991
2016,veg_high,18,24,unknown,9.41421356237589,28209.982421875,9414.213562375246,0.0,0.0,0.0,0.0,9414.213562375246,1207.10678118637,28209.982295953847,28747.25995391201,694.627726765842,1.9045657396077997,2.462347262321651,5.659103149292677,True,12.822173335972334
2016,veg_high,18,28,yes,153.485281374241,361022.03125,153485.281374237,0.0,0.0,0.0,0.0,153485.281374237,51328.42712474439,361022.02759868524,366472.3005667168,14542.861734001981,1.5096787872705963,4.028247758379977,16.35670551451507,True,33.44192137850166
2016,veg_high,18,33,yes,117.98275605729711,257302.640625,117982.75605725324,0.0,0.0,0.0,0.0,117982.75605725324,14778.174593043208,257302.64283142955,261974.85204500315,7537.070737961663,1.8158419059203235,2.929262853665881,24.26751558351965,True,12.525707219343
2016,veg_high,24,28,yes,21.00000000000093,46073.515625,21000.00000000093,0.0,0.0,0.0,0.0,21000.00000000093,2000.000000000002,46073.51433694577,46498.98252512732,1091.847689643525,0.9234550355113003,2.369794675653787,6.1300407419558525,True,9.523809523809112
2016,veg_high,24,33,yes,39.69848480983456,84652.015625,39698.4848098064,0.0,0.0,0.0,0.0,39698.4848098064,2828.42712474277,84652.01738766175,85528.81301802323,1489.3449720475542,1.0357646012689958,1.7593732766310068,6.9792766166279065,True,7.124773497763537
2016,veg_high,24,38,yes,104.72792206136009,221775.84375,104727.92206135519,0.0,0.0,0.0,0.0,104727.92206135519,10999.999999999975,221775.85128065472,222781.7608873843,4769.42814052408,0.453570395929459,2.1505624318350263,10.486477161639776,True,10.50340709859171
2016,veg_high,26,27,yes,107.9827560573046,212940.65625,107982.75605726818,0.0,0.0,0.0,0.0,107982.75605726818,18192.388155449178,212940.6541042068,214885.85623442373,6129.477427634813,0.9134949539814086,2.878490936087399,17.849029260649317,True,16.847493821884786
2016,veg_high,26,31,yes,23.485281374242952,53889.33203125,23485.28137423781,0.0,0.0,0.0,0.0,23485.28137423781,0.0,53889.33264987382,54086.51059841661,536.1971109325586,0.3658942110563501,0.994996754582772,2.7188097717627393,True,0.0
2016,veg_high,26,32,yes,117.56854249492555,283196.6875,117568.54249478257,0.0,0.0,0.0,0.0,117568.54249478257,8242.640687113815,283196.6954058841,284915.8651476699,4725.660678059299,0.6070585461182221,1.6686849651569458,14.601652811569494,True,7.010923595892673
2016,veg_high,27,30,unknown,206.35533905933,458417.96875,206355.33905928585,0.0,0.0,0.0,0.0,206355.33905928585,60470.56274845266,458417.9658723301,463036.2266128141,18105.291129311714,1.0074344995828932,3.949516048058652,24.34523555833084,True,29.304094104916512
2016,veg_high,27,31,unknown,309.63961030678183,689636.0625,309639.6103066452,0.0,0.0,0.0,0.0,309639.6103066452,46863.96103067813,689636.066401554,694489.29604617,15754.711117985702,0.7037377946225609,2.2844964011514173,15.432944491031405,True,15.135001941213973
2016,veg_high,27,32,unknown,439.99494936611364,979339.625,439994.94936594536,0.0,0.0,0.0,3414.213562373053,439994.94936594536,64985.28137425768,979339.632312077,987553.9590275257,23672.679157861585,0.838761798708787,2.4172083286340476,29.464301531590102,True,14.769551665969054
2016,veg_high,27,41,yes,158.1959594928943,316062.8125,158195.95949271755,0.0,0.0,0.0,0.0,158195.95949271755,31041.63056029271,316062.8016956841,320315.2982946253,9765.325627352566,1.3454593758349453,3.089678878678975,17.741115540192006,True,19.62226510704383
2016,veg_high,28,33,yes,22.656854249499396,50239.43359375,22656.854249502037,0.0,0.0,0.0,0.0,22656.854249502037,2207.106781189459,50239.434558568486,50953.87178682205,1232.3077687263053,1.4220646281770666,2.452869502919458,6.588519474051043,True,9.741452881694588
2016,veg_high,28,38,unknown,35.556349186098664,84284.3125,35556.349186085165,0.0,0.0,0.0,0.0,35556.349186085165,1414.2135623717215,84284.31440730351,84889.20798342302,1362.6666744592817,0.7176822643373049,1.6167500252469305,6.068302487007521,True,3.9773868654804647
2016,veg_high,30,36,yes,30.99999999999907,82714.46875,30999.999999999072,0.0,0.0,0.0,0.0,30999.999999999072,8500.000000002296,82714.46858787068,83667.2865340658,2744.6549276414994,1.151936248230756,3.318228327521381,7.453519471024387,True,27.419354838717904
2016,veg_high,30,40,yes,136.68124086712865,313155.21875,136681.2408668501,0.0,0.0,0.0,0.0,136681.2408668501,23849.242404883767,313155.217254022,315412.76728417765,8081.520792243766,0.7209044926511199,2.5806757629997525,11.397731624041414,True,17.448804425266253
2016,veg_high,30,41,unknown,171.66399692443326,414501.53125,171663.99692418583,0.0,0.0,0.0,0.0,171663.99692418583,26420.31021676071,414501.52498358744,417534.477481713,11515.902390376328,0.7317108177697706,2.7782533226704804,14.942070167950257,True,15.390711325700432
2016,veg_high,31,32,yes,64.31370849897533,138022.359375,64313.70849896282,0.0,0.0,0.0,3207.106781178505,64313.70849896282,9621.320343554638,138022.36463253683,138541.1432549473,3725.8987209393285,0.37586562423534975,2.6994891232728526,16.5235342678777,True,14.95998375480058
2016,veg_high,33,38,yes,39.69848480983016,88165.46875,39698.48480976758,0.0,0.0,0.0,0.0,39698.48480976758,5535.533905902297,88165.47085214496,88942.25096456903,1991.2801107859016,0.8810479940914107,2.258571401637851,7.877137135115586,True,13.943942526845035
2016,veg_high,36,40,yes,63.84062043356528,163994.796875,63840.62043354694,0.0,0.0,0.0,0.0,63840.62043354694,16278.174593034559,163994.79684689073,165491.7771248906,5352.665635046865,0.9128218131197574,3.2639240622031656,16.62089655280631,True,25.49814598054989
2016,veg_high,36,41,yes,145.88225099391272,352753.1875,145882.25099381345,0.0,0.0,0.0,0.0,145882.25099381345,20313.708498980403,352753.1897907532,356217.0632809361,8141.140544582843,0.9819538392374705,2.3078857343322734,11.970048104902704,True,13.92472926664798
2016,veg_high,36,43,yes,113.81118318204135,322307.125,113811.183181951,0.0,0.0,0.0,0.0,113811.183181951,29399.494936594005,322307.12590384425,330112.8807762175,11883.323538575458,2.4218375099475775,3.6869565031338083,27.056176438774536,True,25.83181556911921
2016,veg_high,38,40,yes,25.556349186110793,53116.3203125,25556.34918610367,0.0,0.0,0.0,0.0,25556.34918610367,3621.320343557449,53116.32123734476,53788.13418240298,1124.892553619906,1.264795696329002,2.1177907795862603,10.276434777088408,True,14.169943903906866
2016,veg_high,38,42,unknown,29.698484809835655,76911.390625,29698.48480982892,0.0,0.0,0.0,0.0,29698.48480982892,4242.640687117907,76911.39166353695,76813.7096241372,2061.5151834607873,-0.1270059444861915,2.6803769101972112,6.6231033361069365,True,14.285714285712569
2016,veg_high,40,42,yes,21.41421356237139,56547.27734375,21414.213562371384,0.0,0.0,0.0,0.0,21414.213562371384,5000.0000000000055,56547.27598112526,56260.63659883764,1496.9444986807175,-0.5069021934554274,2.64724422654838,12.070937789903963,True,23.34897793671911
2016,veg_high,40,43,yes,131.22539674441774,370314.59375,131225.3967442214,0.0,0.0,0.0,0.0,131225.3967442214,18313.708498953754,370314.58375926944,373074.80459134583,8937.53684399564,0.7453718954451682,2.4134984783115287,14.786137852940378,True,13.95591779741387
2016,veg_high,40,45,unknown,142.16652224136718,359335.84375,142166.52224093128,0.0,0.0,0.0,0.0,142166.52224093128,18485.281374224618,359335.837866366,359899.7010000033,7943.588284938814,0.15691814570608642,2.210630682457275,14.786137852940378,True,13.002555793618834
2016,veg_high,41,43,yes,96.85281374238225,279079.96875,96852.81374224558,0.0,0.0,0.0,0.0,96852.81374224558,25506.096654378052,279079.9717183367,284226.48842033424,10788.825970931524,1.8441010547298298,3.8658546166903798,30.367954015182207,True,26.33490517090958
2016,veg_high,41,45,yes,162.4091629284893,434402.40625,162409.16292836453,0.0,0.0,0.0,0.0,162409.16292836453,23727.922061339752,434402.39871485764,440294.78507140605,12103.65808298353,1.3564350413304727,2.7862779116301306,15.565020274327459,True,14.609965123584603
2016,veg_high,42,50,yes,51.828427124746625,143312.9375,51828.42712474631,0.0,0.0,0.0,0.0,51828.42712474631,5000.000000000022,143312.9429534894,144440.0280651491,2870.2149508592393,0.7864503292110081,2.0027604567374873,7.527009731025353,True,9.647215393910136
2016,veg_high,43,45,yes,25.55634918610486,90378.0390625,25556.349186075422,0.0,0.0,0.0,0.0,25556.349186075422,1414.2135623700249,90378.04060597313,90755.99156375261,1203.9025429163955,0.4181889264752492,1.33207417957325,5.042519798685335,True,5.533707307225909
2016,veg_high,43,49,yes,147.48528137424105,388744.25,147485.2813742398,0.0,0.0,0.0,0.0,147485.2813742398,24828.427124742917,388744.2476190693,388804.2661404797,9851.84567149599,0.015439076405110441,2.5342743286454543,12.833954602989206,True,16.834511819346552
2016,veg_high,45,49,yes,111.798989873224,309863.5,111798.98987320728,0.0,0.0,0.0,0.0,111798.98987320728,12828.427124750273,309863.50795358175,311522.969394665,7279.038451291686,0.5355459415155917,2.3491112262183846,22.027580191080826,True,11.47454654044653
2016,veg_high,45,50,yes,271.0487732352799,703223.375,271048.7732350578,0.0,0.0,0.0,0.0,271048.7732350578,47284.271247433906,703223.38523357,711034.8475266335,19922.358280273213,1.1108080955625432,2.8330056563258577,31.479743778541767,True,17.444930918919248
2016,veg_high,45,53,unknown,271.74011537018873,770042.6875,271740.1153701671,0.0,0.0,0.0,0.0,271740.1153701671,35449.747468300455,770042.7159815221,777660.9985105267,20593.82039594875,0.9893324579135943,2.6743737676551076,22.45726346767886,True,13.045459784253955
2016,veg_high,49,53,yes,125.55634918611042,379297.9375,125556.34918610717,0.0,0.0,0.0,0.0,125556.34918610717,10621.32034355639,379297.9362951191,382229.65474046476,8281.794560627339,0.7729328754018328,2.1834536305474517,22.45726346767886,True,8.459405209220309
2016,veg_high,50,53,yes,259.90663761155537,789071.0,259906.63761117696,0.0,0.0,0.0,0.0,259906.63761117696,30384.776310813606,789070.9853370676,796468.3569569658,17098.1024664432,0.9374785991830947,2.1668649315675195,13.627247846310913,True,11.690650377413425
2020,veg_low,1,9,unknown,99.87005768509856,127306.2734375,99870.05768493113,0.0,0.0,0.0,0.0,99870.05768493113,2707.106781175233,127306.27550771837,127741.25949519436,1052.3927147636762,0.34168306765804957,0.8266620876045276,7.1495117429639405,True,2.7106290352966265
2020,veg_low,1,13,unknown,238.03657992644844,286029.5,238036.57992627932,0.0,0.0,0.0,0.0,238036.57992627932,3621.3203435557207,286029.4883509056,286826.98787858,1819.844129987543,0.2788172409328604,0.6362435357556312,10.473521486853281,True,1.5213293455473336
2020,veg_low,1,17,unknown,237.59797974645167,338966.1875,237597.97974642433,0.0,0.0,0.0,3828.427124752238,237597.97974642433,12414.213562375666,338966.19033992774,339697.74386441946,4927.160367025955,0.21581902423899457,1.4535846073866001,9.387219586937837,True,5.224881783769666
2020,veg_low,9,13,yes,26.798989873218513,45026.28125,26798.989873199404,0.0,0.0,0.0,0.0,26798.989873199404,3414.2135623702006,45026.28294297678,45538.688189727916,782.8152126663891,1.1380136517155304,1.7385739206093913,15.90518403770869,True,12.740083034937891
2020,veg_low,9,17,yes,57.6568542494904,84861.3515625,57656.85424948398,0.0,0.0,0.0,0.0,57656.85424948398,0.0,84861.34798460154,85122.84533385192,592.3937313558247,0.3081465890664603,0.6980724975796014,4.0522885098158525,True,0.0
2020,veg_low,13,17,unknown,98.01219330881803,140028.5625,98012.19330877224,0.0,0.0,0.0,0.0,98012.19330877224,2621.320343554558,140028.55679060472,140292.76838318593,1679.1822128322362,0.18868407890277883,1.1991712628612208,8.556613471288136,True,2.6744839137478476
2020,veg_low,17,24,yes,32.24264068711781,48874.27734375,32242.64068711556,0.0,0.0,0.0,0.0,32242.64068711556,1914.2135623700715,48874.277402256135,49144.9062511926,825.4748267662443,0.5537245015595271,1.6889760230565347,10.490076068661422,True,5.93690070532904
2020,veg_low,18,24,unknown,9.41421356237589,22486.9609375,9414.21356237589,0.0,0.0,0.0,0.0,9414.21356237589,0.0,22486.960051931976,22566.023642600456,93.54580219869081,0.3515975057806431,0.41600021515871277,1.430301553256727,True,0.0
2020,veg_low,18,28,yes,153.4852813742377,217480.453125,153485.28137423337,0.0,0.0,0.0,0.0,153485.28137423337,2000.0,217480.44850684385,218386.16250524874,2294.487009363105,0.4164576653318708,1.0550313948294527,5.883264983019354,True,1.3030565420299343
2020,veg_low,18,33,yes,117.98275605729712,160951.328125,117982.75605725277,0.0,0.0,0.0,0.0,117982.75605725277,0.0,160951.3216559191,161604.84872538387,1370.432794226787,0.40604020068990554,0.851457931582874,4.392616098519487,True,0.0
2020,veg_low,24,28,yes,21.00000000000093,26528.296875,21000.00000000093,0.0,0.0,0.0,0.0,21000.00000000093,0.0,26528.29648327944,26552.901138396235,100.59909573197282,0.09274871883426794,0.3792143072412493,1.7562407920227976,True,0.0
2020,veg_low,24,33,yes,39.69848480983566,51981.953125,39698.48480981562,0.0,0.0,0.0,0.0,39698.48480981562,0.0,51981.95161854898,52087.5607394444,529.4640407646075,0.20316497862642446,1.0185536023154549,3.5232735176217336,True,0.0
2020,veg_low,24,38,yes,105.14213562373195,138627.421875,105142.13562371506,0.0,0.0,0.0,0.0,105142.13562371506,0.0,138627.41703878643,138956.34301599656,654.4723720621288,0.23727339384682633,0.47210889883277174,2.570389944749396,True,0.0
2020,veg_low,26,27,yes,110.52691193458296,197213.125,110526.9119344975,0.0,0.0,0.0,0.0,110526.9119344975,1000.0000000000144,197213.131953919,197634.47508251708,1682.0969689797632,0.2136486168154983,0.8529335507803829,5.631928143833906,True,0.9047570247802208
2020,veg_low,26,31,yes,24.31370849898871,42383.390625,24313.708498971988,0.0,0.0,0.0,0.0,24313.708498971988,0.0,42383.38956796815,42398.231206752076,161.73243317855366,0.03501758338635419,0.38159390937619875,1.1367348955853553,True,0.0
2020,veg_low,26,32,yes,117.98275605729711,235845.765625,117982.75605712642,0.0,0.0,0.0,0.0,117982.75605712642,0.0,235845.770947056,236396.41340013803,1935.4322476120371,0.2334756526991777,0.8206347054009775,3.708493143952708,True,0.0
2020,veg_low,27,30,unknown,204.28427124746767,287496.875,204284.27124743944,0.0,0.0,0.0,0.0,204284.27124743944,2207.1067811874063,287496.8668427231,287966.072191324,2502.3822251142365,0.1632036389661362,0.8704033030325787,6.2018709016372675,True,1.080409552683597
2020,veg_low,27,31,unknown,318.7523086789894,609554.625,318752.3086787647,0.0,0.0,0.0,0.0,318752.3086787647,4.421537372900065e-09,609554.6367578316,610204.7568402766,4354.198395472249,0.10665493185368913,0.7143245466283145,8.421177654464756,True,1.3871389328056742e-12
2020,veg_low,27,32,unknown,449.6934341759451,860226.25,449693.4341757149,0.0,0.0,0.0,2207.106781187178,449693.4341757149,5207.10678118959,860226.228987233,861553.3614891982,7864.356397636521,0.1542771491085171,0.914219554418311,9.36633843858234,True,1.157923684328232
2020,veg_low,27,41,yes,159.02438661763995,270481.0625,159024.38661746905,0.0,0.0,0.0,0.0,159024.38661746905,1207.1067811855182,270481.0628236236,271575.96999968943,2205.408312149267,0.4047999385375922,0.8153651457615645,5.218493694876343,True,0.7590702324727067
2020,veg_low,28,33,yes,21.00000000000745,30390.28125,21000.00000001117,0.0,0.0,0.0,0.0,21000.00000001117,0.0,30390.281705405832,30399.45719577027,194.85590748488943,0.0301921859539922,0.6411783522566966,2.209849279931949,True,0.0
2020,veg_low,28,38,unknown,35.5563491860973,57104.140625,35556.349186056774,0.0,0.0,0.0,0.0,35556.349186056774,0.0,57104.14087813193,57123.61930046178,267.3192900953928,0.03411035002069962,0.4681259291964287,4.388089189282845,True,0.0
2020,veg_low,30,36,yes,30.99999999999907,38572.0703125,30999.999999999072,0.0,0.0,0.0,0.0,30999.999999999072,0.0,38572.07002878072,38684.945785992015,340.4775233078452,0.29263598538287194,0.8827048251592315,4.096503712872437,True,0.0
2020,veg_low,30,40,yes,136.26702730475913,176541.5625,136267.02730469365,0.0,0.0,0.0,0.0,136267.02730469365,0.0,176541.55474243022,177099.197521805,1474.8096571076035,0.31587054967787687,0.8353895258594014,3.2892068834316404,True,0.0
2020,veg_low,30,41,unknown,169.90663761155037,242898.3125,169906.63761124696,0.0,0.0,0.0,0.0,169906.63761124696,0.0,242898.31560319057,243414.94768397568,2246.904704395508,0.21269479761609755,0.9250392283765981,4.77094940065557,True,0.0
2020,veg_low,31,32,yes,64.72792206135018,112689.15625,64727.922061319056,0.0,0.0,0.0,3207.1067811784174,64727.922061319056,0.0,112689.15454812154,112791.52529856442,1049.6724391344178,0.09084348077095239,0.9314760087992116,4.0964858567862255,True,0.0
2020,veg_low,33,38,yes,39.698484809829885,57206.9453125,39698.48480965947,0.0,0.0,0.0,0.0,39698.48480965947,0.0,57206.946194894845,57310.196319077186,419.7846338826313,0.18048529252125967,0.7338001096099287,3.2298306076362984,True,0.0
2020,veg_low,36,40,yes,63.8406204335642,88038.5859375,63840.620433494274,0.0,0.0,0.0,0.0,63840.620433494274,0.0,88038.5833305472,88482.1346765221,774.4010711211869,0.5038147244027513,0.8796155524375515,4.730877649142276,True,0.0
2020,veg_low,36,41,yes,148.78174593052134,209646.8125,148781.7459302675,0.0,0.0,0.0,0.0,148781.7459302675,1000.0000000000052,209646.81588195777,210366.06256220132,1758.6367479004161,0.34307541338882697,0.8388568843757787,8.037390034314138,True,0.6721254638782739
2020,veg_low,36,43,yes,109.66904755831331,222990.359375,109669.04755815236,0.0,0.0,0.0,0.0,109669.04755815236,0.0,222990.36526350726,223127.92356173205,1590.538606834347,0.06168800076282732,0.7132768292274919,4.708964770449181,True,0.0
2020,veg_low,38,40,yes,25.556349186111063,36512.16796875,25556.349186102623,0.0,0.0,0.0,0.0,25556.349186102623,0.0,36512.16640223377,36559.26619895915,120.1562379416844,0.12899754072794867,0.32908547966721957,0.970989659955367,True,0.0
2020,veg_low,38,42,unknown,29.698484809835655,44796.6484375,29698.48480982892,0.0,0.0,0.0,0.0,29698.48480982892,2828.427124745394,44796.6476143881,44744.87124990705,610.8251633248639,-0.11558089106743497,1.3635510598535832,6.694071441118397,True,9.523809523808792
2020,veg_low,40,42,yes,21.82842712474449,46398.62109375,21828.427124744485,0.0,0.0,0.0,0.0,21828.427124744485,0.0,46398.62042174791,46354.85131938754,251.838083749447,-0.09433276671272361,0.5427706286530143,3.529213248814098,True,0.0
2020,veg_low,40,43,yes,134.1959594928896,246342.0625,134195.95949263155,0.0,0.0,0.0,0.0,134195.95949263155,1414.2135623711656,246342.05484856092,246663.41452491295,2132.811495129428,0.13045262472524133,0.8657926866935393,7.916544356133626,True,1.0538421333384613
2020,veg_low,40,45,unknown,136.89444430272664,246433.328125,136894.4443024124,0.0,0.0,0.0,0.0,136894.4443024124,3828.427124735318,246433.3306467924,246686.30591199352,2402.565851168517,0.10265464681142866,0.9749354297418732,6.020050376135198,True,2.7966270977936634
2020,veg_low,41,43,yes,119.95331880576724,242343.125,119953.31880563885,0.0,0.0,0.0,0.0,119953.31880563885,1414.2135623704214,242343.1188297405,243139.44513521704,2247.9740731768857,0.32859456019298516,0.9275997123550317,6.795627712165567,True,1.1789699330135925
2020,veg_low,41,45,yes,190.58073580373778,394107.625,190580.73580355532,0.0,0.0,0.0,0.0,190580.73580355532,0.0,394107.63368773396,394547.0913347191,3415.287305458438,0.11150701215123515,0.8665874531535962,4.094115765836219,True,0.0
2020,veg_low,42,50,yes,51.828427124745254,76279.5703125,51828.42712474525,0.0,0.0,0.0,0.0,51828.42712474525,4499.999999997724,76279.56831889343,76301.28283641157,1287.3312482751076,0.02846701678667074,1.6876488378818642,6.581671537632521,True,8.68249385451487
2020,veg_low,43,45,yes,32.3847763108446,64412.328125,32384.776310821413,0.0,0.0,0.0,0.0,32384.776310821413,1999.9999999999811,64412.32684108681,64154.4672751298,727.8537101948842,-0.40032642601653956,1.1299913322345727,8.312781748361274,True,6.175741282893094
2020,veg_low,43,49,yes,151.2132034355939,291321.5625,151213.20343557076,0.0,0.0,0.0,0.0,151213.20343557076,1999.9999999999918,291321.5544990232,291271.69162714574,1411.6220863096255,-0.017116094263325277,0.4845580646228354,8.312781748361274,True,1.322635824491448
2020,veg_low,45,49,yes,111.79898987322316,218927.359375,111798.98987320576,0.0,0.0,0.0,0.0,111798.98987320576,1000.000000000006,218927.36466403495,219111.4163610872,1162.5659797027026,0.0840697540641866,0.5310281706842686,5.075759595578392,True,0.8944624644052087
2020,veg_low,45,50,yes,275.7350647362939,412967.5625,275735.0647358455,0.0,0.0,0.0,0.0,275735.0647358455,5121.320343556288,412967.5666430285,414030.269791652,4835.29140381192,0.25733331972339624,1.1708646863281573,6.430337081190098,True,1.8573337230295752
2020,veg_low,45,53,unknown,284.9949493661209,623806.125,284994.9493659213,0.0,0.0,0.0,0.0,284994.9493659213,0.0,623806.1436433267,623735.7628321736,2623.703595510234,-0.011282481243612974,0.42059598518644725,4.458874196171263,True,0.0
2020,veg_low,49,53,yes,125.14213562373783,342377.90625,125142.13562373072,0.0,0.0,0.0,0.0,125142.13562373072,0.0,342377.9183892884,342404.0950393248,910.7489198273555,0.007645542726453236,0.2660069095904197,1.3955830155396463,True,0.0
2020,veg_low,50,53,yes,275.19090885901545,585046.125,275190.90885880427,0.0,0.0,0.0,0.0,275190.90885880427,500.0,585046.1556952465,585143.0812780373,3923.5791925243566,0.01656716856390794,0.6706443849480089,5.977947550359187,True,0.18169204864850438
2020,veg_balanced,1,9,unknown,99.87005768509856,127228.984375,99870.05768493113,0.0,0.0,0.0,0.0,99870.05768493113,8328.427124722846,127228.98456283755,128098.95253778953,2104.7854295273514,0.6837812766809614,1.654328561026762,13.072952983624544,True,8.339263356588088
2020,veg_balanced,1,13,unknown,236.37972567695635,283807.1875,236379.72567680577,0.0,0.0,0.0,0.0,236379.72567680577,3828.427124752605,283807.18483728165,285538.67231040413,2840.929752182369,0.6100928960326435,1.0010069878291459,20.67177551378843,True,1.6196089211081865
2020,veg_balanced,1,17,unknown,242.7401153701835,360643.15625,242740.1153699911,0.0,0.0,0.0,0.0,242740.1153699911,28363.961030658385,360643.1442932437,362643.5476625703,6767.622861155011,0.5546766661118196,1.8765427731664206,18.123660025381223,True,11.684908770610603
2020,veg_balanced,9,13,yes,26.798989873219607,43928.1328125,26798.98987317945,0.0,0.0,0.0,0.0,26798.98987317945,3621.3203435470596,43928.131224934106,44853.18071704496,1061.336252836947,2.105824824129532,2.416074217686093,9.934607126809391,True,13.512898660300975
2020,veg_balanced,9,17,yes,58.07106781186323,92298.7890625,58071.06781185549,0.0,0.0,0.0,0.0,58071.06781185549,5914.213562367315,92298.79043610943,93299.89529377143,1563.535274746953,1.084634861336542,1.693993244504385,11.589768862141476,True,10.184440867401959
2020,veg_balanced,13,17,unknown,98.01219330881582,149698.390625,98012.19330877914,0.0,0.0,0.0,0.0,98012.19330877914,15778.174593062315,149698.38739675033,150821.54136993343,3756.4307068577627,0.7502779373343316,2.509332780520859,22.375014009194434,True,16.098175196788535
2020,veg_balanced,17,24,yes,32.24264068711808,53852.23828125,32242.64068711584,0.0,0.0,0.0,0.0,32242.64068711584,7121.320343554487,53852.24051620426,54372.98795590943,1646.8651893144195,0.9669930809071525,3.058118238959573,19.141853507091746,True,22.086653548821044
2020,veg_balanced,18,24,unknown,9.41421356237589,23813.447265625,9414.21356237589,0.0,0.0,0.0,0.0,9414.21356237589,0.0,23813.447940024642,23971.575121361606,187.09160439738037,0.6640247213894224,0.7856552518920398,2.608781616718164,True,0.0
2020,veg_balanced,18,28,yes,158.0416305603464,257074.671875,158041.6305603433,0.0,0.0,0.0,0.0,158041.6305603433,5414.213562371159,257074.66860075304,257213.02833371423,3137.8499608437737,0.05382083490150791,1.220598660273672,9.778866905633896,True,3.4258147952377076
2020,veg_balanced,18,33,yes,117.98275605729712,193014.03125,117982.75605725277,0.0,0.0,0.0,0.0,117982.75605725277,2621.3203435445394,193014.02918891265,194321.08332784227,2740.8655884535783,0.6771808994517903,1.4200343881588802,7.269688763868201,True,2.2217825986981583
2020,veg_balanced,24,28,yes,21.00000000000093,31310.826171875,21000.00000000093,0.0,0.0,0.0,0.0,21000.00000000093,0.0,31310.826404334486,31360.035714568083,201.19819146394588,0.1571638819050314,0.6425834593624561,3.0222796644877583,True,0.0
2020,veg_balanced,24,33,yes,39.698484809838924,62727.453125,39698.484809821115,0.0,0.0,0.0,0.0,39698.484809821115,1207.1067811868768,62727.45464636799,62869.89468285298,1043.2167633600322,0.2270776604726077,1.6630943647263647,5.313282402306816,True,3.040687288115962
2020,veg_balanced,24,38,yes,104.72792206136147,161990.515625,104727.92206134865,0.0,0.0,0.0,0.0,104727.92206134865,0.0,161990.52280768118,162562.04249984783,1345.3677871319699,0.35281057327358756,0.8305225292279728,4.047337437276882,True,0.0
2020,veg_balanced,26,27,yes,108.56854249493257,205056.625,108568.54249479673,0.0,0.0,0.0,0.0,108568.54249479673,12071.067811859006,205056.62186573946,206053.74686130424,3649.540473208906,0.4862681275504599,1.7797720649072417,10.093630456810338,True,11.118384326138969
2020,veg_balanced,26,31,yes,24.31370849898871,44784.984375,24313.708498971988,0.0,0.0,0.0,0.0,24313.708498971988,0.0,44784.98536995329,44814.66864752114,323.46486635710704,0.06627952945088555,0.7222618555863657,2.2041846258270565,True,0.0
2020,veg_balanced,26,32,yes,117.98275605729822,239837.046875,117982.75605711622,0.0,0.0,0.0,0.0,117982.75605711622,4621.320343549655,239837.05342622194,241166.29620584525,3624.4023686888777,0.5542274476083797,1.5111936695819217,8.783582257375958,True,3.9169455757690934
2020,veg_balanced,27,30,unknown,203.45584412272535,330923.28125,203455.84412269996,0.0,0.0,0.0,0.0,203455.84412269996,9207.106781193186,330923.28934796085,332083.77033031156,5298.711554952115,0.3506797556126262,1.6011902835223542,10.229514557070226,True,4.525358718936858
2020,veg_balanced,27,31,unknown,318.7523086789904,627627.5,318752.3086787622,0.0,0.0,0.0,0.0,318752.3086787622,22899.494936568633,627627.4844937064,629593.6534384482,8909.831187817097,0.3132700516338849,1.4196050058267393,8.818794809324485,True,7.184103240377372
2020,veg_balanced,27,32,unknown,449.10764773831977,884418.0,449107.6477380374,0.0,0.0,0.0,2999.9999999999877,449107.6477380374,26899.494936573785,884417.9924033438,886487.7747664899,12583.998201628994,0.23402761826696317,1.4228564219315418,14.817106348127346,True,5.989542835009603
2020,veg_balanced,27,41,yes,158.19595949289376,289308.5,158195.95949275405,0.0,0.0,0.0,0.0,158195.95949275405,5828.427124746306,289308.51459708397,291634.59049556963,4642.181881456106,0.8040122502876113,1.604578381635677,9.67357674091138,True,3.684308463651544
2020,veg_balanced,28,33,yes,21.414213562380546,35992.265625,21414.213562383637,0.0,0.0,0.0,0.0,21414.213562383637,4707.106781197691,35992.26455976059,36302.87339965149,901.0102536334937,0.8629877660939478,2.5033441620142587,7.2775242499345545,True,21.981226475980556
2020,veg_balanced,28,38,unknown,35.55634918609702,62567.73828125,35556.349186056505,0.0,0.0,0.0,0.0,35556.349186056505,0.0,62567.73835322294,62593.10804604276,523.8137092659703,0.04054756250992941,0.8371945719194883,3.5483801656349048,True,0.0
2020,veg_balanced,30,36,yes,30.99999999999907,46143.203125,30999.999999999072,0.0,0.0,0.0,0.0,30999.999999999072,1000.0000000000018,46143.20288181165,46368.95439623423,680.9550466156901,0.4892411023153409,1.4757429135551041,6.741156774461568,True,3.2258064516130056
2020,veg_balanced,30,40,yes,136.26702730475913,212580.21875,136267.0273046898,0.0,0.0,0.0,0.0,136267.0273046898,2414.21356236429,212580.22039873234,213709.14632698052,2922.1215869645894,0.5310587815417156,1.3745971198466282,5.364449323670619,True,1.7716784537804338
2020,veg_balanced,30,41,unknown,169.9066376115501,282551.28125,169906.63761125246,0.0,0.0,0.0,0.0,169906.63761125246,8485.281374222268,282551.2816105923,283549.6401070481,4477.179773717082,0.3533370971686711,1.5845547569971599,8.302417618549727,True,4.994084688814012
2020,veg_balanced,31,32,yes,64.72792206135018,116792.046875,64727.922061337056,0.0,0.0,0.0,3207.106781178505,64727.922061337056,2414.213562367535,116792.04868218387,117018.99885840194,1959.6343195407585,0.19431988630977948,1.677883333370872,7.631094134719607,True,3.7297869072326986
2020,veg_balanced,33,38,yes,41.82842712474805,66421.8671875,41828.42712474417,0.0,0.0,0.0,0.0,41828.42712474417,5121.32034355772,66421.86525803305,66663.3421078756,1258.2534668927278,0.3635502389227607,1.8943362430499568,11.265634309508355,True,12.243635956677256
2020,veg_balanced,36,40,yes,63.840620433562016,106041.2734375,63840.620433489305,0.0,0.0,0.0,0.0,63840.620433489305,1000.0,106041.26942517949,106929.84614251745,1543.5550706587308,0.8379536779922425,1.4556173073237595,7.839581543625136,True,1.5664008169247416
2020,veg_balanced,36,41,yes,148.78174593052134,240797.453125,148781.74593027457,0.0,0.0,0.0,0.0,148781.74593027457,6414.213562369985,240797.44836294913,242233.72493609862,3468.0586957326855,0.5964666913681915,1.4402389723438225,13.615118382167655,True,4.311156266022014
2020,veg_balanced,36,43,yes,109.66904755831357,245200.375,109669.04755815266,0.0,0.0,0.0,0.0,109669.04755815266,4207.106781184975,245200.3809573505,245542.54727447298,3134.7585436340814,0.1395455895241815,1.2784476644754206,7.800127664838613,True,3.8361842970817563
2020,veg_balanced,38,40,yes,25.556349186110793,42405.1796875,25556.34918610367,0.0,0.0,0.0,0.0,25556.34918610367,0.0,42405.179418336855,42478.323414033744,260.3269424267996,0.17248835331011847,0.6139036457283069,1.9514670972045924,True,0.0
2020,veg_balanced,38,42,unknown,29.698484809835655,53316.67578125,29698.48480982892,0.0,0.0,0.0,0.0,29698.48480982892,3535.533905931958,53316.67708398303,53213.12435502092,1221.650326649728,-0.19422202324986815,2.291309949278003,10.008683852521143,True,11.904761904761715
2020,veg_balanced,40,42,yes,21.82842712474449,50722.1328125,21828.427124744485,0.0,0.0,0.0,0.0,21828.427124744485,1000.0000000000015,50722.13457663196,50634.59637191122,503.6761674988954,-0.1725838343583197,0.9930105893669201,5.925219290962479,True,4.581182117636005
2020,veg_balanced,40,43,yes,134.19595949289072,280097.5,134195.95949271924,0.0,0.0,0.0,0.0,134195.95949271924,7863.961030665098,280097.49835581286,281207.0199494878,4167.460235029641,0.39611977978664115,1.4878605697990355,7.910726839665299,True,5.860057978192522
2020,veg_balanced,40,45,unknown,136.30865786509838,281541.3125,136308.6578649932,0.0,0.0,0.0,0.0,136308.6578649932,9692.388155418956,281541.31836134545,282107.73247874755,4997.790472299716,0.2011833008024544,1.7751534664213229,11.85432268740289,True,7.110618142113007
2020,veg_balanced,41,43,yes,119.36753236814607,257233.515625,119367.53236798928,0.0,0.0,0.0,0.0,119367.53236798928,6449.747468301331,257233.51579151672,258564.15984174545,4153.368285932616,0.5172903095983727,1.6146295217995033,12.414681300999925,True,5.403267823630537
2020,veg_balanced,41,45,yes,148.69343417595385,414047.21875,148693.4341758117,0.0,0.0,0.0,0.0,148693.4341758117,7071.067811858715,414047.2317112298,415660.962861209,6379.98803665956,0.38974566821996515,1.5408841185319588,10.158677108319157,True,4.755467415930448
2020,veg_balanced,42,50,yes,59.69848480983516,97096.4765625,59698.4848097881,0.0,0.0,0.0,0.0,59698.4848097881,6535.533905924334,97096.47636948676,97706.71138583381,1629.149113879688,0.6284831738124996,1.6778663601346295,9.081908571979508,True,10.947570824867526
2020,veg_balanced,43,45,yes,31.79898987322179,71703.15625,31798.98987315632,0.0,0.0,0.0,0.0,31798.98987315632,2621.3203435538376,71703.15810164061,71594.06246889377,1154.0503410076399,-0.15214899264576198,1.6094832801809806,6.590940948197457,True,8.243407586247486
2020,veg_balanced,43,49,yes,150.38477631084803,314540.84375,150384.77631082808,0.0,0.0,0.0,0.0,150384.77631082808,4414.213562370838,314540.8457330537,315865.5282179867,3052.112261255911,0.4211480012542568,0.9703389250266705,20.47744805200095,True,2.9352795347097933
2020,veg_balanced,45,49,yes,111.38477631085007,236849.875,111384.77631083407,0.0,0.0,0.0,0.0,111384.77631083407,2000.000000000012,236849.87934480287,237040.83495782892,2171.445401286519,0.08062305691447502,0.9168024097345467,7.674975012238157,True,1.7955775162835046
2020,veg_balanced,45,50,yes,275.7350647362939,507947.1875,275735.0647360752,0.0,0.0,0.0,0.0,275735.0647360752,25713.203435546413,507947.1924105687,510212.7008057157,8972.242044818267,0.4460125833938733,1.7663729968146162,9.153924927379071,True,9.325329536944556
2020,veg_balanced,45,53,unknown,268.0121933088206,653113.1875,268012.1933087912,0.0,0.0,0.0,0.0,268012.1933087912,2207.106781185172,653113.1740965743,654364.5720271594,5035.284039825468,0.19160506635256258,0.7709665398788775,7.0200998759198,True,0.8235098388386555
2020,veg_balanced,49,53,yes,125.14213562373784,346942.9375,125142.13562372871,0.0,0.0,0.0,0.0,125142.13562372871,0.0,346942.94236984116,347107.99047910527,1783.9161852929562,0.04757211895902724,0.5141814308449894,2.8208570197029372,True,0.0
2020,veg_balanced,50,53,yes,261.0782104868039,635171.3125,261078.21048643353,0.0,0.0,0.0,0.0,261078.21048643353,20313.708498938486,635171.3009087149,638385.9043130685,10668.348559537391,0.5061002283564431,1.6796017931343246,11.546622404065165,True,7.780698535159468
2020,veg_high,1,9,unknown,100.28427124747057,126198.8828125,100284.2712474102,0.0,0.0,0.0,0.0,100284.2712474102,24363.961030644998,126198.88302185966,131070.14368582395,6641.091667979051,3.859987146732924,5.2624013057458745,49.49643254647603,True,24.294897622117574
2020,veg_high,1,13,unknown,235.79393923933023,277893.65625,235793.9392391467,0.0,0.0,0.0,0.0,235793.9392391467,18142.135623709884,277893.6435262849,281986.7296816995,6037.770030025529,1.4728966461686754,2.1726909451437093,40.28477739905787,True,7.694063588848136
2020,veg_high,1,17,unknown,243.1543289325611,391982.6875,243154.32893246852,0.0,0.0,0.0,0.0,243154.32893246852,61435.02884254949,391982.67227321124,399857.99741498986,16544.167219805993,2.009100324794333,4.220637387837066,49.49643254647603,True,25.265858564916563
2020,veg_high,9,13,yes,26.798989873219607,40549.9140625,26798.98987317945,0.0,0.0,0.0,0.0,26798.98987317945,10071.06781184269,40549.91408736372,42400.01307158539,2122.6725056738937,4.562522574611805,5.234715173750188,22.24353160094748,True,37.58002767828895
2020,veg_high,9,17,yes,58.07106781186323,106109.84375,58071.06781185549,0.0,0.0,0.0,0.0,58071.06781185549,8914.213562367315,106109.83971807723,108112.04943340122,3127.0705494939043,1.8869218167171464,2.9470127914642075,20.35557742753574,True,15.350524621397499
2020,veg_high,13,17,unknown,99.25483399593293,164796.875,99254.83399589077,0.0,0.0,0.0,0.0,99254.83399589077,30642.135623731865,164796.87033929132,167546.71677680674,8048.5603140280555,1.6686278276122124,4.8839278910196,43.63514392812933,True,30.872184648458
2020,veg_high,17,24,yes,31.41421356237216,62513.21484375,31414.213562372166,0.0,0.0,0.0,0.0,31414.213562372166,9000.000000004495,62513.21693092521,62213.37454008508,2199.097059544646,-0.4796463940920592,3.517811380551039,15.614066937705731,True,28.6494518862782
2020,veg_high,18,24,unknown,9.41421356237589,26411.791015625,9414.213562375246,0.0,0.0,0.0,0.0,9414.213562375246,0.0,26411.791387094247,26816.976754934036,611.7304072551714,1.5341078607707725,2.316126150966363,4.436470531357209,True,0.0
2020,veg_high,18,28,yes,156.38477631085397,329272.78125,156384.77631084475,0.0,0.0,0.0,0.0,156384.77631084475,14121.320343548792,329272.7657817959,331126.67572077806,7022.612205918737,0.5630316660354184,2.132764363079003,14.568240551735013,True,9.029856151394148
2020,veg_high,18,33,yes,117.98275605729604,256900.0625,117982.75605724398,0.0,0.0,0.0,0.0,117982.75605724398,12778.174593024796,256900.0610569289,259630.22275487788,5517.905030268322,1.0627329891307324,2.1478799995479787,10.809780291364564,True,10.830544242266184
2020,veg_high,24,28,yes,21.00000000000093,40875.8828125,21000.00000000093,0.0,0.0,0.0,0.0,21000.00000000093,0.0,40875.884055973904,40974.3026764411,402.39638292789186,0.24077429207995937,0.9844346910683701,4.725561048998984,True,0.0
2020,veg_high,24,33,yes,39.698484809838924,84212.3515625,39698.484809821115,0.0,0.0,0.0,0.0,39698.484809821115,6035.533905929046,84212.34875936482,84497.22883233485,2086.433526720065,0.33828776559132745,2.4775861942552027,7.57381026906552,True,15.203436440566366
2020,veg_high,24,38,yes,103.48528137423736,205667.203125,103485.28137423098,0.0,0.0,0.0,0.0,103485.28137423098,1999.9999999999955,205667.20737043745,206333.88635771314,2842.9561962065522,0.3241542469504699,1.382308941009717,9.905262952413675,True,1.932641988736012
2020,veg_high,26,27,yes,108.5685424949326,214570.125,108568.54249484048,0.0,0.0,0.0,0.0,108568.54249484048,20727.922061341516,214570.12804850336,216861.45538131084,7104.054480041348,1.067868744660272,3.3108310763721422,17.455271857696943,True,19.092014671124993
2020,veg_high,26,31,yes,24.3137084989898,49351.21875,24313.70849898401,0.0,0.0,0.0,0.0,24313.70849898401,0.0,49351.21937750928,49368.27027252818,603.3782973277965,0.03455009872899151,1.2226208489648236,4.318541634498034,True,0.0
2020,veg_high,26,32,yes,117.98275605729711,246352.671875,117982.75605714378,0.0,0.0,0.0,0.0,117982.75605714378,29763.45596723592,246352.67533138665,249066.2239020473,7153.205078841821,1.1014893859019104,2.903644163482102,18.883989393769774,True,25.226954312560967
2020,veg_high,27,30,unknown,204.28427124747154,415132.125,204284.27124745186,0.0,0.0,0.0,0.0,204284.27124745186,28828.427124747017,415132.1293941049,417797.3916545025,10764.07848190616,0.6420274586521613,2.5929283039635083,12.30698622107667,True,14.111917157746726
2020,veg_high,27,31,unknown,307.15432893255354,656575.0625,307154.32893241773,0.0,0.0,0.0,1000.000000000001,307154.32893241773,36606.601717768615,656575.0597453776,661492.5360390954,14903.063874808584,0.7489587398620934,2.2698187592730146,22.68805152626921,True,11.917983329423645
2020,veg_high,27,32,unknown,442.480230740355,921694.125,442480.23074017547,0.0,0.0,0.0,3999.9999999999886,442480.23074017547,68056.34918609617,921694.0941030789,930000.1527098323,24829.327133882496,0.9011730312578514,2.6938793784986186,31.80784831445832,True,15.380653068330837
2020,veg_high,27,41,yes,158.19595949289237,326035.15625,158195.95949275017,0.0,0.0,0.0,0.0,158195.95949275017,28970.56274844958,326035.16834001825,330019.4736738505,9551.562913344937,1.2220477177716793,2.9296112324250014,16.878070679517613,True,18.313086403308073
2020,veg_high,28,33,yes,21.414213562380546,46598.046875,21414.213562383637,0.0,0.0,0.0,0.0,21414.213562383637,7707.106781197692,46598.045105823156,47219.26278560496,1802.020507266988,1.3331410757061457,3.8671590260377626,11.449989314762941,True,35.990613238003995
2020,veg_high,28,38,unknown,35.5563491860973,73480.734375,35556.34918605678,0.0,0.0,0.0,0.0,35556.34918605678,999.9999999999998,73480.73457338387,73504.33117658914,1023.5131559368901,0.03211263924109975,1.3929000055310092,6.562313812661523,True,2.812437223988519
2020,veg_high,30,36,yes,30.99999999999907,61285.46875,30999.999999999072,0.0,0.0,0.0,0.0,30999.999999999072,3500.0000000022856,61285.468587873474,61736.97161671864,1361.9100932313809,0.7367211824411246,2.222239830439775,9.95436554450829,True,11.290322580652873
2020,veg_high,30,40,yes,136.2670273047605,284536.5,136267.02730468955,0.0,0.0,0.0,0.0,136267.02730468955,11278.174593033727,284536.49393675383,286781.439464475,5803.691654835261,0.7889833380108291,2.039700276944192,8.06424557411407,True,8.276525008369061
2020,veg_high,30,41,unknown,170.49242404917564,360442.53125,170492.42404896967,0.0,0.0,0.0,0.0,170492.42404896967,22213.203435578824,360442.526647877,363850.147991052,8022.666341959331,0.9453993608539824,2.225782406024698,13.180557968841281,True,13.028850730164198
2020,veg_high,31,32,yes,64.72792206135018,124217.6953125,64727.92206133765,0.0,0.0,0.0,3207.1067811785047,64727.92206133765,17621.32034355936,124217.69254213222,124734.46355852453,4215.899457754011,0.41602046038411444,3.393960531285879,14.655458311738903,True,27.223676865234445
2020,veg_high,33,38,yes,41.82842712474805,84784.1484375,41828.42712474417,0.0,0.0,0.0,0.0,41828.42712474417,8121.320343557722,84784.15191853569,85267.10561822078,2516.5069337854547,0.5696273286417197,2.9681336391775486,17.612295414486507,True,19.415791847342604
2020,veg_high,36,40,yes,63.8406204335631,141877.25,63840.620433515454,0.0,0.0,0.0,0.0,63840.620433515454,7621.320343552664,141877.24369371467,143540.6068599059,2908.750698162565,1.1723960255262122,2.0501883335441664,11.675682005901631,True,11.938042412181154
2020,veg_high,36,41,yes,145.4680374315396,299929.1875,145468.0374313922,0.0,0.0,0.0,0.0,145468.0374313922,13656.85424948021,299929.18249289686,300717.45473216515,6015.183675219057,0.2628194538178974,2.005534648287021,8.732008496349058,True,9.388216470522782
2020,veg_high,36,43,yes,109.66904755831358,288789.5625,109669.0475581605,0.0,0.0,0.0,0.0,109669.0475581605,17485.281374209077,288789.55642133066,290432.921535803,7347.460858257566,0.5690528199277178,2.544226650474146,14.634833400587443,True,15.94367942781317
2020,veg_high,38,40,yes,25.556349186110513,54168.875,25556.349186100997,0.0,0.0,0.0,0.0,25556.349186100997,0.0,54168.87357642447,54360.03831795133,491.4043008500785,0.3529051444223885,0.9071709792096339,2.962261484161989,True,0.0
2020,veg_high,38,42,unknown,29.698484809835655,70356.734375,29698.48480982892,0.0,0.0,0.0,0.0,29698.48480982892,4949.747468304718,70356.73216673621,70149.62670881202,2443.300653299456,-0.29436480567825996,3.4727318595598704,15.213717317712563,True,16.666666666666323
2020,veg_high,40,42,yes,21.41421356237139,58891.66796875,21414.21356237139,0.0,0.0,0.0,0.0,21414.21356237139,0.0,58891.66740878947,59233.83615845237,1281.4541552362448,0.5810138593763448,2.1759515592268497,4.62633927551201,True,0.0
2020,veg_high,40,43,yes,130.05382386916062,338416.21875,130053.82386903887,0.0,0.0,0.0,0.0,130053.82386903887,14656.854249509857,338416.21269329626,340464.5087121857,7838.113589668792,0.6052594237693443,2.316116455322549,12.30365548029902,True,11.269837220833248
2020,veg_high,40,45,unknown,136.89444430272695,350327.59375,136894.44430251303,0.0,0.0,0.0,0.0,136894.44430251303,20798.989873182043,350327.600292737,352362.9378637836,10012.15236066127,0.5809812213898757,2.8579399260278158,17.341171070694024,True,15.193450675923614
2020,veg_high,41,43,yes,97.9827560572984,281985.40625,97982.75605714592,0.0,0.0,0.0,0.0,97982.75605714592,4621.320343551477,281985.39171804895,283566.09259941103,5131.532693038392,0.5605612658625247,1.8197867136923531,7.35787496731542,True,4.716462905836422
2020,veg_high,41,45,yes,154.55129855222208,446885.90625,154551.29855200683,0.0,0.0,0.0,0.0,154551.29855200683,22591.883091995,446885.9030203634,452799.122046801,12009.55641297129,1.3232055400432152,2.6873876154522702,17.00619023969794,True,14.61772453784514
2020,veg_high,42,50,yes,59.69848480983543,131344.828125,59698.48480979927,0.0,0.0,0.0,0.0,59698.48480979927,12363.961030658309,131344.83195334452,132719.1821448779,3412.04505283303,1.0463679241080381,2.5977764043620954,14.062445958719838,True,20.710678118632607
2020,veg_high,43,45,yes,25.556349186104864,80861.484375,25556.349186076994,0.0,0.0,0.0,0.0,25556.349186076994,7828.427124741961,80861.48343513095,83116.20742700466,2823.491303686426,2.7883782192575035,3.491762930557042,10.176269607142752,True,30.632024424704838
2020,veg_high,43,49,yes,148.7279220613572,353968.3125,148727.9220613454,0.0,0.0,0.0,0.0,148727.9220613454,7828.427124721006,353968.3064014923,356853.6434303642,6326.949774316073,0.8151399367374967,1.7874339764023008,29.6173151528992,True,5.263589389416761
2020,veg_high,45,49,yes,111.79898987322316,272377.46875,111798.9898732066,0.0,0.0,0.0,0.0,111798.9898732066,3414.213562372465,272377.46122795035,273629.1165414673,3978.0174096822348,0.45952969378382225,1.460479656337301,16.274302050826837,True,3.05388587700532
2020,veg_high,45,50,yes,274.3208511739196,690533.6875,274320.8511736905,0.0,0.0,0.0,0.0,274320.8511736905,31920.310216727383,690533.7090709491,693332.1934166306,15939.834999664488,0.40526397320219676,2.308335536741588,11.60497523634424,True,11.636122474888554
2020,veg_high,45,53,unknown,261.38477631084555,704289.875,261384.77631083253,0.0,0.0,0.0,0.0,261384.77631083253,14621.320343560388,704289.8962244494,706835.9724775011,11012.606256738609,0.36150969461592464,1.5636467761038295,11.281975781293186,True,5.593791861149963
2020,veg_high,49,53,yes,125.14213562373648,355410.9375,125142.13562372998,0.0,0.0,0.0,0.0,125142.13562372998,3207.1067811894636,355410.94823151256,355956.16216856777,3838.1224058319867,0.1534038103688573,1.0799111352450113,5.76435042944323,True,2.5627713361328626
2020,veg_high,50,53,yes,261.6639969244295,717329.3125,261663.99692426054,0.0,0.0,0.0,0.0,261663.99692426054,23763.455967259026,717329.3078895898,723692.9210242062,15346.10206326335,0.8871257684059275,2.1393385010870625,18.849767586635867,True,9.081668187671012
2024,veg_low,1,9,unknown,99.87005768509692,142855.734375,99870.05768492953,0.0,0.0,0.0,0.0,99870.05768492953,0.0,142855.73865218437,143298.6777521903,1140.0207938338965,0.3100604177227906,0.798022399792803,4.299131618307284,True,0.0
2024,veg_low,1,13,unknown,209.2792206135827,312257.5,209279.22061301803,0.0,0.0,0.0,0.0,209279.22061301803,3621.320343555144,312257.5136422802,313246.5482635155,3161.6257526816653,0.31673685276580876,1.0125059012362467,5.760893811311439,True,1.7303774034266846
2024,veg_low,1,17,unknown,237.18376618407996,349434.375,237183.76618402914,0.0,0.0,0.0,999.9999999999991,237183.76618402914,8621.320343568384,349434.3749136811,350871.4442565602,5184.810148284202,0.41125585976882206,1.4837722103227473,11.305930095037375,True,3.63486948633709
2024,veg_low,9,13,yes,26.798989873218513,46013.93359375,26798.989873199404,0.0,0.0,0.0,0.0,26798.989873199404,0.0,46013.93261738171,46292.79185265133,500.2374869002893,0.6060321720127826,1.087143520333068,3.8785725121609675,True,0.0
2024,veg_low,9,17,yes,57.6568542494904,82727.2734375,57656.85424948398,0.0,0.0,0.0,0.0,57656.85424948398,999.9999999999993,82727.27217252736,83015.56531762981,998.932780327732,0.3484862216914575,1.2075011711306787,5.99785333453228,True,1.7343991673096684
2024,veg_low,13,17,unknown,98.01219330881801,136366.59375,98012.19330877201,0.0,0.0,0.0,0.0,98012.19330877201,4207.106781181947,136366.59008253762,137100.31585129103,1705.689995151944,0.5380539091791592,1.2508122364279648,6.1944047382404195,True,4.2924320323371585
2024,veg_low,17,24,yes,31.41421356237216,48983.1953125,31414.213562372155,0.0,0.0,0.0,0.0,31414.213562372155,0.0,48983.196069726044,49113.32133035597,529.5079175059252,0.2656528586756357,1.0809991180489473,2.930089462037735,True,0.0
2024,veg_low,18,24,unknown,9.41421356237589,23560.740234375,9414.213562375888,0.0,0.0,0.0,0.0,9414.213562375888,0.0,23560.739872099817,23306.024543074756,451.232428478934,-1.0811007226758984,1.9151878545769903,3.6776257185235286,True,0.0
2024,veg_low,18,28,yes,158.45584412271197,228735.421875,158455.8441226809,0.0,0.0,0.0,0.0,158455.8441226809,6999.999999999993,228735.42096450535,229195.5004861686,3733.682418908127,0.20114047912791477,1.6323149266363568,8.313341073610022,True,4.4176344765046345
2024,veg_low,18,33,yes,117.98275605729823,167284.125,117982.75605722709,0.0,0.0,0.0,0.0,117982.75605722709,10656.854249481594,167284.12258253872,168975.12798946016,2681.4074162814695,1.010858281596394,1.6029061066201615,9.10948451146696,True,9.032552387835835
2024,veg_low,24,28,yes,21.00000000000093,27270.27734375,21000.00000000093,0.0,0.0,0.0,0.0,21000.00000000093,0.0,27270.27773165829,27220.487084002558,177.8606580197867,-0.1825821069578959,0.6522143256843578,1.9687345686060156,True,0.0
2024,veg_low,24,33,yes,39.698484809833474,54467.83203125,39698.48480979314,0.0,0.0,0.0,0.0,39698.48480979314,2414.213562370743,54467.83150580041,54677.13996360858,705.374862474197,0.3842790359404713,1.2950301911672029,6.878646012356647,True,6.081374576228626
2024,veg_low,24,38,yes,105.14213562372896,149116.859375,105142.13562372274,0.0,0.0,0.0,0.0,105142.13562372274,3000.000000000006,149116.86126711845,149604.1838136242,2129.991012735324,0.3268057967185767,1.4284038670313706,8.057204454818251,True,2.8532804495585395
2024,veg_low,26,27,yes,109.69848480983347,200911.09375,109698.48480977463,0.0,0.0,0.0,0.0,109698.48480977463,1000.0000000000144,200911.08753459904,201638.39069034156,1660.8219260005753,0.36200249805391493,0.8266452321674701,5.372081528510914,True,0.9115896192496087
2024,veg_low,26,31,yes,24.31370849898871,43574.20703125,24313.708498971988,0.0,0.0,0.0,0.0,24313.708498971988,0.0,43574.20729327503,43579.60671705008,188.35817515118197,0.012391329895478087,0.4322698836112894,1.3281640944619184,True,0.0
2024,veg_low,26,32,yes,117.98275605729711,242604.203125,117982.75605711655,0.0,0.0,0.0,0.0,117982.75605711655,0.0,242604.19752847715,242755.13321078965,1468.285628111944,0.06221478599717223,0.6052185588996642,3.5713569253036077,True,0.0
2024,veg_low,27,30,unknown,205.5269119345871,298618.9375,205526.91193455944,0.0,0.0,0.0,0.0,205526.91193455944,9621.320343554047,298618.93971444864,299457.36884516315,3604.0862267652215,0.28076890619068706,1.2069181647391798,12.940125999002698,True,4.681294655279749
2024,veg_low,27,31,unknown,322.65180361560397,620835.75,322651.8036154423,0.0,0.0,0.0,0.0,322651.8036154423,3207.106781185165,620835.7338860857,622505.7949912824,5191.478449432937,0.26900209089819604,0.836208060534334,10.114650101287141,True,0.9939838380719566
2024,veg_low,27,32,unknown,449.6934341759406,874073.0625,449693.4341757597,0.0,0.0,0.0,2207.106781187178,449693.4341757597,3207.106781185165,874073.0595029696,875917.2953715206,6821.221598278686,0.2109933315642687,0.7803949022473573,10.114650101287141,True,0.7131762524092554
2024,veg_low,27,41,yes,158.19595949289348,275377.8125,158195.95949276033,0.0,0.0,0.0,0.0,158195.95949276033,3621.3203435568093,275377.80096732767,275935.0484557719,2921.3061018548965,0.20235744729122374,1.0608357288035342,6.9266541955245104,True,2.289135800413749
2024,veg_low,28,33,yes,21.00000000000745,29762.53125,21000.00000001117,0.0,0.0,0.0,0.0,21000.00000001117,0.0,29762.53170540699,29764.84508421231,133.18515885810376,0.007772789049731443,0.4474927071943543,1.4687189879269114,True,0.0
2024,veg_low,28,38,unknown,38.04163056034142,60644.140625,38041.63056026182,0.0,0.0,0.0,0.0,38041.63056026182,0.0,60644.140601689694,60577.696605919125,694.801599407135,-0.1095637519327286,1.1457027711392387,4.6685236795860785,True,0.0
2024,veg_low,30,36,yes,30.99999999999907,42104.5703125,30999.999999999072,0.0,0.0,0.0,0.0,30999.999999999072,0.0,42104.570028781265,42107.66401349129,572.0218371916446,0.007348334653234367,1.358574227929723,4.545342466145088,True,0.0
2024,veg_low,30,40,yes,136.26702730475722,188904.921875,136267.02730462575,0.0,0.0,0.0,0.0,136267.02730462575,18899.494936611336,188904.92999466957,190284.30217716732,4061.273461796139,0.7301938507039862,2.149903373040999,13.620575584636697,True,13.86945566396
2024,veg_low,30,41,unknown,169.9066376115501,245939.9375,169906.63761140505,0.0,0.0,0.0,0.0,169906.63761140505,9899.494936599198,245939.93538664657,245703.47587314388,2807.0567703347238,-0.09614522876528753,1.1413586678884418,8.940692791770816,True,5.826432136948304
2024,veg_low,31,32,yes,64.72792206135018,114381.8515625,64727.922061319056,0.0,0.0,0.0,3207.1067811784174,64727.922061319056,0.0,114381.84889025576,114421.1040680923,991.3978047948453,0.03431941187994614,0.8667439933988539,3.5713569253036077,True,0.0
2024,veg_low,33,38,yes,39.69848480982853,61564.515625,39698.484809782,0.0,0.0,0.0,0.0,39698.484809782,1414.2135623728855,61564.514368536176,61453.002545666706,886.5527419002822,-0.1811300292274498,1.4400385530424542,5.191530672508368,True,3.5623867488877377
2024,veg_low,36,40,yes,63.8406204335631,94639.75,63840.620433439,0.0,0.0,0.0,0.0,63840.620433439,6035.533905914072,94639.75223470594,95262.8933050791,1566.5833678047065,0.6584348074240243,1.655312203184546,11.439511896890462,True,9.454065240808228
2024,veg_low,36,41,yes,149.1959594928918,214000.96875,149195.959492751,0.0,0.0,0.0,0.0,149195.959492751,4414.213562378922,214000.96577122138,214794.2058865525,1755.9388909821148,0.3706712782684862,0.8205284890439739,7.412256020990402,True,2.9586683026716925
2024,veg_low,36,43,yes,114.22539674441454,228851.90625,114225.39674427282,0.0,0.0,0.0,0.0,114225.39674427282,11656.854249471851,228851.90993052616,230881.02779517497,2986.9753559239616,0.8866510510070924,1.3052000994139548,11.481707067920379,True,10.205133518222006
2024,veg_low,38,40,yes,25.55634918611079,40615.37890625,25556.349186074716,0.0,0.0,0.0,0.0,25556.349186074716,0.0,40615.37778648744,40807.382838260004,461.43716126831964,0.4727397902881014,1.136114413841148,4.6270130745849904,True,0.0
2024,veg_low,38,42,unknown,29.698484809835655,45521.75390625,29698.48480982892,0.0,0.0,0.0,0.0,29698.48480982892,2828.427124745148,45521.753486074536,45531.50749734461,987.0566399942593,0.02142714311972327,2.1683185826666533,6.974224993579242,True,9.523809523807964
2024,veg_low,40,42,yes,21.82842712474449,47184.3671875,21828.427124744485,0.0,0.0,0.0,0.0,21828.427124744485,2000.000000000003,47184.36620049604,47176.68877369327,778.1364767116299,-0.016271124147670957,1.6491404661560325,10.550521926006763,True,9.16236423527201
2024,veg_low,40,43,yes,135.02438661763796,253047.015625,135024.38661755904,0.0,0.0,0.0,0.0,135024.38661755904,9278.17459305581,253047.02375546558,253294.14591737962,3703.886763125657,0.09765859255979059,1.4637148100603403,10.185044585960254,True,6.8714806454445645
2024,veg_low,40,45,unknown,139.2375900532335,258287.421875,139237.5900529293,0.0,0.0,0.0,0.0,139237.5900529293,8071.067811866069,258287.42921331234,260387.89025972993,4176.271039747461,0.813226200289785,1.6169083615364015,10.185044585960254,True,5.7966155610693635
2024,veg_low,41,43,yes,119.95331880576833,242943.484375,119953.3188055218,0.0,0.0,0.0,0.0,119953.3188055218,0.0,242943.47903065322,242956.30985466848,1542.869692235294,0.005281402928147827,0.6350735152025313,4.295938072602408,True,0.0
2024,veg_low,41,45,yes,148.6934341759484,382776.90625,148693.43417583161,0.0,0.0,0.0,0.0,148693.43417583161,1414.2135623701872,382776.9076387524,383177.98307604645,2330.8023967762324,0.10478046854187628,0.6089192817702417,5.556582066117302,True,0.9510934831849159
2024,veg_low,42,50,yes,51.828427124744984,79146.6328125,51828.42712474277,0.0,0.0,0.0,0.0,51828.42712474277,1999.999999999997,79146.63223124215,79493.76705551617,1275.9607121367221,0.43859708807292286,1.6121478276027674,6.506160164993648,True,3.858886157564295
2024,veg_low,43,45,yes,32.97056274847151,61452.13671875,32970.56274844962,0.0,0.0,0.0,0.0,32970.56274844962,0.0,61452.13804578791,61572.81169858875,244.8232369911191,0.19637014534941155,0.398396613651915,1.9076775421510348,True,0.0
2024,veg_low,43,49,yes,151.21320343559256,287381.9375,151213.2034355547,0.0,0.0,0.0,0.0,151213.2034355547,0.0,287381.93332937604,287500.8358361008,1618.623207015437,0.04137438472462396,0.5632306764254,4.231097903279013,True,0.0
2024,veg_low,45,49,yes,111.79898987322427,219427.28125,111798.98987319076,0.0,0.0,0.0,0.0,111798.98987319076,0.0,219427.27847324967,220118.05253094388,1533.8732584226875,0.3148077406330385,0.6990349008086894,3.8643637949443135,True,0.0
2024,veg_low,45,50,yes,276.7350647362926,428021.71875,276735.06473599793,0.0,0.0,0.0,0.0,276735.06473599793,14692.388155411885,428021.70910448395,430161.5907412618,5951.717803177511,0.4999469866271422,1.3905177416420818,9.279182279491124,True,5.309189194881485
2024,veg_low,45,53,unknown,287.4802307403534,632096.5,287480.2307401185,0.0,0.0,0.0,0.0,287480.2307401185,3828.427124740272,632096.5172125029,633672.0618443146,4689.006441786663,0.24925697087523346,0.7418181107000592,6.502461607565421,True,1.3317183984735153
2024,veg_low,49,53,yes,125.55634918610959,344544.15625,125556.34918610053,0.0,0.0,0.0,0.0,125556.34918610053,0.0,344544.1715511317,344788.7370757083,1229.7800577590044,0.07098234269224957,0.35692957806325865,1.6347843465310787,True,0.0
2024,veg_low,50,53,yes,277.705627484775,586001.0,277705.6274844384,0.0,0.0,0.0,0.0,277705.6274844384,2414.2135623709632,586000.9874276551,585845.3487432315,5467.084770101721,-0.02655945770788648,0.9329480474257156,6.5931360269068415,True,0.8693426864409677
2024,veg_balanced,1,9,unknown,99.87005768509692,158327.90625,99870.05768492953,0.0,0.0,0.0,0.0,99870.05768492953,6828.427124731239,158327.91085177113,159213.78905178307,2280.041587667792,0.5595211831231239,1.4400755845268494,8.027819428020507,True,6.837311685824383
2024,veg_balanced,1,13,unknown,209.27922061358106,338084.84375,209279.2206129834,0.0,0.0,0.0,0.0,209279.2206129834,22349.24240484734,338084.8462915017,340148.6398325419,6481.759627171365,0.6104365704876269,1.9171990990636405,10.631816656990805,True,10.679150246921756
2024,veg_balanced,1,17,unknown,236.7695526217055,384297.09375,236769.5526216662,0.0,0.0,0.0,999.9999999999991,236769.5526216662,48278.174593052725,384297.0883291694,387993.7476457154,11516.228794865749,0.9619274849617554,2.996699466273742,18.80033158765216,True,20.390364410662364
2024,veg_balanced,9,13,yes,26.38477631084542,46948.2734375,26384.776310827663,0.0,0.0,0.0,0.0,26384.776310827663,2621.320343557236,46948.273937814534,47413.636327464716,877.0148464300913,0.9912236395880569,1.8680449202280445,7.700677270605915,True,9.934972776257764
2024,veg_balanced,9,17,yes,57.6568542494904,88126.4453125,57656.85424948398,0.0,0.0,0.0,0.0,57656.85424948398,8000.000000000002,88126.44229128103,88703.02858148595,1997.8655606554616,0.6542716070383925,2.2670443838547247,10.721514915646607,True,13.875193338477361
2024,veg_balanced,13,17,unknown,98.01219330881474,142264.71875,98012.19330877785,0.0,0.0,0.0,0.0,98012.19330877785,17035.533905945435,142264.72031409398,143765.56012147668,3534.20933746067,1.0549627511790227,2.4842486103777484,11.830981980577638,True,17.381035288412175
2024,veg_balanced,17,24,yes,31.414213562371888,53994.23828125,31414.213562371886,0.0,0.0,0.0,0.0,31414.213562371886,2000.0000000000084,53994.24026186573,54393.10650911969,1039.779065685813,0.7387199918352572,1.925722189335393,5.206961509345397,True,6.366544863614282
2024,veg_balanced,18,24,unknown,9.41421356237589,25957.55859375,9414.213562375888,0.0,0.0,0.0,0.0,9414.213562375888,2000.0000000000164,25957.55894745541,25448.128289405286,902.4648569578678,-1.962552253396943,3.4766938554764817,6.596945588860266,True,21.2444723794355
2024,veg_balanced,18,28,yes,163.42640687118956,283829.09375,163426.40687114612,0.0,0.0,0.0,0.0,163426.40687114612,22242.64068713048,283829.10187272046,287671.3439709128,7279.539758003818,1.3537167516794346,2.564761580110356,13.04663562973559,True,13.610187675892389
2024,veg_balanced,18,33,yes,117.98275605730149,205155.578125,117982.75605725768,0.0,0.0,0.0,0.0,117982.75605725768,22485.28137424909,205155.5718348813,209225.68574171813,5800.43513055329,1.9839158500226661,2.82733492377275,14.977669852799114,True,19.05810825722435
2024,veg_balanced,24,28,yes,21.00000000000093,32787.66796875,21000.00000000093,0.0,0.0,0.0,0.0,21000.00000000093,0.0,32787.66736793675,32688.08607262528,355.7213160395733,-0.30371570564624584,1.0849241333570294,3.2140026354383275,True,0.0
2024,veg_balanced,24,33,yes,39.69848480983675,67720.0546875,39698.48480982455,0.0,0.0,0.0,0.0,39698.48480982455,7863.96103068185,67720.0569839463,68272.43218333265,2111.6003711778703,0.8156744456332854,3.1181314151558466,12.51052334236498,True,19.809222111005315
2024,veg_balanced,24,38,yes,104.72792206135874,182069.453125,104727.92206135626,0.0,0.0,0.0,0.0,104727.92206135626,5000.000000000002,182069.4496115241,182498.63034649458,3180.0672165100673,0.23572364055925998,1.7466231832387464,12.177894210578726,True,4.774275953905287
2024,veg_balanced,26,27,yes,108.56854249492822,212299.09375,108568.54249482435,0.0,0.0,0.0,0.0,108568.54249482435,7621.320343559114,212299.09842311294,213054.81791661144,3105.913605189428,0.3559692429745187,1.4629895408219444,9.665086569717328,True,7.019823761493746
2024,veg_balanced,26,31,yes,24.31370849898871,47166.49609375,24313.708498971988,0.0,0.0,0.0,0.0,24313.708498971988,0.0,47166.49416069694,47177.29300824704,376.71635030236376,0.022895166881209406,0.7986948298910782,2.586785911479253,True,0.0
2024,veg_balanced,26,32,yes,117.98275605729712,253825.09375,117982.7560571391,0.0,0.0,0.0,0.0,117982.7560571391,4828.427124738695,253825.0861681486,254114.32912791366,2978.329266758247,0.11395365372728339,1.1733786095457983,6.5692730640188755,True,4.09248544965358
2024,veg_balanced,27,30,unknown,205.5269119345884,348807.28125,205526.9119345711,0.0,0.0,0.0,0.0,205526.9119345711,27656.85424947568,348807.28281197377,352050.72302678763,8042.162075802081,0.9298659674380261,2.305617592318807,16.059769226585928,True,13.456560987147105
2024,veg_balanced,27,31,unknown,317.92388155424396,650322.0,317923.8815540657,0.0,0.0,0.0,0.0,317923.8815540657,12242.640687107294,650322.0113314018,653270.3236243795,8301.866179221652,0.4533619101930286,1.276577762180504,7.105203117668168,True,3.8508087619159648
2024,veg_balanced,27,32,unknown,444.1370849898333,915810.0,444137.08498964045,0.0,0.0,0.0,2207.1067811871767,444137.08498964045,16242.640687114765,915810.0187168132,918952.7014947069,11983.505406087086,0.34315881172573004,1.3085143382551951,7.546955680630124,True,3.6571232702834586
2024,veg_balanced,27,41,yes,158.19595949289376,299371.03125,158195.9594927879,0.0,0.0,0.0,0.0,158195.9594927879,8242.640687112025,299371.03260812326,300248.31549102283,4762.100044366543,0.2930420071897588,1.5907016797447242,10.70730442716209,True,5.2103989972561875
2024,veg_balanced,28,33,yes,21.00000000000745,36027.02734375,21000.00000001117,0.0,0.0,0.0,0.0,21000.00000001117,0.0,36027.02755072784,36031.65430833848,266.3703177162072,0.01284246279860124,0.7393624615329271,2.4068860454141645,True,0.0
2024,veg_balanced,28,38,unknown,37.62741699796832,70561.0625,37627.416997907945,0.0,0.0,0.0,0.0,37627.416997907945,4035.5339059139064,70561.06196625835,70408.71447932874,1276.8104170362174,-0.21590872172878584,1.8095113387703494,7.112984019522006,True,10.724982547003636
2024,veg_balanced,30,36,yes,30.99999999999907,53208.203125,30999.999999999072,0.0,0.0,0.0,0.0,30999.999999999072,3000.0000000000064,53208.202881812744,53214.39085123279,1144.0436743832897,0.011629728284168195,2.15012650760723,6.9041522200791645,True,9.677419354839019
2024,veg_balanced,30,40,yes,139.8528137423812,234620.0,139852.8137422464,0.0,0.0,0.0,0.0,139852.8137422464,25020.815280175382,234619.9940516723,235825.36085961558,6135.475196741267,0.5137528081591292,2.6150691979772196,11.691472890271882,True,17.890820077663662
2024,veg_balanced,30,41,unknown,170.49242404917618,286854.6875,170492.42404880494,0.0,0.0,0.0,0.0,170492.42404880494,10899.494936557976,286854.686434668,288516.5764419985,5589.963494304906,0.5793490871584428,1.9487091404302492,20.470014261475658,True,6.392949714550308
2024,veg_balanced,31,32,yes,64.72792206134909,120290.890625,64727.92206133464,0.0,0.0,0.0,3207.106781178506,64727.92206133464,5414.213562370693,120290.88720593441,120411.8786934136,2087.590687633376,0.10058242173578424,1.7354520663393922,6.750013474940121,True,8.364571872460717
2024,veg_balanced,33,38,yes,39.69848480982907,76249.4296875,39698.484809780835,0.0,0.0,0.0,0.0,39698.484809780835,2414.213562382112,76249.42822800753,76851.61754825158,1552.1332531535224,0.7897624077171317,2.035599858548711,7.173341630694914,True,6.081374576259149
2024,veg_balanced,36,40,yes,63.8406204335631,119231.4375,63840.62043343129,0.0,0.0,0.0,0.0,63840.62043343129,11278.174593030106,119231.44169225385,120501.79152305576,3157.600182259308,1.0654486876714886,2.648294893899995,18.267430975470553,True,17.666141895958276
2024,veg_balanced,36,41,yes,149.610173055266,248247.453125,149610.17305510663,0.0,0.0,0.0,0.0,149610.17305510663,6035.533905916304,248247.4538912508,249900.93622661746,3502.5984073799814,0.6660621526821453,1.4109302441886702,10.253083427599908,True,4.034173467397306
2024,veg_balanced,36,43,yes,114.22539674441454,255532.96875,114225.39674431807,0.0,0.0,0.0,0.0,114225.39674431807,18485.28137422875,255532.97142875943,260287.21928513938,6259.7105305468685,1.8605222761655993,2.449668430475723,19.20898313552173,True,16.183162327381687
2024,veg_balanced,38,40,yes,25.55634918611079,50401.171875,25556.349186045267,0.0,0.0,0.0,0.0,25556.349186045267,2414.21356236535,50401.1724834643,50792.92468329877,918.6339951059592,0.7772680287606359,1.822644097034342,7.600835788583263,True,9.446629269268248
2024,veg_balanced,38,42,unknown,30.28427124746256,54335.640625,30284.27124745137,0.0,0.0,0.0,0.0,30284.27124745137,6363.961030677198,54335.64013083723,54955.75052604953,1838.3729111282635,1.1412590221061336,3.383364779915287,10.666380629266117,True,21.014080143047092
2024,veg_balanced,40,42,yes,21.828427124744216,51967.28515625,21828.427124741964,0.0,0.0,0.0,0.0,21828.427124741964,3000.0000000054674,51967.28481649332,52239.33710429383,1339.1302213481965,0.5235068346579608,2.576871633907617,18.60693133873258,True,13.74354635293463
2024,veg_balanced,40,43,yes,135.02438661763907,289662.8125,135024.38661752047,0.0,0.0,0.0,0.0,135024.38661752047,17935.028842527274,289662.81868010125,291553.0688619989,7048.837438130477,0.6525691459162486,2.433462972655491,16.772708483935713,True,13.282807122339532
2024,veg_balanced,40,45,unknown,143.92388155424788,300501.8125,143923.88155412825,0.0,0.0,0.0,0.0,143923.88155412825,27384.776310827612,300501.8107568296,303134.98489033733,9617.893657120145,0.8762589905451534,3.200610882475874,18.405992180212433,True,19.027263589002416
2024,veg_balanced,41,43,yes,119.36753236814141,258710.109375,119367.53236798068,0.0,0.0,0.0,0.0,119367.53236798068,4828.42712474209,258710.1092929662,258840.60903523143,3156.2744386011773,0.05044245956289384,1.2200042925369325,8.077402312436092,True,4.0450087464799385
2024,veg_balanced,41,45,yes,148.1076477383215,390901.65625,148107.64773803664,0.0,0.0,0.0,0.0,148107.64773803664,1414.2135623649426,390901.64342655643,392418.7915320211,4320.911860202275,0.3881150491376051,1.105370604821747,9.512036220179839,True,0.9548551907773954
2024,veg_balanced,42,50,yes,51.828427124744984,103699.78125,51828.42712474277,0.0,0.0,0.0,0.0,51828.42712474277,9000.000000002883,103699.7806252918,104394.05027383982,2551.9214242734433,0.6694996309169587,2.460874467511693,10.469125728902053,True,17.364987709044918
2024,veg_balanced,43,45,yes,25.5563491861035,65647.234375,25556.349186070827,0.0,0.0,0.0,0.0,25556.349186070827,1414.2135623691113,65647.23441027364,66191.07959703184,755.8329000841665,0.8284357926784169,1.1513552808035434,6.548719291602838,True,5.533707307223329
2024,veg_balanced,43,49,yes,151.2132034355953,306567.78125,151213.20343556057,0.0,0.0,0.0,0.0,151213.20343556057,5414.213562369877,306567.7755724169,307382.87171393074,3147.9711801707317,0.2658779579790771,1.026843468558594,7.4261918646834655,True,3.5805164095191864
2024,veg_balanced,45,49,yes,112.21320343559763,237444.71875,112213.20343556153,0.0,0.0,0.0,0.0,112213.20343556153,4000.000000000009,237444.71707356974,238702.97658468675,2666.0641313047904,0.5299168272196786,1.1228146762594589,11.610663109636409,True,3.56464290968844
2024,veg_balanced,45,50,yes,276.7350647362904,539999.875,276735.06473597337,0.0,0.0,0.0,0.0,276735.06473597337,37177.66952963256,539999.8854605226,544599.4676470553,12617.455190084735,0.8517746596575781,2.3365662715510243,16.28054274271768,True,13.434390602109975
2024,veg_balanced,45,53,unknown,267.59797974644584,665692.75,267597.9797463927,0.0,0.0,0.0,0.0,267597.9797463927,7414.213562371706,665692.7301246404,667244.9452595842,6533.899389031918,0.23317291367344062,0.9815188139141235,12.07150658221357,True,2.7706537879689104
2024,veg_balanced,49,53,yes,124.72792206136367,350951.3125,124727.92206135592,0.0,0.0,0.0,0.0,124727.92206135592,0.0,350951.2983942543,351305.3905699392,2352.589664797227,0.10089496101168827,0.6703464770072904,3.0328073369081427,True,0.0
2024,veg_balanced,50,53,yes,260.49242404918544,637808.6875,260492.4240487897,0.0,0.0,0.0,0.0,260492.4240487897,19863.96103066805,637808.7058283614,641537.2964049634,11454.561236649257,0.5845938668647355,1.7959242531461708,12.086889837498587,True,7.6255427017515
2024,veg_high,1,9,unknown,102.5979797464545,186135.296875,102597.9797464108,0.0,0.0,0.0,0.0,102597.9797464108,14692.38815541211,186135.29711837388,187996.63466251743,4591.361769076227,0.9999917119211554,2.4666797969846215,12.316992451604465,True,14.320348404254126
2024,veg_high,1,13,unknown,212.00714267493976,384903.1875,212007.14267460033,0.0,0.0,0.0,0.0,212007.14267460033,47976.65940278329,384903.19814140856,389096.681060364,12417.572948194726,1.0894902768292525,3.2261547859710604,18.41828853471477,True,22.629737280323795
2024,veg_high,1,17,unknown,247.95331880576506,449383.46875,247953.3188056746,0.0,0.0,0.0,0.0,247953.3188056746,59713.20343555082,449383.4595005055,456082.0416755938,15986.243113750901,1.4906160948900737,3.557372390056319,18.50209039104017,True,24.08243766333659
2024,veg_high,9,13,yes,25.556349186102413,47678.01953125,25556.34918607926,0.0,0.0,0.0,0.0,25556.34918607926,5828.427124742395,47678.02007994609,49032.18927380176,1887.218104045762,2.840237894914721,3.9582560284199957,17.345097896616853,True,22.806180500606025
2024,veg_high,9,17,yes,58.07106781186323,98513.7734375,58071.067811858906,0.0,0.0,0.0,0.0,58071.067811858906,14914.21356237067,98513.7716374572,100980.88413505389,3876.183692328721,2.5043325989750453,3.9346617512458604,17.68583024483853,True,25.682692129392848
2024,veg_high,13,17,unknown,98.59797974644711,152279.8125,98597.97974638772,0.0,0.0,0.0,0.0,98597.97974638772,25535.533905939017,152279.80626602785,154784.79652439142,5738.980342131248,1.6449917554973936,3.7687074096387,21.70716252017974,True,25.898638056906584
2024,veg_high,17,24,yes,30.99999999999907,63489.37109375,30999.99999999907,0.0,0.0,0.0,0.0,30999.99999999907,7999.99999999999,63489.36891245644,64389.777451513204,1808.6463282108173,1.4182036370503415,2.848738866352105,8.515521317298367,True,25.806451612903967
2024,veg_high,18,24,unknown,10.242640687121535,30685.427734375,10242.640687119281,0.0,0.0,0.0,0.0,10242.640687119281,3414.213562370537,30685.427724526708,30759.836063317704,1153.0675888821459,0.2424875398804316,3.7577041429359146,7.5953439716633016,True,33.333333333308374
2024,veg_high,18,28,yes,165.0832611206798,390548.6875,165083.26112063322,0.0,0.0,0.0,0.0,165083.26112063322,43899.494936629875,390548.6891111888,398141.82612107694,14253.786222609866,1.944222889895908,3.6496822598607745,18.33432835403962,True,26.592335672694695
2024,veg_high,18,33,yes,117.98275605730149,280708.59375,117982.75605725768,0.0,0.0,0.0,0.0,117982.75605725768,36556.34918610168,280708.5940290954,288848.8218427692,11600.87026110658,2.899885499348165,4.132709331978683,22.09396038304585,True,30.984484858414977
2024,veg_high,24,28,yes,21.00000000000093,43822.4453125,21000.00000000093,0.0,0.0,0.0,0.0,21000.00000000093,0.0,43822.44471824389,43623.28212762096,711.4426320791468,-0.4544762208120612,1.623466323372332,4.700628542277087,True,0.0
2024,veg_high,24,33,yes,39.69848480983675,94190.5078125,39698.48480982455,0.0,0.0,0.0,0.0,39698.48480982455,11899.494936609446,94190.50598975136,95295.25638852407,4223.200742355741,1.1728893344016278,4.483679854968883,17.873097680061452,True,29.974682896876125
2024,veg_high,24,38,yes,105.97056274847652,245581.984375,105970.56274846432,0.0,0.0,0.0,0.0,105970.56274846432,12207.106781195074,245581.98574628693,245994.88486291346,5880.800137078711,0.16813086488074447,2.3946382383088234,13.401305782373282,True,11.519337507124803
2024,veg_high,26,27,yes,107.98275605730022,228682.5,107982.75605719056,0.0,0.0,0.0,0.0,107982.75605719056,9035.533905942899,228682.49852931357,230310.15341968634,5139.025725113052,0.7117531515705933,2.2472317550152656,16.096841576465675,True,8.367571115852458
2024,veg_high,26,31,yes,24.313708498988706,54341.1875,24313.708498973916,0.0,0.0,0.0,0.0,24313.708498973916,0.0,54341.18765247917,54413.19024197889,703.6726691728182,0.13250094929868617,1.2949158816198876,4.916163653982471,True,0.0
2024,veg_high,26,32,yes,117.56854249492666,272442.0625,117568.54249476508,0.0,0.0,0.0,0.0,117568.54249476508,21313.708498951404,272442.0718817768,275179.28805142007,7042.736248894804,1.0046965766840277,2.5850398949949702,17.37087418166224,True,18.12875114948408
2024,veg_high,27,30,unknown,209.59797974646077,437087.5,209597.97974643338,0.0,0.0,0.0,0.0,209597.97974643338,38278.17459305677,437087.5117216294,443020.9905296709,14338.18547875837,1.357503623169265,3.2803923915103796,25.310430508135255,True,18.262663905141064
2024,veg_high,27,31,unknown,311.71067811866,700141.125,311710.6781185571,0.0,0.0,0.0,1000.0000000000018,311710.6781185571,49106.60171780832,700141.1276841395,707269.1158385922,18084.101820930788,1.018078766209607,2.582922371772055,19.542428562981996,True,15.753904233954716
2024,veg_high,27,32,unknown,440.82337649086384,984306.25,440823.3764907591,0.0,0.0,0.0,1000.0000000000018,440823.3764907591,63142.13562374648,984306.2590014985,991863.4703182026,24121.25626974894,0.7677703202223274,2.45058446486138,19.542428562981996,True,14.323681317991564
2024,veg_high,27,41,yes,158.1959594928935,344489.4375,158195.95949276714,0.0,0.0,0.0,0.0,158195.95949276714,24313.708498962056,344489.44240412046,347378.9059423607,9529.790348979494,0.8387669352289295,2.766351933015149,14.775805443617818,True,15.369361251020889
2024,veg_high,28,33,yes,21.414213562381637,48410.21875,21414.21356238536,0.0,0.0,0.0,0.0,21414.21356238536,500.00000001113955,48410.21981998859,48454.51047982711,581.9154375662872,0.09149030928430335,1.2020508060697015,7.2247830486815365,True,2.3348977937224036
2024,veg_high,28,38,unknown,36.38477631084403,87564.03125,36384.77631082732,0.0,0.0,0.0,0.0,36384.77631082732,7242.640687106274,87564.02713418315,88856.36140871498,2895.0994078213876,1.475873502884295,3.3062657150120973,26.020189698751285,True,19.905689745716593
2024,veg_high,30,36,yes,30.99999999999907,75415.46875,30999.999999999072,0.0,0.0,0.0,0.0,30999.999999999072,6000.000000000017,75415.46858787567,75427.84452671574,2288.0873487665804,0.01641034534665131,3.0339761743977673,9.323326843478096,True,19.354838709678056
2024,veg_high,30,40,yes,144.58073580374324,322197.90625,144580.7358035728,0.0,0.0,0.0,0.0,144580.7358035728,39920.31021675284,322197.89045634505,327475.53978872247,12526.506060941512,1.6380148625127378,3.8878299430202947,22.779757750032605,True,27.61108524927451
2024,veg_high,30,41,unknown,170.4924240491759,366186.34375,170492.42404882316,0.0,0.0,0.0,0.0,170492.42404882316,33662.95090376687,366186.33840813994,370893.0246511898,11300.364643187291,1.285325461214759,3.085960195104891,31.04360582788997,True,19.7445435429594
2024,veg_high,31,32,yes,64.31370849897642,130679.5859375,64313.70849896349,0.0,0.0,0.0,3207.106781178513,64313.70849896349,13828.427124737489,130679.58788101054,131253.62183474007,4141.530761528581,0.43926826143056985,3.169225453404112,12.333544839294797,True,21.50152346596582
2024,veg_high,33,38,yes,39.69848480983016,104929.46875,39698.48480975317,0.0,0.0,0.0,0.0,39698.48480975317,2121.320343546138,104929.46837657057,105653.33609938511,2570.7921137735943,0.6898612315624497,2.450019192461305,8.42022515156329,True,5.34358012330226
2024,veg_high,36,40,yes,63.8406204335631,168343.71875,63840.62043343129,0.0,0.0,0.0,0.0,63840.62043343129,12692.388155404338,168343.71494704764,170884.41460865142,6315.200364518616,1.5092334527623708,3.7513728187031257,26.03814565891484,True,19.881367175369338
2024,veg_high,36,41,yes,145.05382386916543,312008.625,145053.8238690966,0.0,0.0,0.0,0.0,145053.8238690966,20106.60171780382,312008.62571549404,315598.2378004046,7375.487107066384,1.1504848869735351,2.3638728224750243,22.962614886093537,True,13.861476506782036
2024,veg_high,36,43,yes,114.22539674441427,307398.0,114225.39674432974,0.0,0.0,0.0,0.0,114225.39674432974,32763.455967250735,307398.00436058687,316419.3537182975,12394.136989070059,2.934745583815923,4.031951025463188,29.283648130970647,True,28.683162327363195
2024,veg_high,38,40,yes,25.55634918611079,69335.21875,25556.349186045267,0.0,0.0,0.0,0.0,25556.349186045267,3828.42712473189,69335.22075086954,70118.72515053848,1837.2679902119196,1.1300236606791358,2.6498336203665698,11.653218965878327,True,14.980336576487051
2024,veg_high,38,42,unknown,30.28427124746256,71843.0078125,30284.27124745137,0.0,0.0,0.0,0.0,30284.27124745137,10399.49493660826,71843.01056281698,73083.23135324159,3676.7458222565283,1.7262928999059568,5.117750207644364,15.17769816243202,True,34.339591174687584
2024,veg_high,40,42,yes,21.828427124744216,61227.7734375,21828.427124741964,0.0,0.0,0.0,0.0,21828.427124741964,5000.000000005468,61227.77494797927,61771.879523580305,2678.2604426963917,0.888656457079029,4.374257344762099,30.09863460449742,True,22.905910588207686
2024,veg_high,40,43,yes,135.02438661763688,356279.875,135024.38661751198,0.0,0.0,0.0,0.0,135024.38661751198,42284.27124741562,356279.88352971297,363147.4158336768,16114.554524217676,1.92756667480809,4.523004320246376,27.664833639339427,True,31.316025428203325
2024,veg_high,40,45,unknown,143.33809511661852,377028.28125,143338.095116494,0.0,0.0,0.0,0.0,143338.095116494,42698.48480979606,377028.28360524523,385326.37053948035,17246.6874317557,2.2009189482779856,4.5743749691238715,27.664833639339427,True,29.7886509340689
2024,veg_high,41,43,yes,94.46803743153819,264705.25,94468.0374313824,0.0,0.0,0.0,0.0,94468.0374313824,6742.640687116275,264705.2338101797,266415.510834376,4748.711659375914,0.6461062365781256,1.7939621332841567,11.957932005041243,True,7.137483608690236
2024,veg_high,41,45,yes,148.1076477383207,406351.25,148107.6477379263,0.0,0.0,0.0,0.0,148107.6477379263,12313.708498949343,406351.2496765457,409096.83125737973,8296.861497471371,0.6756670695659217,2.041795491972929,14.768525764677884,True,8.314026106699242
2024,veg_high,42,50,yes,54.31370849898328,152668.734375,54313.70849897494,0.0,0.0,0.0,0.0,54313.70849897494,6121.320343556675,152668.7356309169,152864.0415432197,3775.8483660545394,0.12792790317919245,2.47322960424773,18.753175482533337,True,11.27030451929498
2024,veg_high,43,45,yes,25.5563491861035,69321.0,25556.349186070827,0.0,0.0,0.0,0.0,25556.349186070827,2414.2135623723225,69321.00091986066,70408.69129337712,1511.6658001683331,1.5690632839735041,2.1806750913996638,13.105169045350406,True,9.446629269286083
2024,veg_high,43,49,yes,149.97056274847407,343076.40625,149970.5627484444,0.0,0.0,0.0,0.0,149970.5627484444,6414.213562370424,343076.39084335783,344659.8580139696,5650.301891522904,0.46154944288625543,1.6469515368379646,13.441382812995492,True,4.276981725493297
2024,veg_high,45,49,yes,113.04163056034491,272551.28125,113041.63056030452,0.0,0.0,0.0,0.0,113041.63056030452,11914.213562373665,272551.27198623156,275648.4001024994,5690.958183169049,1.1363469682960536,2.0880321495826806,18.144864636145183,True,10.53966888421498
2024,veg_high,45,50,yes,265.0193359837545,742664.0625,265019.33598357375,0.0,0.0,0.0,0.0,265019.33598357375,34627.41699795274,742664.0410942256,748436.3017972715,19870.61637597394,0.7772371332993577,2.675586170389641,26.14347557434885,True,13.065996437369007
2024,veg_high,45,53,unknown,267.1837661840755,715276.3125,267183.7661840319,0.0,0.0,0.0,0.0,267183.7661840319,14914.213562378187,715276.2901253572,720075.9183327782,11433.818245414288,0.6710173779952644,1.5985177201121026,18.144864636145183,True,5.582005888825415
2024,veg_high,49,53,yes,123.48528137423803,361458.78125,123485.28137423222,0.0,0.0,0.0,0.0,123485.28137423222,2999.9999999999936,361458.78300305764,362952.4299075296,4576.413480994845,0.4132274479713871,1.2660955262930025,8.704061509922411,True,2.4294393361005095
2024,veg_high,50,53,yes,260.4924240491756,732973.8125,260492.424048825,0.0,0.0,0.0,0.0,260492.424048825,44834.52377911437,732973.7975201904,742341.4752545189,19931.665392244362,1.2780371912367805,2.7192875733999657,18.09705654000804,True,17.21145017665116
