gbifID,organismID,organismName,sex,eventDate,eventTime,lat,lon
1309081098,10000037,Eloise,Female,2008-01-06,11:28:59 AM,-24.25373,27.35607
1309081099,10000037,Eloise,Female,2008-01-03,23:28:54,-24.26044,27.37549
1309081105,10000037,Eloise,Female,2008-01-08,03:29:03 AM,-24.24129,27.42896
1309081108,10000049,Steenekamp,Male,2008-01-09,2:19:05,-23.52552,27.603
1309081112,10000049,Steenekamp,Male,2008-01-08,18:19:05,-23.52521,27.60316
1309081118,10000037,Eloise,Female,2008-01-19,07:29:10 PM,-24.23106,27.40267
1309081121,10000037,Eloise,Female,2008-01-04,07:27:55 PM,-24.25709,27.36753
1309081123,10000037,Eloise,Female,2008-01-21,11:29:00 AM,-24.23121,27.39503
1309081124,10000037,Eloise,Female,2008-01-25,03:30:20 PM,-24.23237,27.39387
1309081125,10000037,Eloise,Female,2008-01-08,23:28:40,-24.24122,27.42891
1309081126,10000037,Eloise,Female,2008-01-10,03:28:40 PM,-24.22263,27.38729
1309081127,10000037,Eloise,Female,2008-01-18,23:28:46,-24.22315,27.40863
1309081128,10000049,Steenekamp,Male,2008-01-09,10:19:11,-23.51129,27.61745
1309081129,10000037,Eloise,Female,2008-01-20,03:29:30 PM,-24.23261,27.39407
1309081130,10000037,Eloise,Female,2008-01-11,11:29:04 AM,-24.18232,27.35896
1309081131,10000037,Eloise,Female,2008-01-27,07:29:16 AM,-24.23196,27.39389
1309081132,10000037,Eloise,Female,2008-01-26,11:28:44 AM,-24.23236,27.39392
1309081134,10000037,Eloise,Female,2008-01-05,03:27:43 PM,-24.25397,27.36773
1309081138,10000037,Eloise,Female,2008-01-02,07:28:16 AM,-24.2654,27.37995
1309081139,10000049,Steenekamp,Male,2008-01-08,2:19:05,-23.51005,27.61116
1309081140,10000037,Eloise,Female,2008-01-01,11:27:59 AM,-24.25238,27.40722
1309081141,10000037,Eloise,Female,2008-01-12,07:29:10 AM,-24.18234,27.35886
1309081142,10000037,Eloise,Female,2008-01-07,07:28:46 AM,-24.24848,27.38386
1309081144,10000037,Eloise,Female,2008-01-09,07:28:34 PM,-24.23554,27.41342
1309081145,10000037,Eloise,Female,2008-01-13,03:29:14 AM,-24.18616,27.35838
1309081146,10000049,Steenekamp,Male,2008-01-07,18:19:17,-23.51005,27.61116
1309081150,10000037,Eloise,Female,2008-01-22,07:29:32 AM,-24.23247,27.39386
1309081156,10000037,Eloise,Female,2008-01-13,23:29:16,-24.20505,27.37431
1309081157,10000037,Eloise,Female,2008-01-15,03:29:16 PM,-24.21406,27.38646
1309081158,10000037,Eloise,Female,2008-01-03,03:29:17 AM,-24.26346,27.38076
1309081161,10000037,Eloise,Female,2008-01-23,23:29:10,-24.23245,27.39377
1309081163,10000037,Eloise,Female,2008-01-24,07:29:10 PM,-24.23238,27.39386
1309081165,10000037,Eloise,Female,2008-01-23,03:29:04 AM,-24.23242,27.39384
1309081170,10000037,Eloise,Female,2008-01-31,11:29:16 AM,-24.23202,27.39385
1309081171,10000037,Eloise,Female,2008-01-28,23:29:47,-24.23199,27.39387
1309081172,10000037,Eloise,Female,2008-01-29,07:29:39 PM,-24.23196,27.39386
1309081177,10000037,Eloise,Female,2008-01-17,07:29:22 AM,-24.21588,27.38814
1309081183,10000037,Eloise,Female,2008-01-18,03:29:16 AM,-24.23584,27.4143
1309081137,10000037,Eloise,Female,2008-02-29,03:30:19 PM,-24.23308,27.39393
1309081155,10000037,Eloise,Female,2008-02-16,07:29:57 AM,-24.23184,27.39358
1309081167,AS68,CBU,Male,2008-02-09,00:02:49,-24.34705,26.84777
1309081152,10000037,Eloise,Female,2008-03-05,03:30:34 PM,-24.23137,27.38403
1309081160,10000037,Eloise,Female,2008-03-07,07:31:08 AM,-24.2332,27.39389
1309081173,10000037,Eloise,Female,2008-03-30,03:30:50 PM,-24.19651,27.36912
1309081151,10000037,Eloise,Female,2008-04-14,07:54:25 AM,-24.15588,27.40262
1309081164,10000037,Eloise,Female,2008-04-15,23:53:54,-24.15057,27.4046
1309081178,10000037,Eloise,Female,2008-04-13,11:54:43 AM,-24.17368,27.38031
1309081179,10000037,Eloise,Female,2008-04-17,03:54:16 PM,-24.15561,27.40162
1309081202,10000037,Eloise,Female,2008-04-15,03:54:26 AM,-24.15051,27.40471
1309081143,AS121,Sonny,Male,2008-07-05,12:01:07,-24.54064,27.18156
1309081149,AS121,Sonny,Male,2008-07-06,00:01:20,-24.54061,27.18154
1309081154,AS121,Sonny,Male,2008-07-05,00:02:03,-24.53981,27.18468
1309081162,AS121,Sonny,Male,2008-07-09,12:01:19,-24.54041,27.18158
1309081174,AS121,Sonny,Male,2008-07-08,12:03:26,-24.54096,27.18196
1309081180,AS121,Sonny,Male,2008-07-12,12:01:37,-24.54061,27.18152
1309081181,AS121,Sonny,Male,2008-07-12,23:57:21,-24.54052,27.18142
1309081185,AS121,Sonny,Male,2008-07-06,12:02:37,-24.5407,27.18167
1309081187,AS121,Sonny,Male,2008-07-09,00:01:19,-24.54057,27.18166
1309081189,AS121,Sonny,Male,2008-07-07,12:02:08,-24.54072,27.18134
1309081190,AS121,Sonny,Male,2008-07-07,00:01:50,-24.61541,27.16729
1309081192,AS121,Sonny,Male,2008-07-08,00:01:19,-24.54027,27.18138
1309081197,AS121,Sonny,Male,2008-07-10,00:01:19,-24.54056,27.18169
1309081207,AS121,Sonny,Male,2008-07-04,00:01:14,-24.54265,27.18411
1309081147,AS121,Sonny,Male,2008-08-12,12:03:18,-24.61639,27.17051
1309081153,AS121,Sonny,Male,2008-08-12,00:00:37,-24.61134,27.17834
1309081159,AS121,Sonny,Male,2008-08-10,00:03:27,-24.61545,27.16887
1309081166,AS121,Sonny,Male,2008-08-21,00:00:49,-24.59993,27.17112
1309081168,AS121,Sonny,Male,2008-08-17,00:00:49,-24.64847,27.14323
1309081169,AS121,Sonny,Male,2008-08-18,00:01:14,-24.65763,27.13601
1309081175,AS121,Sonny,Male,2008-08-16,00:01:07,-24.6598,27.14041
1309081176,AS121,Sonny,Male,2008-08-17,12:02:33,-24.64818,27.14315
1309081182,AS121,Sonny,Male,2008-08-25,00:00:50,-24.64204,27.12788
1309081184,AS121,Sonny,Male,2008-08-24,00:01:19,-24.59876,27.1607
1309081186,AS121,Sonny,Male,2008-08-13,12:02:22,-24.61306,27.17795
1309081188,AS121,Sonny,Male,2008-08-14,12:01:20,-24.60826,27.18359
1309081191,AS121,Sonny,Male,2008-08-23,00:01:07,-24.61148,27.17893
1309081194,AS121,Sonny,Male,2008-08-13,00:00:50,-24.61159,27.17084
1309081195,AS121,Sonny,Male,2008-08-28,00:01:45,-24.6058,27.16469
1309081196,AS121,Sonny,Male,2008-08-31,00:00:49,-24.67547,27.13157
1309081198,AS121,Sonny,Male,2008-08-14,00:00:50,-24.61125,27.17884
1309081199,AS121,Sonny,Male,2008-08-15,12:02:23,-24.6115,27.17869
1309081200,AS121,Sonny,Male,2008-08-21,12:01:50,-24.61139,27.153
1309081203,AS121,Sonny,Male,2008-08-29,00:00:49,-24.62096,27.1849
1309081204,AS121,Sonny,Male,2008-08-26,00:00:50,-24.65386,27.11179
1309081205,AS121,Sonny,Male,2008-08-23,12:03:26,-24.62114,27.16803
1309081206,AS121,Sonny,Male,2008-08-16,12:00:51,-24.63718,27.17082
1309081209,AS121,Sonny,Male,2008-08-19,00:00:49,-24.65764,27.1363
1309081211,AS121,Sonny,Male,2008-08-26,12:01:37,-24.65141,27.1115
1309081212,AS121,Sonny,Male,2008-08-27,00:00:50,-24.65389,27.11103
1309081213,AS121,Sonny,Male,2008-08-22,00:00:49,-24.62395,27.16659
1309081214,AS121,Sonny,Male,2008-08-27,12:00:50,-24.6533,27.11155
1309081215,AS121,Sonny,Male,2008-08-20,12:01:20,-24.61163,27.17901
1309081218,AS121,Sonny,Male,2008-08-22,12:01:20,-24.60829,27.18364
1309081219,AS121,Sonny,Male,2008-08-20,00:00:50,-24.61207,27.17013
1309081222,AS121,Sonny,Male,2008-08-24,12:00:49,-24.61154,27.17897
1309081223,AS121,Sonny,Male,2008-08-25,12:01:43,-24.60652,27.1635
1309081225,AS121,Sonny,Male,2008-08-29,12:01:51,-24.61153,27.17111
1309081229,AS121,Sonny,Male,2008-08-15,00:00:49,-24.64751,27.16437
1309081231,AS121,Sonny,Male,2008-08-30,12:02:12,-24.61162,27.18441
1309081233,AS121,Sonny,Male,2008-08-18,12:00:49,-24.6484,27.14334
1309081234,AS121,Sonny,Male,2008-08-28,12:01:37,-24.6454,27.11363
1309081256,AS121,Sonny,Male,2008-08-30,00:01:08,-24.67647,27.13737
1309081193,AS121,Sonny,Male,2008-09-01,00:01:08,-24.71369,27.08606
1309081201,AS121,Sonny,Male,2008-09-02,00:03:26,-24.69079,27.08159
1309081208,AS121,Sonny,Male,2008-09-06,00:01:09,-24.59888,27.18011
1309081210,AS121,Sonny,Male,2008-09-08,12:01:49,-24.61414,27.16943
1309081216,AS121,Sonny,Male,2008-09-04,12:00:50,-24.68279,27.08873
1309081217,AS121,Sonny,Male,2008-09-19,00:00:51,-24.50627,26.85794
1309081220,AS121,Sonny,Male,2008-09-09,12:01:45,-24.60338,27.16436
1309081221,AS121,Sonny,Male,2008-09-13,12:01:07,-24.60917,27.17991
1309081224,AS121,Sonny,Male,2008-09-04,00:00:50,-24.64998,27.10844
1309081226,AS121,Sonny,Male,2008-09-14,00:00:49,-24.60728,27.07124
1309081227,AS121,Sonny,Male,2008-09-21,00:00:49,-24.56721,26.93275
1309081228,AS121,Sonny,Male,2008-09-20,12:01:32,-24.53039,26.87124
1309081230,AS121,Sonny,Male,2008-09-11,12:02:25,-24.62111,27.17803
1309081232,AS121,Sonny,Male,2008-09-05,00:02:40,-24.59496,27.17654
1309081235,AS121,Sonny,Male,2008-09-07,12:02:50,-24.60024,27.18145
1309081236,AS121,Sonny,Male,2008-09-06,12:01:09,-24.5908,27.17368
1309081237,AS121,Sonny,Male,2008-09-03,12:00:49,-24.69055,27.08182
1309081238,AS121,Sonny,Male,2008-09-09,00:00:50,-24.62039,27.13654
1309081239,AS121,Sonny,Male,2008-09-10,00:00:50,-24.62092,27.17704
1309081240,AS121,Sonny,Male,2008-09-12,00:01:07,-24.60921,27.17988
1309081241,AS121,Sonny,Male,2008-09-27,00:01:08,-24.60763,27.19985
1309081242,AS121,Sonny,Male,2008-09-03,00:00:49,-24.68481,27.08842
1309081243,AS121,Sonny,Male,2008-09-05,12:01:07,-24.61126,27.15281
1309081244,AS121,Sonny,Male,2008-09-01,12:00:50,-24.71348,27.08614
1309081246,AS121,Sonny,Male,2008-09-07,00:00:49,-24.61125,27.17931
1309081247,AS121,Sonny,Male,2008-09-30,12:02:19,-24.60875,27.18002
1309081248,AS121,Sonny,Male,2008-09-08,00:00:49,-24.61186,27.17042
1309081249,AS121,Sonny,Male,2008-09-21,12:01:20,-24.5754,26.94945
1309081250,AS121,Sonny,Male,2008-09-11,12:00:49,-24.6112,27.17957
1309081251,AS121,Sonny,Male,2008-09-26,00:00:50,-24.61815,27.17695
1309081252,AS121,Sonny,Male,2008-09-27,12:01:20,-24.61707,27.17461
1309081253,AS121,Sonny,Male,2008-09-02,12:01:19,-24.71363,27.08618
1309081254,AS121,Sonny,Male,2008-09-16,00:00:49,-24.60856,26.89972
1309081255,AS121,Sonny,Male,2008-09-22,12:03:35,-24.56722,26.93288
1309081257,AS121,Sonny,Male,2008-09-17,12:01:20,-24.59831,26.87982
1309081258,AS121,Sonny,Male,2008-09-29,12:01:19,-24.60154,27.20664
1309081259,AS121,Sonny,Male,2008-09,00:00:51,-24.567,26.93301
1309081260,AS121,Sonny,Male,2008-09-14,12:02:11,-24.60006,27.12109
1309081262,AS121,Sonny,Male,2008-09-10,12:00:49,-24.61896,27.15509
1309081263,AS121,Sonny,Male,2008-09-20,00:01:07,-24.57872,26.91809
1309081264,AS121,Sonny,Male,2008-09-15,12:01:49,-24.60838,26.9578
1309081266,AS121,Sonny,Male,2008-09-29,00:00:50,-24.60883,27.17976
1309081267,AS121,Sonny,Male,2008-09-23,12:03:11,-24.57672,26.96876
1309081268,AS121,Sonny,Male,2008-09-19,12:01:01,-24.45127,26.84219
1309081269,AS121,Sonny,Male,2008-09-17,00:00:49,-24.48319,26.8536
1309081270,AS121,Sonny,Male,2008-09-15,12:00:50,-24.60119,27.00614
1309081272,AS121,Sonny,Male,2008-09-18,00:00:49,-24.45194,26.84266
1309081275,AS121,Sonny,Male,2008-09-23,00:00:49,-24.5789,27.02632
1309081280,AS121,Sonny,Male,2008-09-28,00:00:50,-24.60148,27.20653
1309081281,AS121,Sonny,Male,2008-09-25,00:00:49,-24.61117,27.17064
1309081283,AS121,Sonny,Male,2008-09-13,00:01:07,-24.61089,27.17008
1309081285,AS121,Sonny,Male,2008-09-30,00:00:52,-24.63559,27.14834
1309081286,AS121,Sonny,Male,2008-09-24,00:00:50,-24.61903,27.12392
1309081287,AS121,Sonny,Male,2008-09-18,12:00:55,-24.46012,26.84615
1309081288,AS121,Sonny,Male,2008-09-24,12:01:25,-24.59429,27.05515
1309081292,AS121,Sonny,Male,2008-09-28,12:03:36,-24.59525,27.20958
1309081308,AS121,Sonny,Male,2008-09-25,12:01:44,-24.60843,27.16092
1309081316,AS121,Sonny,Male,2008-09-26,12:03:31,-24.61147,27.1707
1309081245,AS121,Sonny,Male,2008-10-01,12:01:20,-24.65765,27.13632
1309081261,AS121,Sonny,Male,2008-10-06,12:00:45,-24.61586,27.16946
1309081265,AS121,Sonny,Male,2008-10-05,12:03:25,-24.63828,27.1216
1309081271,AS121,Sonny,Male,2008-10-07,00:00:49,-24.58749,27.20673
1309081273,AS121,Sonny,Male,2008-10-18,12:02:43,-24.59721,27.03919
1309081274,AS121,Sonny,Male,2008-10-07,12:00:50,-24.58869,27.20977
1309081276,AS121,Sonny,Male,2008-10-02,00:03:22,-24.66082,27.13269
1309081277,AS121,Sonny,Male,2008-10-04,00:01:19,-24.65377,27.11089
1309081279,AS121,Sonny,Male,2008-10-16,00:01:49,-24.56087,26.96527
1309081289,AS121,Sonny,Male,2008-10-17,00:01:43,-24.59175,27.01059
1309081290,AS121,Sonny,Male,2008-10-18,00:01:08,-24.58889,27.10498
1309081291,AS121,Sonny,Male,2008-10-22,12:00:50,-24.61146,27.17275
1309081293,AS121,Sonny,Male,2008-10-20,00:01:13,-24.60792,27.17994
1309081294,AS121,Sonny,Male,2008-10-02,12:03:24,-24.66618,27.14457
1309081296,AS121,Sonny,Male,2008-10-01,00:00:49,-24.67333,27.14163
1309081297,AS121,Sonny,Male,2008-10-03,00:00:49,-24.65373,27.11168
1309081298,AS121,Sonny,Male,2008-10-27,12:00:50,-24.65329,27.1114
1309081299,AS121,Sonny,Male,2008-10-19,00:02:20,-24.60789,27.17985
1309081300,AS121,Sonny,Male,2008-10-21,12:00:49,-24.6111,27.18035
1309081301,AS121,Sonny,Male,2008-10-25,00:01:10,-24.65041,27.13886
1309081302,AS121,Sonny,Male,2008-10-31,12:01:49,-24.62086,27.14338
1309081303,AS121,Sonny,Male,2008-10-28,12:01:28,-24.61349,27.17462
1309081306,AS121,Sonny,Male,2008-10-06,00:00:49,-24.6139,27.17242
1309081307,AS121,Sonny,Male,2008-10-08,12:00:50,-24.58763,27.20735
1309081309,AS121,Sonny,Male,2008-10-24,00:00:50,-24.60058,27.16547
1309081310,AS121,Sonny,Male,2008-10-26,12:01:19,-24.65042,27.13888
1309081311,AS121,Sonny,Male,2008-10-21,00:00:50,-24.61156,27.17286
1309081312,AS121,Sonny,Male,2008-10-04,12:00:50,-24.65343,27.11144
1309081314,AS121,Sonny,Male,2008-10-03,12:00:49,-24.65485,27.12753
1309081317,AS121,Sonny,Male,2008-10-23,00:00:50,-24.62152,27.17174
1309081318,AS121,Sonny,Male,2008-10-29,12:02:04,-24.61147,27.17278
1309081319,AS121,Sonny,Male,2008-10-08,12:03:25,-24.61128,27.18085
1309081322,AS121,Sonny,Male,2008-10-30,12:00:50,-24.61191,27.17991
1309081323,AS121,Sonny,Male,2008-10-22,00:00:49,-24.62111,27.17169
1309081325,AS121,Sonny,Male,2008-10-25,12:00:50,-24.60528,27.16413
1309081327,AS121,Sonny,Male,2008-10-29,00:00:49,-24.61191,27.17998
1309081328,AS121,Sonny,Male,2008-10-24,12:01:39,-24.59555,27.20559
1309081329,AS121,Sonny,Male,2008-10-27,00:00:50,-24.62167,27.14108
1309081330,AS121,Sonny,Male,2008-10-17,12:00:50,-24.5702,26.99224
1309081334,AS121,Sonny,Male,2008-10-19,12:01:07,-24.60929,27.15823
1309081335,AS121,Sonny,Male,2008-10-30,00:01:08,-24.63136,27.15734
1309081337,AS121,Sonny,Male,2008-10-05,00:03:28,-24.59216,27.18205
1309081340,AS121,Sonny,Male,2008-10-28,00:00:49,-24.61151,27.17293
1309081343,AS121,Sonny,Male,2008-10-31,00:00:51,-24.60632,27.1617
1309081350,AS121,Sonny,Male,2008-10-26,00:00:49,-24.65368,27.11199
1309081278,AS121,Sonny,Male,2008-11-02,00:01:00,-24.60079,27.18134
1309081282,AS121,Sonny,Male,2008-11-05,00:01:23,-24.61159,27.16987
1309081284,AS121,Sonny,Male,2008-11-04,00:01:08,-24.59653,27.18527
1309081295,AS121,Sonny,Male,2008-11-07,12:01:19,-24.65586,27.127
1309081304,AS121,Sonny,Male,2008-11-02,12:00:50,-24.61327,27.17281
1309081305,AS121,Sonny,Male,2008-11-04,12:01:14,-24.60902,27.18317
1309081313,AS121,Sonny,Male,2008-11-03,00:00:49,-24.60082,27.18229
1309081315,AS121,Sonny,Male,2008-11-06,12:00:50,-24.61151,27.16984
1309081320,AS121,Sonny,Male,2008-11-10,00:01:13,-24.61137,27.17922
1309081321,AS121,Sonny,Male,2008-11-08,00:01:07,-24.65398,27.11072
1309081324,AS121,Sonny,Male,2008-11-09,00:02:07,-24.63022,27.16167
1309081326,AS121,Sonny,Male,2008-11-01,00:01:43,-24.61296,27.17258
1309081331,AS121,Sonny,Male,2008-11-06,00:00:49,-24.65588,27.12691
1309081332,AS121,Sonny,Male,2008-11-01,12:00:49,-24.60589,27.16354
1309081333,AS121,Sonny,Male,2008-11-07,00:00:50,-24.65397,27.1107
1309081336,AS121,Sonny,Male,2008-11-13,00:00:49,-24.65121,27.11106
1309081338,AS121,Sonny,Male,2008-11-18,12:00:52,-24.63596,27.23635
1309081339,AS121,Sonny,Male,2008-11-03,12:03:34,-24.60065,27.18115
1309081341,AS121,Sonny,Male,2008-11-14,00:01:14,-24.65186,27.11096
1309081342,AS121,Sonny,Male,2008-11-11,00:00:49,-24.60039,27.17018
1309081344,AS121,Sonny,Male,2008-11-18,00:00:49,-24.63583,27.23618
1309081345,AS121,Sonny,Male,2008-11-17,00:01:20,-24.63591,27.23615
1309081346,AS121,Sonny,Male,2008-11-12,12:01:54,-24.61109,27.18014
1309081347,AS121,Sonny,Male,2008-11-13,12:00:54,-24.61548,27.145
1309081348,AS121,Sonny,Male,2008-11-15,00:01:13,-24.60534,27.18006
1309081349,AS121,Sonny,Male,2008-11-16,12:03:31,-24.61128,27.1801
1309081351,AS121,Sonny,Male,2008-11-14,12:01:19,-24.65145,27.11124
1309081352,AS121,Sonny,Male,2008-11-11,12:01:19,-24.61139,27.1792
1309081353,AS121,Sonny,Male,2008-11-09,12:02:13,-24.64284,27.15693
1309081354,AS121,Sonny,Male,2008-11-15,12:02:52,-24.65159,27.1113
1309081355,AS121,Sonny,Male,2008-11-17,12:00:49,-24.60119,27.20661
1309081356,AS121,Sonny,Male,2008-11-20,12:01:51,-24.61022,27.17981
1309081357,AS121,Sonny,Male,2008-11-05,12:00:49,-24.60971,27.18492
1309081358,AS121,Sonny,Male,2008-11-12,00:00:49,-24.61533,27.145
1309081359,AS121,Sonny,Male,2008-11-19,00:01:14,-24.61139,27.17918
1309081360,AS121,Sonny,Male,2008-11-16,00:00:49,-24.6057,27.18595
1309081361,AS121,Sonny,Male,2008-11-20,00:00:51,-24.59515,27.18369
1309081362,AS121,Sonny,Male,2008-11-10,12:00:50,-24.63024,27.16145
1309081363,AS121,Sonny,Male,2008-11-21,-99999,-24.59205,27.18237
1309081364,AS121,Sonny,Male,2008-11-19,12:02:10,-24.61293,27.17843
1309078928,AM124,Challenger,Male,2007-01-03,17:01:33,-24.87342,26.83261
1309078936,AM196,GeorgeJoss,Male,2007-01-02,00:01:20,-24.38173,26.6738
1309078939,AM124,Challenger,Male,2007-01-05,09:03:19,-24.87344,26.65356
1309078945,AM124,Challenger,Male,2007-01-01,20:05:28,-24.859,27.06994
1309078948,AM196,GeorgeJoss,Male,2007-01-01,04:03:43,-24.40083,26.81339
1309078953,AM196,GeorgeJoss,Male,2007-01-02,15:01:14,-24.40279,26.67016
1309078954,AM196,GeorgeJoss,Male,2007-01-04,03:06:37,-24.40717,26.64086
1309078955,AM196,GeorgeJoss,Male,2007-01-03,21:11:20,-24.39699,26.66426
1309078956,AM196,GeorgeJoss,Male,2007-01-03,11:06:19,-24.39704,26.66421
1309078958,AM124,Challenger,Male,2007-01-07,01:05:32,-25.0802,26.77864
1309078961,AM196,GeorgeJoss,Male,2007-01-03,06:02:58,-24.39743,26.66369
1309078962,AM124,Challenger,Male,2007-01-04,23:05:35,-24.85727,26.75214
1309078963,AM196,GeorgeJoss,Male,2007-01-05,21:01:32,-24.60883,26.55139
1309078964,AM196,GeorgeJoss,Male,2007-01-04,18:07:38,-24.55018,26.66309
1309078965,AM196,GeorgeJoss,Male,2007-01-04,23:02:22,-24.58015,26.61536
1309078966,AM124,Challenger,Male,2007-01-08,04:05:35,-25.06566,26.87464
1309078967,AM196,GeorgeJoss,Male,2007-01-01,14:12:07,-24.41621,26.80951
1309078968,AM196,GeorgeJoss,Male,2007-01-04,08:09:42,-24.49431,26.6575
1309078969,AM124,Challenger,Male,2007-01-01,00:04:50,-24.85114,27.10546
1309078970,AM196,GeorgeJoss,Male,2007-01-05,19:01:21,-24.58587,26.59669
1309078971,AM196,GeorgeJoss,Male,2007-01-02,10:01:19,-24.40267,26.66998
1309078972,AM196,GeorgeJoss,Male,2007-01-05,14:04:50,-24.56787,26.61495
1309078973,AM124,Challenger,Male,2007-01-03,07:04:44,-24.8735,26.83262
1309078974,AM196,GeorgeJoss,Male,2007-01-04,13:01:19,-24.5145,26.65806
1309078975,AM196,GeorgeJoss,Male,2007-01-02,05:01:21,-24.39215,26.67562
1309078976,AM124,Challenger,Male,2007-01-05,14:02:38,-24.8787,26.65697
1309078977,AM196,GeorgeJoss,Male,2007-01-07,05:02:43,-24.6374,26.53917
1309078978,AM124,Challenger,Male,2007-01-06,15:05:16,-24.9728,26.71066
1309078979,AM196,GeorgeJoss,Male,2007-01-07,15:01:28,-24.63663,26.5395
1309078980,AM124,Challenger,Male,2007-01-03,02:01:20,-24.89397,26.8341
1309078981,AM124,Challenger,Male,2007-01-07,22:03:15,-25.12633,26.82158
1309078982,AM196,GeorgeJoss,Male,2007-01-09,23:01:28,-24.57112,26.67855
1309078983,AM196,GeorgeJoss,Male,2007-01-03,01:12:16,-24.39719,26.66388
1309078984,AM196,GeorgeJoss,Male,2007-01-03,16:04:19,-24.39709,26.66416
1309078985,AM196,GeorgeJoss,Male,2007-01-05,00:01:25,-24.57812,26.61155
1309078986,AM196,GeorgeJoss,Male,2007-01-07,22:01:20,-24.63655,26.53533
1309078987,AM196,GeorgeJoss,Male,2007-01-09,05:08:44,-24.57377,26.63707
1309078988,AM196,GeorgeJoss,Male,2007-01-07,10:04:19,-24.6366,26.53948
1309078989,AM124,Challenger,Male,2007-01-11,03:01:44,-24.85566,27.14627
1309078990,AM124,Challenger,Male,2007-01-07,21:03:56,-25.12645,26.82161
1309078991,AM196,GeorgeJoss,Male,2007-01-05,20:04:37,-24.59694,26.5815
1309078992,AM196,GeorgeJoss,Male,2007-01-07,23:03:26,-24.63639,26.53526
1309078993,AM124,Challenger,Male,2007-01-06,05:03:18,-24.97253,26.71115
1309078994,AM196,GeorgeJoss,Male,2007-01-05,04:01:19,-24.57156,26.60848
1309078995,AM196,GeorgeJoss,Male,2007-01-08,09:07:37,-24.61525,26.5181
1309078996,AM196,GeorgeJoss,Male,2007-01-07,20:01:19,-24.63655,26.53535
1309078997,AM196,GeorgeJoss,Male,2007-01-06,14:01:19,-24.64134,26.54351
1309078998,AM196,GeorgeJoss,Male,2007-01-07,21:06:20,-24.63655,26.53534
1309078999,AM124,Challenger,Male,2007-01-08,14:04:37,-25.06257,26.87706
1309079000,AM196,GeorgeJoss,Male,2007-01-10,09:06:19,-24.57229,26.68357
1309079001,AM196,GeorgeJoss,Male,2007-01-08,14:01:49,-24.61545,26.51809
1309079002,AM196,GeorgeJoss,Male,2007-01-10,00:01:07,-24.56986,26.67923
1309079003,AM196,GeorgeJoss,Male,2007-01-07,00:13:05,-24.6539,26.5382
1309079004,AM196,GeorgeJoss,Male,2007-01-09,20:02:51,-24.57233,26.67601
1309079005,AM124,Challenger,Male,2007-01-07,16:05:22,-25.16113,26.80541
1309079006,AM196,GeorgeJoss,Male,2007-01-05,22:00:58,-24.61984,26.52588
1309079007,AM196,GeorgeJoss,Male,2007-01-06,04:05:38,-24.64147,26.54214
1309079008,AM124,Challenger,Male,2007-01-13,07:05:32,-24.83236,27.20338
1309079009,AM124,Challenger,Male,2007-01-08,19:02:19,-25.05871,26.88516
1309079010,AM196,GeorgeJoss,Male,2007-01-10,19:00:50,-24.57584,26.68044
1309079011,AM124,Challenger,Male,2007-01-09,01:03:43,-25.06354,26.91391
1309079012,AM196,GeorgeJoss,Male,2007-01-10,14:01:20,-24.57235,26.68369
1309079013,AM124,Challenger,Male,2007-01-10,12:01:20,-24.99786,27.12393
1309079014,AM124,Challenger,Male,2007-01-12,20:01:25,-24.83222,27.20284
1309079015,AM196,GeorgeJoss,Male,2007-01-10,22:00:27,-24.57422,26.67976
1309079016,AM196,GeorgeJoss,Male,2007-01-08,04:06:50,-24.61522,26.51804
1309079017,AM196,GeorgeJoss,Male,2007-01-09,15:00:50,-24.58363,26.64464
1309079018,AM196,GeorgeJoss,Male,2007-01-14,19:03:19,-24.57311,26.58976
1309079019,AM196,GeorgeJoss,Male,2007-01-10,23:00:50,-24.57423,26.67964
1309079020,AM196,GeorgeJoss,Male,2007-01-11,04:02:19,-24.57398,26.67887
1309079021,AM196,GeorgeJoss,Male,2007-01-10,21:10:19,-24.57412,26.6797
1309079022,AM196,GeorgeJoss,Male,2007-01-10,20:00:57,-24.57412,26.67972
1309079023,AM196,GeorgeJoss,Male,2007-01-09,22:00:56,-24.57089,26.67839
1309079024,AM196,GeorgeJoss,Male,2007-01-09,10:04:11,-24.58394,26.64437
1309079025,AM124,Challenger,Male,2007-01-10,07:03:19,-24.99732,27.12425
1309079026,AM196,GeorgeJoss,Male,2007-01-09,21:00:50,-24.57101,26.67755
1309079027,AM196,GeorgeJoss,Male,2007-01-13,01:00:50,-24.60575,26.64807
1309079028,AM124,Challenger,Male,2007-01-11,08:02:49,-24.84239,27.15674
1309079029,AM196,GeorgeJoss,Male,2007-01-11,14:01:14,-24.56569,26.66571
1309079030,AM196,GeorgeJoss,Male,2007-01-12,10:09:38,-24.57518,26.64967
1309079031,AM196,GeorgeJoss,Male,2007-01-13,11:03:07,-24.5943,26.60824
1309079032,AM196,GeorgeJoss,Male,2007-01-10,04:03:49,-24.57236,26.68336
1309079033,AM124,Challenger,Male,2007-01-11,13:03:50,-24.84268,27.16243
1309079034,AM196,GeorgeJoss,Male,2007-01-15,20:00:49,-24.62445,26.52406
1309079035,AM196,GeorgeJoss,Male,2007-01-13,21:08:49,-24.59416,26.60795
1309079036,AM196,GeorgeJoss,Male,2007-01-12,05:09:13,-24.57487,26.64975
1309079037,AM124,Challenger,Male,2007-01-15,19:05:34,-24.83864,27.21856
1309079038,AM196,GeorgeJoss,Male,2007-01-11,00:02:03,-24.57418,26.67968
1309079039,AM196,GeorgeJoss,Male,2007-01-14,04:01:50,-24.59417,26.60792
1309079040,AM196,GeorgeJoss,Male,2007-01-14,14:01:49,-24.59162,26.60306
1309079041,AM196,GeorgeJoss,Male,2007-01-17,04:01:41,-24.62979,26.52468
1309079042,AM124,Challenger,Male,2007-01-13,22:05:42,-24.8322,27.20325
1309079043,AM196,GeorgeJoss,Male,2007-01-13,16:01:43,-24.59424,26.60812
1309079044,AM124,Challenger,Male,2007-01-12,19:04:50,-24.83213,27.20328
1309079045,AM196,GeorgeJoss,Male,2007-01-14,23:00:29,-24.56634,26.58762
1309079046,AM196,GeorgeJoss,Male,2007-01-13,22:04:15,-24.59422,26.60795
1309079047,AM124,Challenger,Male,2007-01-13,02:01:19,-24.83221,27.20328
1309079048,AM124,Challenger,Male,2007-01-14,13:04:19,-24.83775,27.21732
1309079049,AM196,GeorgeJoss,Male,2007-01-12,00:02:19,-24.53318,26.69212
1309079050,AM196,GeorgeJoss,Male,2007-01-12,15:06:24,-24.59495,26.64211
1309079051,AM124,Challenger,Male,2007-01-16,15:01:13,-24.84447,27.21808
1309079052,AM124,Challenger,Male,2007-01-13,17:01:43,-24.83224,27.20313
1309079053,AM196,GeorgeJoss,Male,2007-01-14,21:12:57,-24.57276,26.5852
1309079054,AM196,GeorgeJoss,Male,2007-01-13,06:01:37,-24.59421,26.60817
1309079055,AM124,Challenger,Male,2007-01-19,03:01:07,-24.83607,27.24119
1309079056,AM196,GeorgeJoss,Male,2007-01-15,09:01:19,-24.62616,26.53518
1309079057,AM124,Challenger,Male,2007-01-15,09:05:37,-24.83849,27.21722
1309079058,AM196,GeorgeJoss,Male,2007-01-14,20:01:28,-24.57312,26.584
1309079059,AM196,GeorgeJoss,Male,2007-01-16,03:01:49,-24.6388,26.52902
1309079060,AM196,GeorgeJoss,Male,2007-01-16,13:03:19,-24.63592,26.52457
1309079061,AM196,GeorgeJoss,Male,2007-01-15,04:05:13,-24.62551,26.53233
1309079062,AM196,GeorgeJoss,Male,2007-01-16,08:05:55,-24.63686,26.52682
1309079063,AM124,Challenger,Male,2007-01-16,05:05:20,-24.83841,27.21856
1309079064,AM196,GeorgeJoss,Male,2007-01-20,05:05:14,-24.55042,26.66364
1309079065,AM196,GeorgeJoss,Male,2007-01-18,02:01:19,-24.61728,26.524
1309079066,AM124,Challenger,Male,2007-01-17,06:01:20,-24.84532,27.21722
1309079067,AM124,Challenger,Male,2007-01-17,16:04:57,-24.84654,27.2151
1309079068,AM196,GeorgeJoss,Male,2007-01-16,18:04:13,-24.63707,26.5265
1309079069,AM196,GeorgeJoss,Male,2007-01-14,22:01:19,-24.57331,26.58511
1309079070,AM124,Challenger,Male,2007-01-15,14:05:31,-24.83881,27.21861
1309079071,AM196,GeorgeJoss,Male,2007-01-17,20:09:49,-24.61729,26.52405
1309079072,AM196,GeorgeJoss,Male,2007-01-15,19:01:19,-24.62543,26.5253
1309079073,AM196,GeorgeJoss,Male,2007-01-16,23:03:20,-24.63984,26.52963
1309079074,AM124,Challenger,Male,2007-01-19,18:01:49,-24.82348,27.20929
1309079075,AM196,GeorgeJoss,Male,2007-01-15,14:01:37,-24.62376,26.53658
1309079076,AM196,GeorgeJoss,Male,2007-01-17,14:01:21,-24.62345,26.53182
1309079077,AM196,GeorgeJoss,Male,2007-01-15,00:01:25,-24.58109,26.59308
1309079078,AM196,GeorgeJoss,Male,2007-01-22,04:04:44,-24.57956,26.63212
1309079079,AM196,GeorgeJoss,Male,2007-01-15,21:06:50,-24.62443,26.52406
1309079080,AM124,Challenger,Male,2007-01-16,20:05:41,-24.84444,27.2178
1309079081,AM196,GeorgeJoss,Male,2007-01-18,17:12:48,-24.57265,26.58172
1309079082,AM196,GeorgeJoss,Male,2007-01-19,14:01:19,-24.57275,26.62852
1309079083,AM196,GeorgeJoss,Male,2007-01-17,09:01:21,-24.62348,26.5318
1309079084,AM124,Challenger,Male,2007-01-18,17:05:11,-24.83997,27.24565
1309079085,AM196,GeorgeJoss,Male,2007-01-19,04:01:50,-24.57124,26.62636
1309079086,AM196,GeorgeJoss,Male,2007-01-19,09:08:20,-24.57283,26.62875
1309079087,AM196,GeorgeJoss,Male,2007-01-18,12:01:19,-24.59543,26.54738
1309079088,AM196,GeorgeJoss,Male,2007-01-21,06:02:38,-24.54361,26.66636
1309079089,AM124,Challenger,Male,2007-01-19,13:05:41,-24.83705,27.21738
1309079090,AM124,Challenger,Male,2007-01-24,01:04:07,-24.74998,27.08574
1309079091,AM124,Challenger,Male,2007-01-20,21:04:36,-24.79102,27.11614
1309079092,AM124,Challenger,Male,2007-01-18,22:05:21,-24.84012,27.2457
1309079093,AM124,Challenger,Male,2007-01-21,08:03:44,-24.79571,27.11818
1309079094,AM196,GeorgeJoss,Male,2007-01-19,19:13:36,-24.56367,26.652
1309079095,AM196,GeorgeJoss,Male,2007-01-17,19:00:50,-24.61725,26.52407
1309079096,AM124,Challenger,Male,2007-01-20,20:03:33,-24.79115,27.1161
1309079097,AM124,Challenger,Male,2007-01-20,19:01:20,-24.79023,27.11672
1309079098,AM196,GeorgeJoss,Male,2007-01-18,23:01:13,-24.56046,26.60025
1309079099,AM196,GeorgeJoss,Male,2007-01-19,00:04:18,-24.56047,26.60017
1309079100,AM124,Challenger,Male,2007-01-19,08:04:19,-24.83708,27.21715
1309079101,AM196,GeorgeJoss,Male,2007-01-18,07:01:43,-24.59844,26.54946
1309079102,AM196,GeorgeJoss,Male,2007-01-18,22:04:49,-24.56046,26.60024
1309079103,AM196,GeorgeJoss,Male,2007-01-25,19:04:50,-24.62219,26.54054
1309079104,AM196,GeorgeJoss,Male,2007-01-20,15:01:44,-24.54499,26.66629
1309079105,AM196,GeorgeJoss,Male,2007-01-23,15:03:49,-24.59265,26.58775
1309079106,AM124,Challenger,Male,2007-01-23,15:03:48,-24.7357,27.08775
1309079107,AM196,GeorgeJoss,Male,2007-01-21,22:04:32,-24.53463,26.68291
1309079108,AM196,GeorgeJoss,Male,2007-01-23,05:01:57,-24.59301,26.58757
1309079109,AM124,Challenger,Male,2007-01-21,18:05:40,-24.79671,27.11344
1309079110,AM196,GeorgeJoss,Male,2007-01-20,10:03:44,-24.54375,26.66489
1309079111,AM196,GeorgeJoss,Male,2007-01-23,10:01:20,-24.59256,26.58756
1309079112,AM196,GeorgeJoss,Male,2007-01-21,21:01:19,-24.53466,26.68302
1309079113,AM196,GeorgeJoss,Male,2007-01-24,21:04:21,-24.65401,26.55438
1309079114,AM124,Challenger,Male,2007-01-27,02:01:19,-24.73295,27.08413
1309079115,AM196,GeorgeJoss,Male,2007-01-22,14:05:50,-24.58129,26.63217
1309079116,AM124,Challenger,Male,2007-01-21,03:02:43,-24.79103,27.11652
1309079117,AM196,GeorgeJoss,Male,2007-01-23,20:08:39,-24.62392,26.52843
1309079118,AM196,GeorgeJoss,Male,2007-01-23,23:01:13,-24.62576,26.52776
1309079119,AM196,GeorgeJoss,Male,2007-01-23,21:01:02,-24.62571,26.5277
1309079120,AM196,GeorgeJoss,Male,2007-01-24,14:03:43,-24.62777,26.51107
1309079121,AM196,GeorgeJoss,Male,2007-01-23,22:00:27,-24.6257,26.5278
1309079122,AM196,GeorgeJoss,Male,2007-01-21,01:02:13,-24.54487,26.66644
1309079123,AM196,GeorgeJoss,Male,2007-01-22,00:00:27,-24.54202,26.66717
1309079124,AM196,GeorgeJoss,Male,2007-01-22,09:08:07,-24.58183,26.63089
1309079125,AM196,GeorgeJoss,Male,2007-01-23,00:03:50,-24.58456,26.60445
1309079126,AM196,GeorgeJoss,Male,2007-01-21,16:03:37,-24.53039,26.69373
1309079127,AM124,Challenger,Male,2007-01-24,21:01:20,-24.74539,27.08547
1309079128,AM196,GeorgeJoss,Male,2007-01-21,23:04:50,-24.5347,26.68295
1309079129,AM196,GeorgeJoss,Male,2007-01-24,19:01:19,-24.64298,26.53672
1309079130,AM196,GeorgeJoss,Male,2007-01-26,00:01:19,-24.57581,26.59515
1309079131,AM124,Challenger,Male,2007-01-25,03:05:20,-24.74547,27.08558
1309079132,AM124,Challenger,Male,2007-01-26,19:02:51,-24.73287,27.08369
1309079133,AM196,GeorgeJoss,Male,2007-01-25,22:00:50,-24.58802,26.59674
1309079134,AM196,GeorgeJoss,Male,2007-01-28,19:01:13,-24.57771,26.63395
1309079135,AM124,Challenger,Male,2007-01-26,20:04:46,-24.73272,27.08404
1309079136,AM196,GeorgeJoss,Male,2007-01-24,23:04:15,-24.66204,26.55699
1309079137,AM124,Challenger,Male,2007-01-24,11:05:20,-24.7453,27.08546
1309079138,AM196,GeorgeJoss,Male,2007-01-29,20:00:49,-24.57056,26.67344
1309079139,AM196,GeorgeJoss,Male,2007-01-27,22:00:26,-24.54188,26.61071
1309079140,AM196,GeorgeJoss,Male,2007-01-25,21:01:51,-24.59264,26.58881
1309079141,AM196,GeorgeJoss,Male,2007-01-24,04:02:49,-24.62639,26.52447
1309079142,AM196,GeorgeJoss,Male,2007-01-26,19:01:49,-24.56133,26.59819
1309079143,AM196,GeorgeJoss,Male,2007-01-26,04:01:19,-24.55858,26.59926
1309079144,AM196,GeorgeJoss,Male,2007-01-27,11:01:19,-24.54209,26.6117
1309079145,AM196,GeorgeJoss,Male,2007-01-24,20:01:49,-24.65224,26.55234
1309079146,AM196,GeorgeJoss,Male,2007-01-25,04:01:20,-24.65473,26.55792
1309079147,AM196,GeorgeJoss,Male,2007-01-26,14:01:49,-24.56346,26.60144
1309079148,AM196,GeorgeJoss,Male,2007-01-26,09:02:13,-24.5638,26.60137
1309079149,AM196,GeorgeJoss,Male,2007-01-25,20:01:39,-24.60537,26.5606
1309079150,AM124,Challenger,Male,2007-01-25,18:03:20,-24.74525,27.08539
1309079151,AM196,GeorgeJoss,Male,2007-01-27,16:08:13,-24.54192,26.6106
1309079152,AM196,GeorgeJoss,Male,2007-01-24,22:01:13,-24.65668,26.55659
1309079153,AM196,GeorgeJoss,Male,2007-01-25,23:00:53,-24.58374,26.59373
1309079154,AM196,GeorgeJoss,Male,2007-01-27,01:01:19,-24.53504,26.60446
1309079155,AM124,Challenger,Male,2007-01-29,05:01:19,-24.69065,27.09949
1309079156,AM124,Challenger,Male,2007-01-27,22:02:08,-24.69065,27.09937
1309079157,AM196,GeorgeJoss,Male,2007-01-28,04:09:43,-24.54129,26.61305
1309079158,AM196,GeorgeJoss,Male,2007-01-31,16:03:19,-24.57178,26.66342
1309079159,AM196,GeorgeJoss,Male,2007-01-28,22:00:47,-24.57765,26.63391
1309079160,AM196,GeorgeJoss,Male,2007-01-29,00:06:49,-24.57778,26.63411
1309079161,AM124,Challenger,Male,2007-01-29,15:05:34,-24.69074,27.0997
1309079162,AM196,GeorgeJoss,Male,2007-01-28,00:01:07,-24.53574,26.60552
1309079163,AM196,GeorgeJoss,Male,2007-01-30,14:01:19,-24.56329,26.68433
1309079165,AM196,GeorgeJoss,Male,2007-01-28,21:04:21,-24.57765,26.6336
1309079166,AM196,GeorgeJoss,Male,2007-01-27,06:01:49,-24.5351,26.60463
1309079167,AM196,GeorgeJoss,Male,2007-01-29,04:04:50,-24.57765,26.63397
1309079168,AM196,GeorgeJoss,Male,2007-01-29,19:10:07,-24.55766,26.6644
1309079169,AM196,GeorgeJoss,Male,2007-01-30,00:01:43,-24.55015,26.70111
1309079170,AM196,GeorgeJoss,Male,2007-01-28,14:12:49,-24.57291,26.62874
1309079171,AM196,GeorgeJoss,Male,2007-01-27,21:01:50,-24.5419,26.61057
1309079172,AM196,GeorgeJoss,Male,2007-01-29,09:01:39,-24.5778,26.634
1309079173,AM196,GeorgeJoss,Male,2007-01-29,14:00:50,-24.57781,26.63395
1309079174,AM196,GeorgeJoss,Male,2007-01-28,20:01:19,-24.5776,26.63391
1309079175,AM196,GeorgeJoss,Male,2007-01-29,22:02:21,-24.55903,26.69342
1309079176,AM196,GeorgeJoss,Male,2007-01-28,23:01:09,-24.57776,26.63399
1309079177,AM196,GeorgeJoss,Male,2007-01-28,09:07:20,-24.57283,26.62873
1309079178,AM196,GeorgeJoss,Male,2007-01-27,23:01:00,-24.53569,26.60557
1309079179,AM196,GeorgeJoss,Male,2007-01-30,04:01:19,-24.56051,26.69117
1309079181,AM196,GeorgeJoss,Male,2007-01-29,21:01:52,-24.56143,26.68179
1309079183,AM124,Challenger,Male,2007-01-31,07:01:19,-24.66616,27.14404
1309079187,AM196,GeorgeJoss,Male,2007-01-31,01:00:49,-24.56324,26.68408
1309079192,AM196,GeorgeJoss,Male,2007-01-29,23:00:45,-24.55215,26.70039
1309079194,AM196,GeorgeJoss,Male,2007-01-31,11:01:20,-24.57135,26.66657
1309079196,AM196,GeorgeJoss,Male,2007-01-30,09:03:07,-24.5633,26.6844
1309079201,AM196,GeorgeJoss,Male,2007-01-31,06:01:19,-24.56785,26.67462
1309079204,AM196,GeorgeJoss,Male,2007-01-30,19:01:19,-24.56329,26.68407
1309079164,AM196,GeorgeJoss,Male,2007-02-03,00:00:54,-24.53743,26.59769
1309079180,AM196,GeorgeJoss,Male,2007-02-02,03:02:49,-24.57417,26.60759
1309079182,AM124,Challenger,Male,2007-02-02,09:05:27,-24.65567,27.15659
1309079184,AM124,Challenger,Male,2007-02-02,14:04:43,-24.64972,27.16054
1309079185,AM196,GeorgeJoss,Male,2007-02-01,17:08:07,-24.54226,26.66534
1309079186,AM196,GeorgeJoss,Male,2007-02-04,14:04:49,-24.55516,26.61535
1309079188,AM196,GeorgeJoss,Male,2007-02-03,23:01:07,-24.53096,26.60575
1309079189,AM196,GeorgeJoss,Male,2007-02-05,19:06:07,-24.53634,26.5899
1309079190,AM196,GeorgeJoss,Male,2007-02-01,02:01:45,-24.54399,26.66346
1309079191,AM196,GeorgeJoss,Male,2007-02-02,13:03:20,-24.57395,26.60717
1309079193,AM124,Challenger,Male,2007-02-03,05:01:43,-24.65084,27.14951
1309079195,AM196,GeorgeJoss,Male,2007-02-03,20:02:44,-24.53145,26.58523
1309079197,AM124,Challenger,Male,2007-02-01,18:03:49,-24.67694,27.14595
1309079198,AM196,GeorgeJoss,Male,2007-02-02,18:02:52,-24.56811,26.59779
1309079199,AM196,GeorgeJoss,Male,2007-02-03,09:01:50,-24.53702,26.58455
1309079200,AM196,GeorgeJoss,Male,2007-02-02,23:00:49,-24.53877,26.60001
1309079202,AM124,Challenger,Male,2007-02-02,04:05:34,-24.67028,27.15025
1309079203,AM196,GeorgeJoss,Male,2007-02-03,21:02:50,-24.5295,26.58524
1309079205,AM196,GeorgeJoss,Male,2007-02-03,04:01:44,-24.53432,26.58954
1309079206,AM124,Challenger,Male,2007-02-05,02:05:29,-24.66422,27.14655
1309079207,AM196,GeorgeJoss,Male,2007-02-04,23:00:59,-24.56082,26.62076
1309079208,AM124,Challenger,Male,2007-02-05,12:03:50,-24.66634,27.14218
1309079209,AM196,GeorgeJoss,Male,2007-02-04,21:02:14,-24.56077,26.6209
1309079210,AM124,Challenger,Male,2007-02-04,21:05:39,-24.65325,27.14784
1309079211,AM196,GeorgeJoss,Male,2007-02-04,00:01:13,-24.5355,26.6036
1309079212,AM124,Challenger,Male,2007-02-07,04:03:09,-24.6656,27.14636
1309079213,AM196,GeorgeJoss,Male,2007-02-06,10:01:20,-24.54216,26.61148
1309079214,AM196,GeorgeJoss,Male,2007-02-08,04:02:09,-24.54295,26.61143
1309079215,AM196,GeorgeJoss,Male,2007-02-04,20:09:42,-24.56073,26.62089
1309079216,AM196,GeorgeJoss,Male,2007-02-05,09:11:37,-24.56125,26.62082
1309079217,AM196,GeorgeJoss,Male,2007-02-04,09:04:13,-24.5552,26.61527
1309079218,AM196,GeorgeJoss,Male,2007-02-03,19:02:07,-24.53174,26.58689
1309079219,AM124,Challenger,Male,2007-02-05,17:02:50,-24.66622,27.14228
1309079220,AM196,GeorgeJoss,Male,2007-02-04,19:01:21,-24.56069,26.62088
1309079221,AM196,GeorgeJoss,Male,2007-02-03,22:00:47,-24.5318,26.59568
1309079222,AM124,Challenger,Male,2007-02-06,23:02:13,-24.66616,27.14206
1309079223,AM124,Challenger,Male,2007-02-06,13:01:20,-24.66627,27.14216
1309079224,AM196,GeorgeJoss,Male,2007-02-05,00:00:49,-24.56073,26.62082
1309079225,AM196,GeorgeJoss,Male,2007-02-05,04:01:20,-24.56104,26.62063
1309079226,AM124,Challenger,Male,2007-02-04,06:02:19,-24.65123,27.1497
1309079227,AM196,GeorgeJoss,Male,2007-02-04,04:03:49,-24.55188,26.61423
1309079228,AM196,GeorgeJoss,Male,2007-02-04,22:00:49,-24.56073,26.62091
1309079229,AM196,GeorgeJoss,Male,2007-02-06,01:01:19,-24.52706,26.60233
1309079230,AM196,GeorgeJoss,Male,2007-02-07,21:02:03,-24.54287,26.61144
1309079231,AM196,GeorgeJoss,Male,2007-02-05,20:00:49,-24.53302,26.59134
1309079232,AM196,GeorgeJoss,Male,2007-02-09,20:00:38,-24.60204,26.64129
1309079233,AM196,GeorgeJoss,Male,2007-02-07,14:08:19,-24.54275,26.6111
1309079234,AM196,GeorgeJoss,Male,2007-02-06,20:01:50,-24.54294,26.61118
1309079235,AM196,GeorgeJoss,Male,2007-02-06,21:10:58,-24.54297,26.61122
1309079236,AM196,GeorgeJoss,Male,2007-02-07,20:01:29,-24.54289,26.61136
1309079237,AM196,GeorgeJoss,Male,2007-02-07,22:02:19,-24.54292,26.61128
1309079238,AM196,GeorgeJoss,Male,2007-02-08,23:00:29,-24.56282,26.659
1309079239,AM196,GeorgeJoss,Male,2007-02-11,21:03:08,-24.65796,26.54324
1309079240,AM196,GeorgeJoss,Male,2007-02-07,09:07:19,-24.54259,26.61129
1309079241,AM196,GeorgeJoss,Male,2007-02-07,23:01:49,-24.54291,26.61132
1309079242,AM124,Challenger,Male,2007-02-06,18:04:19,-24.66616,27.14214
1309079243,AM124,Challenger,Male,2007-02-07,00:00:56,-24.66615,27.14216
1309079244,AM196,GeorgeJoss,Male,2007-02-08,00:01:19,-24.54284,26.61142
1309079245,AM196,GeorgeJoss,Male,2007-02-07,04:01:54,-24.54273,26.61122
1309079246,AM196,GeorgeJoss,Male,2007-02-07,19:09:50,-24.54291,26.61134
1309079247,AM196,GeorgeJoss,Male,2007-02-08,20:06:20,-24.57138,26.62636
1309079248,AM196,GeorgeJoss,Male,2007-02-08,14:02:49,-24.54292,26.61121
1309079249,AM124,Challenger,Male,2007-02-08,05:04:49,-24.66072,27.1326
1309079250,AM196,GeorgeJoss,Male,2007-02-06,05:01:19,-24.53637,26.60885
1309079251,AM196,GeorgeJoss,Male,2007-02-06,15:01:19,-24.54286,26.61124
1309079252,AM196,GeorgeJoss,Male,2007-02-06,22:02:20,-24.54292,26.61122
1309079253,AM124,Challenger,Male,2007-02-08,10:05:42,-24.65895,27.12886
1309079254,AM196,GeorgeJoss,Male,2007-02-10,04:01:49,-24.59805,26.60152
1309079255,AM196,GeorgeJoss,Male,2007-02-08,21:01:03,-24.5709,26.64067
1309079256,AM196,GeorgeJoss,Male,2007-02-08,09:01:20,-24.54297,26.6113
1309079257,AM196,GeorgeJoss,Male,2007-02-13,02:01:19,-24.62417,26.53796
1309079258,AM196,GeorgeJoss,Male,2007-02-12,04:02:07,-24.64861,26.538
1309079259,AM196,GeorgeJoss,Male,2007-02-09,00:02:15,-24.578,26.6611
1309079260,AM196,GeorgeJoss,Male,2007-02-10,09:09:49,-24.5906,26.58715
1309079261,AM196,GeorgeJoss,Male,2007-02-10,00:00:49,-24.61309,26.62789
1309079262,AM196,GeorgeJoss,Male,2007-02-09,23:04:08,-24.60207,26.64129
1309079263,AM196,GeorgeJoss,Male,2007-02-08,19:03:13,-24.57131,26.62635
1309079264,AM196,GeorgeJoss,Male,2007-02-10,19:02:50,-24.64332,26.5422
1309079265,AM196,GeorgeJoss,Male,2007-02-15,04:04:49,-24.61851,26.5182
1309079266,AM196,GeorgeJoss,Male,2007-02-11,16:01:44,-24.67366,26.55679
1309079267,AM196,GeorgeJoss,Male,2007-02-09,04:10:44,-24.60255,26.6593
1309079268,AM196,GeorgeJoss,Male,2007-02-09,19:04:43,-24.60218,26.64144
1309079269,AM196,GeorgeJoss,Male,2007-02-09,22:00:33,-24.6021,26.64099
1309079270,AM196,GeorgeJoss,Male,2007-02-08,22:02:19,-24.56434,26.65136
1309079271,AM124,Challenger,Male,2007-02-12,10:03:49,-24.67865,27.13704
1309079272,AM196,GeorgeJoss,Male,2007-02-11,23:01:14,-24.65482,26.54083
1309079273,AM196,GeorgeJoss,Male,2007-02-09,21:06:02,-24.60188,26.64116
1309079274,AM124,Challenger,Male,2007-02-09,21:01:19,-24.65157,27.11048
1309079275,AM124,Challenger,Male,2007-02-11,09:01:50,-24.66964,27.14143
1309079276,AM124,Challenger,Male,2007-02-10,03:04:39,-24.65138,27.11073
1309079277,AM196,GeorgeJoss,Male,2007-02-11,06:06:19,-24.67654,26.55442
1309079278,AM124,Challenger,Male,2007-02-12,15:01:49,-24.68138,27.13799
1309079279,AM196,GeorgeJoss,Male,2007-02-09,14:03:07,-24.60159,26.65368
1309079280,AM196,GeorgeJoss,Male,2007-02-14,08:01:14,-24.61602,26.50813
1309079281,AM196,GeorgeJoss,Male,2007-02-16,04:07:13,-24.61537,26.54884
1309079282,AM196,GeorgeJoss,Male,2007-02-11,22:00:56,-24.65796,26.54325
1309079283,AM196,GeorgeJoss,Male,2007-02-14,03:01:21,-24.61534,26.52067
1309079284,AM124,Challenger,Male,2007-02-12,05:04:20,-24.68292,27.13194
1309079285,AM196,GeorgeJoss,Male,2007-02-14,23:08:14,-24.61282,26.51382
1309079286,AM124,Challenger,Male,2007-02-14,07:03:19,-24.66902,27.13948
1309079287,AM196,GeorgeJoss,Male,2007-02-15,23:01:13,-24.62363,26.54431
1309079288,AM196,GeorgeJoss,Male,2007-02-17,20:01:38,-24.53239,26.6902
1309079289,AM196,GeorgeJoss,Male,2007-02-14,13:05:19,-24.61598,26.50824
1309079290,AM196,GeorgeJoss,Male,2007-02-12,19:08:19,-24.63139,26.53232
1309079291,AM196,GeorgeJoss,Male,2007-02-12,14:02:20,-24.64105,26.5421
1309079292,AM196,GeorgeJoss,Male,2007-02-13,12:07:19,-24.62389,26.53844
1309079293,AM124,Challenger,Male,2007-02-13,01:02:08,-24.68245,27.13418
1309079294,AM124,Challenger,Male,2007-02-15,23:03:43,-24.65591,27.13628
1309079295,AM196,GeorgeJoss,Male,2007-02-15,20:01:19,-24.62375,26.54435
1309079296,AM196,GeorgeJoss,Male,2007-02-12,00:01:38,-24.65471,26.54089
1309079297,AM124,Challenger,Male,2007-02-14,22:05:34,-24.6673,27.14297
1309079298,AM196,GeorgeJoss,Male,2007-02-15,14:01:50,-24.62238,26.53253
1309079299,AM124,Challenger,Male,2007-02-15,13:02:39,-24.65536,27.13604
1309079300,AM196,GeorgeJoss,Male,2007-02-12,09:01:49,-24.64092,26.54226
1309079301,AM196,GeorgeJoss,Male,2007-02-13,07:03:08,-24.62398,26.53831
1309079302,AM196,GeorgeJoss,Male,2007-02-15,21:01:06,-24.62365,26.54433
1309079303,AM124,Challenger,Male,2007-02-17,22:03:19,-24.68028,27.12074
1309079304,AM196,GeorgeJoss,Male,2007-02-15,09:02:19,-24.62237,26.53253
1309079305,AM196,GeorgeJoss,Male,2007-02-19,20:00:45,-24.56556,26.68172
1309079306,AM124,Challenger,Male,2007-02-15,18:02:08,-24.65583,27.13618
1309079307,AM196,GeorgeJoss,Male,2007-02-12,20:00:50,-24.6313,26.53226
1309079308,AM124,Challenger,Male,2007-02-16,19:04:49,-24.68293,27.11826
1309079309,AM196,GeorgeJoss,Male,2007-02-18,23:07:43,-24.55379,26.69128
1309079310,AM124,Challenger,Male,2007-02-17,17:02:49,-24.68331,27.1232
1309079311,AM124,Challenger,Male,2007-02-16,14:02:07,-24.68307,27.11711
1309079312,AM196,GeorgeJoss,Male,2007-02-22,15:01:20,-24.59855,26.60343
1309079313,AM196,GeorgeJoss,Male,2007-02-17,00:12:19,-24.58121,26.60958
1309079314,AM196,GeorgeJoss,Male,2007-02-16,19:12:54,-24.58126,26.60955
1309079315,AM196,GeorgeJoss,Male,2007-02-16,14:03:14,-24.59465,26.58781
1309079316,AM124,Challenger,Male,2007-02-17,23:01:26,-24.68041,27.12069
1309079317,AM196,GeorgeJoss,Male,2007-02-15,19:01:20,-24.62436,26.5383
1309079318,AM196,GeorgeJoss,Male,2007-02-17,15:01:20,-24.54476,26.67281
1309079319,AM196,GeorgeJoss,Male,2007-02-16,00:00:32,-24.62362,26.5443
1309079320,AM196,GeorgeJoss,Male,2007-02-15,22:00:33,-24.62366,26.54427
1309079321,AM196,GeorgeJoss,Male,2007-02-18,03:01:20,-24.53238,26.69019
1309079322,AM124,Challenger,Male,2007-02-17,07:05:35,-24.68335,27.12271
1309079323,AM196,GeorgeJoss,Male,2007-02-17,05:08:09,-24.55998,26.65801
1309079324,AM124,Challenger,Male,2007-02-16,09:03:03,-24.68188,27.11714
1309079325,AM124,Challenger,Male,2007-02-18,00:03:53,-24.68031,27.12067
1309079326,AM196,GeorgeJoss,Male,2007-02-16,09:07:37,-24.59463,26.58745
1309079327,AM196,GeorgeJoss,Male,2007-02-18,13:01:20,-24.54299,26.67257
1309079328,AM196,GeorgeJoss,Male,2007-02-20,18:01:50,-24.56455,26.64931
1309079329,AM196,GeorgeJoss,Male,2007-02-17,21:01:19,-24.53241,26.69016
1309079330,AM124,Challenger,Male,2007-02-23,15:02:57,-24.65437,27.11279
1309079331,AM196,GeorgeJoss,Male,2007-02-19,09:01:49,-24.5655,26.68181
1309079332,AM124,Challenger,Male,2007-02-16,20:02:14,-24.68291,27.11834
1309079333,AM124,Challenger,Male,2007-02-24,06:02:07,-24.61336,27.13978
1309079334,AM196,GeorgeJoss,Male,2007-02-17,10:01:19,-24.54486,26.67022
1309079335,AM196,GeorgeJoss,Male,2007-02-19,04:01:50,-24.56561,26.68155
1309079336,AM196,GeorgeJoss,Male,2007-02-21,19:13:07,-24.57629,26.59308
1309079337,AM196,GeorgeJoss,Male,2007-02-21,04:05:19,-24.57538,26.6352
1309079338,AM196,GeorgeJoss,Male,2007-02-20,13:01:19,-24.56463,26.65062
1309079339,AM124,Challenger,Male,2007-02-18,19:02:43,-24.66854,27.13536
1309079340,AM124,Challenger,Male,2007-02-20,07:05:31,-24.66378,27.14846
1309079341,AM196,GeorgeJoss,Male,2007-02-20,03:00:49,-24.5657,26.64699
1309079342,AM196,GeorgeJoss,Male,2007-02-25,14:01:20,-24.60027,26.61924
1309079343,AM196,GeorgeJoss,Male,2007-02-22,10:02:13,-24.60023,26.60296
1309079344,AM196,GeorgeJoss,Male,2007-02-18,18:01:20,-24.56768,26.66816
1309079345,AM196,GeorgeJoss,Male,2007-02-19,19:01:19,-24.56564,26.68163
1309079346,AM196,GeorgeJoss,Male,2007-02-19,00:00:35,-24.55379,26.69123
1309079347,AM124,Challenger,Male,2007-02-22,09:05:13,-24.65526,27.13091
1309079348,AM196,GeorgeJoss,Male,2007-02-20,08:01:19,-24.56575,26.64708
1309079349,AM196,GeorgeJoss,Male,2007-02-22,23:02:20,-24.5987,26.60353
1309079350,AM124,Challenger,Male,2007-02-23,00:02:07,-24.65578,27.12958
1309079351,AM196,GeorgeJoss,Male,2007-02-22,21:00:49,-24.59852,26.60358
1309079352,AM196,GeorgeJoss,Male,2007-02-19,21:03:15,-24.56565,26.68177
1309079353,AM124,Challenger,Male,2007-02-28,20:05:33,-24.66429,27.14656
1309079354,AM196,GeorgeJoss,Male,2007-02-22,20:07:37,-24.59863,26.60351
1309079356,AM196,GeorgeJoss,Male,2007-02-23,09:01:13,-24.59144,26.58844
1309079357,AM196,GeorgeJoss,Male,2007-02-19,14:03:49,-24.56556,26.68193
1309079358,AM196,GeorgeJoss,Male,2007-02-22,05:02:55,-24.60198,26.60086
1309079359,AM196,GeorgeJoss,Male,2007-02-24,21:01:30,-24.64468,26.53531
1309079360,AM196,GeorgeJoss,Male,2007-02-23,04:07:49,-24.59845,26.60341
1309079361,AM196,GeorgeJoss,Male,2007-02-24,23:00:49,-24.6629,26.55772
1309079362,AM196,GeorgeJoss,Male,2007-02-24,22:00:50,-24.64386,26.54398
1309079363,AM196,GeorgeJoss,Male,2007-02-24,00:01:50,-24.61744,26.5308
1309079364,AM196,GeorgeJoss,Male,2007-02-24,20:08:19,-24.645,26.53553
1309079365,AM196,GeorgeJoss,Male,2007-02-25,09:10:07,-24.60027,26.61906
1309079366,AM196,GeorgeJoss,Male,2007-02-23,19:13:03,-24.61413,26.53909
1309079367,AM196,GeorgeJoss,Male,2007-02-24,05:01:14,-24.62468,26.53108
1309079368,AM196,GeorgeJoss,Male,2007-02-22,22:00:56,-24.59867,26.60355
1309079370,AM124,Challenger,Male,2007-02-23,10:05:04,-24.65439,27.1127
1309079371,AM196,GeorgeJoss,Male,2007-02-25,00:00:45,-24.66595,26.56176
1309079372,AM196,GeorgeJoss,Male,2007-02-24,10:05:32,-24.62542,26.53265
1309079373,AM124,Challenger,Male,2007-02-24,11:05:36,-24.61206,27.14195
1309079374,AM124,Challenger,Male,2007-02-28,00:04:37,-24.60665,27.1601
1309079375,AM196,GeorgeJoss,Male,2007-02-26,10:03:43,-24.56112,26.68785
1309079376,AM196,GeorgeJoss,Male,2007-02-23,00:01:17,-24.59851,26.60367
1309079377,AM196,GeorgeJoss,Male,2007-02-26,00:04:37,-24.55758,26.69002
1309079378,AM196,GeorgeJoss,Male,2007-02-25,19:12:59,-24.57198,26.63889
1309079381,AM196,GeorgeJoss,Male,2007-02-25,04:13:10,-24.61605,26.60855
1309079384,AM196,GeorgeJoss,Male,2007-02-23,14:05:49,-24.5914,26.58852
1309079391,AM124,Challenger,Male,2007-02-28,15:04:39,-24.65264,27.14377
1309079394,AM196,GeorgeJoss,Male,2007-02-26,05:01:13,-24.55991,26.68977
1309079355,AM124,Challenger,Male,2007-03-02,17:05:19,-24.68911,27.09384
1309079369,AM196,GeorgeJoss,Male,2007-03-03,23:00:33,-24.54166,26.59604
1309079379,AM124,Challenger,Male,2007-03-05,21:04:37,-24.79168,27.11546
1309079380,AM196,GeorgeJoss,Male,2007-03-01,04:00:49,-24.56011,26.65682
1309079382,AM124,Challenger,Male,2007-03-03,13:01:19,-24.6983,27.06642
1309079383,AM196,GeorgeJoss,Male,2007-03-04,19:08:50,-24.50925,26.60548
1309079385,AM196,GeorgeJoss,Male,2007-03-02,05:04:21,-24.5378,26.68454
1309079386,AM196,GeorgeJoss,Male,2007-03-01,00:00:56,-24.56014,26.65667
1309079387,AM196,GeorgeJoss,Male,2007-03-03,06:02:19,-24.58,26.63162
1309079388,AM196,GeorgeJoss,Male,2007-03-03,11:01:51,-24.58002,26.63142
1309079389,AM196,GeorgeJoss,Male,2007-03-02,20:13:03,-24.53812,26.68323
1309079390,AM196,GeorgeJoss,Male,2007-03-03,22:13:07,-24.54157,26.59616
1309079392,AM196,GeorgeJoss,Male,2007-03-01,14:10:49,-24.55831,26.65827
1309079393,AM124,Challenger,Male,2007-03-06,18:05:43,-24.78464,27.14251
1309079395,AM196,GeorgeJoss,Male,2007-03-02,10:12:21,-24.53825,26.68351
1309079396,AM196,GeorgeJoss,Male,2007-03-04,09:00:50,-24.50882,26.6054
1309079397,AM196,GeorgeJoss,Male,2007-03-03,16:01:37,-24.58038,26.62965
1309079398,AM124,Challenger,Male,2007-03-04,19:03:43,-24.69829,27.06651
1309079399,AM196,GeorgeJoss,Male,2007-03-02,15:01:20,-24.53822,26.68353
1309079400,AM196,GeorgeJoss,Male,2007-03-02,00:05:51,-24.54344,26.66569
1309079401,AM124,Challenger,Male,2007-03-04,14:01:50,-24.69838,27.06644
1309079402,AM196,GeorgeJoss,Male,2007-03-04,04:01:44,-24.51297,26.60747
1309079403,AM124,Challenger,Male,2007-03-01,11:01:19,-24.67198,27.13827
1309079404,AM196,GeorgeJoss,Male,2007-03-04,22:08:27,-24.51083,26.58267
1309079405,AM196,GeorgeJoss,Male,2007-03-07,09:08:49,-24.62523,26.53317
1309079406,AM196,GeorgeJoss,Male,2007-03-03,21:01:38,-24.55344,26.59621
1309079407,AM196,GeorgeJoss,Male,2007-03-05,19:02:43,-24.52078,26.56912
1309079408,AM196,GeorgeJoss,Male,2007-03-01,09:13:05,-24.56022,26.65685
1309079409,AM196,GeorgeJoss,Male,2007-03-06,21:01:26,-24.60742,26.5529
1309079410,AM196,GeorgeJoss,Male,2007-03-05,00:00:49,-24.51059,26.5798
1309079411,AM124,Challenger,Male,2007-03-09,06:05:35,-24.74353,27.16582
1309079412,AM196,GeorgeJoss,Male,2007-03-04,14:05:43,-24.5089,26.60539
1309079413,AM124,Challenger,Male,2007-03-05,16:01:20,-24.75347,27.08288
1309079414,AM196,GeorgeJoss,Male,2007-03-04,21:00:49,-24.50969,26.591
1309079415,AM196,GeorgeJoss,Male,2007-03-05,21:03:38,-24.52073,26.56912
1309079416,AM196,GeorgeJoss,Male,2007-03-04,00:01:09,-24.54152,26.59615
1309079417,AM196,GeorgeJoss,Male,2007-03-05,04:05:49,-24.5105,26.57969
1309079418,AM124,Challenger,Male,2007-03-06,03:02:19,-24.79171,27.12539
1309079419,AM196,GeorgeJoss,Male,2007-03-05,20:02:19,-24.52076,26.56919
1309079420,AM196,GeorgeJoss,Male,2007-03-05,14:05:07,-24.5116,26.58026
1309079421,AM196,GeorgeJoss,Male,2007-03-06,19:03:19,-24.60635,26.55167
1309079422,AM196,GeorgeJoss,Male,2007-03-05,22:02:43,-24.52078,26.56913
1309079423,AM124,Challenger,Male,2007-03-05,22:05:31,-24.79104,27.1159
1309079424,AM196,GeorgeJoss,Male,2007-03-04,20:01:08,-24.50656,26.60572
1309079425,AM196,GeorgeJoss,Male,2007-03-06,14:06:56,-24.58047,26.56523
1309079426,AM124,Challenger,Male,2007-03-06,23:03:20,-24.7847,27.14248
1309079427,AM124,Challenger,Male,2007-03-07,19:02:43,-24.73362,27.17338
1309079428,AM196,GeorgeJoss,Male,2007-03-05,09:10:43,-24.5113,26.58003
1309079429,AM196,GeorgeJoss,Male,2007-03-06,00:12:59,-24.52074,26.56913
1309079430,AM196,GeorgeJoss,Male,2007-03-05,23:04:26,-24.52087,26.5691
1309079431,AM124,Challenger,Male,2007-03-08,01:05:52,-24.73318,27.17406
1309079432,AM196,GeorgeJoss,Male,2007-03-04,23:00:51,-24.51071,26.57978
1309079433,AM196,GeorgeJoss,Male,2007-03-07,19:01:20,-24.62654,26.53253
1309079434,AM196,GeorgeJoss,Male,2007-03-11,00:01:13,-24.60616,26.51371
1309079435,AM196,GeorgeJoss,Male,2007-03-12,19:12:11,-24.5911,26.5845
1309079436,AM196,GeorgeJoss,Male,2007-03-10,01:00:51,-24.62111,26.52998
1309079437,AM196,GeorgeJoss,Male,2007-03-06,20:02:34,-24.60593,26.55225
1309079438,AM124,Challenger,Male,2007-03-08,05:01:43,-24.73312,27.17406
1309079439,AM196,GeorgeJoss,Male,2007-03-07,20:07:21,-24.62657,26.53262
1309079440,AM124,Challenger,Male,2007-03-07,00:05:42,-24.7842,27.14728
1309079441,AM196,GeorgeJoss,Male,2007-03-07,04:10:43,-24.62522,26.53286
1309079442,AM196,GeorgeJoss,Male,2007-03-07,22:01:49,-24.62648,26.53266
1309079443,AM196,GeorgeJoss,Male,2007-03-06,09:01:50,-24.58043,26.5652
1309079444,AM124,Challenger,Male,2007-03-08,10:05:41,-24.73986,27.17207
1309079445,AM196,GeorgeJoss,Male,2007-03-09,20:13:15,-24.62109,26.53002
1309079446,AM196,GeorgeJoss,Male,2007-03-08,14:11:37,-24.62518,26.53314
1309079447,AM196,GeorgeJoss,Male,2007-03-08,04:01:19,-24.62587,26.53288
1309079448,AM196,GeorgeJoss,Male,2007-03-10,23:00:47,-24.60679,26.51314
1309079449,AM196,GeorgeJoss,Male,2007-03-09,05:02:49,-24.62428,26.53167
1309079450,AM196,GeorgeJoss,Male,2007-03-07,21:01:22,-24.6265,26.53264
1309079451,AM124,Challenger,Male,2007-03-09,11:01:20,-24.73791,27.16598
1309079452,AM196,GeorgeJoss,Male,2007-03-11,09:00:52,-24.60046,26.53095
1309079453,AM196,GeorgeJoss,Male,2007-03-09,15:02:08,-24.62144,26.53064
1309079454,AM196,GeorgeJoss,Male,2007-03-06,22:00:49,-24.61489,26.53735
1309079455,AM196,GeorgeJoss,Male,2007-03-08,09:01:20,-24.62535,26.53274
1309079456,AM124,Challenger,Male,2007-03-16,00:02:43,-24.79807,27.11142
1309079457,AM124,Challenger,Male,2007-03-07,20:02:14,-24.73314,27.17402
1309079458,AM196,GeorgeJoss,Male,2007-03-07,14:06:14,-24.62527,26.53353
1309079459,AM196,GeorgeJoss,Male,2007-03-11,21:00:42,-24.60418,26.56638
1309079460,AM124,Challenger,Male,2007-03-11,18:05:32,-24.74387,27.1569
1309079461,AM196,GeorgeJoss,Male,2007-03-11,23:00:50,-24.60438,26.56637
1309079462,AM196,GeorgeJoss,Male,2007-03-10,22:01:37,-24.60773,26.51516
1309079463,AM196,GeorgeJoss,Male,2007-03-11,22:05:35,-24.6044,26.5653
1309079464,AM196,GeorgeJoss,Male,2007-03-18,22:00:50,-24.59076,26.58389
1309079465,AM196,GeorgeJoss,Male,2007-03-11,19:01:13,-24.60306,26.55211
1309079466,AM196,GeorgeJoss,Male,2007-03-12,00:00:50,-24.60387,26.56624
1309079467,AM124,Challenger,Male,2007-03-10,02:02:44,-24.73798,27.16604
1309079468,AM196,GeorgeJoss,Male,2007-03-14,21:12:56,-24.59072,26.58385
1309079469,AM196,GeorgeJoss,Male,2007-03-09,10:01:43,-24.62442,26.53171
1309079470,AM124,Challenger,Male,2007-03-14,12:02:14,-24.79746,27.10933
1309079471,AM196,GeorgeJoss,Male,2007-03-12,14:04:50,-24.59307,26.58419
1309079472,AM196,GeorgeJoss,Male,2007-03-12,04:01:19,-24.59568,26.57913
1309079473,AM196,GeorgeJoss,Male,2007-03-11,20:01:19,-24.60427,26.56638
1309079474,AM124,Challenger,Male,2007-03-13,16:01:50,-24.79139,27.12517
1309079475,AM124,Challenger,Male,2007-03-15,18:05:45,-24.798,27.11141
1309079476,AM124,Challenger,Male,2007-03-14,07:01:49,-24.79755,27.10908
1309079477,AM124,Challenger,Male,2007-03-13,11:01:49,-24.78882,27.1225
1309079478,AM124,Challenger,Male,2007-03-20,08:01:49,-24.70093,27.23026
1309079479,AM196,GeorgeJoss,Male,2007-03-10,06:05:22,-24.6237,26.53035
1309079480,AM196,GeorgeJoss,Male,2007-03-16,08:00:49,-24.59081,26.58381
1309079481,AM124,Challenger,Male,2007-03-11,08:01:49,-24.74299,27.15692
1309079482,AM196,GeorgeJoss,Male,2007-03-11,04:03:37,-24.60056,26.52796
1309079483,AM196,GeorgeJoss,Male,2007-03-12,09:05:38,-24.59482,26.58254
1309079484,AM124,Challenger,Male,2007-03-21,09:01:53,-24.67202,27.25149
1309079485,AM196,GeorgeJoss,Male,2007-03-17,04:06:19,-24.59074,26.5839
1309079486,AM196,GeorgeJoss,Male,2007-03-15,12:05:43,-24.59072,26.5839
1309079487,AM124,Challenger,Male,2007-03-18,01:03:57,-24.7946,27.10687
1309079488,AM124,Challenger,Male,2007-03-18,06:02:49,-24.78883,27.12221
1309079489,AM196,GeorgeJoss,Male,2007-03-16,18:00:50,-24.59077,26.58376
1309079490,AM196,GeorgeJoss,Male,2007-03-18,05:01:50,-24.59073,26.58383
1309079491,AM196,GeorgeJoss,Male,2007-03-14,06:12:56,-24.59073,26.58388
1309079492,AM196,GeorgeJoss,Male,2007-03-19,14:09:20,-24.59084,26.58382
1309079493,AM124,Challenger,Male,2007-03-17,05:03:30,-24.79422,27.10712
1309079494,AM196,GeorgeJoss,Male,2007-03-19,04:08:14,-24.59073,26.58389
1309079495,AM196,GeorgeJoss,Male,2007-03-13,00:04:36,-24.5907,26.58393
1309079496,AM196,GeorgeJoss,Male,2007-03-18,21:00:53,-24.59076,26.58388
1309079497,AM124,Challenger,Male,2007-03-15,08:01:49,-24.79767,27.10926
1309079498,AM196,GeorgeJoss,Male,2007-03-18,15:03:08,-24.5907,26.58394
1309079499,AM124,Challenger,Male,2007-03-19,12:01:49,-24.73531,27.16639
1309079500,AM196,GeorgeJoss,Male,2007-03-22,09:01:19,-24.59091,26.58386
1309079501,AM196,GeorgeJoss,Male,2007-03-19,21:00:50,-24.59078,26.5838
1309079502,AM196,GeorgeJoss,Male,2007-03-19,00:02:15,-24.59073,26.58388
1309079503,AM196,GeorgeJoss,Male,2007-03-18,23:02:44,-24.59074,26.58399
1309079504,AM124,Challenger,Male,2007-03-20,23:05:19,-24.68696,27.24731
1309079505,AM124,Challenger,Male,2007-03-15,03:01:50,-24.79748,27.10926
1309079506,AM196,GeorgeJoss,Male,2007-03-23,20:01:08,-24.59076,26.58381
1309079507,AM196,GeorgeJoss,Male,2007-03-19,23:00:32,-24.59082,26.58395
1309079508,AM124,Challenger,Male,2007-03-15,23:01:50,-24.79811,27.11141
1309079509,AM196,GeorgeJoss,Male,2007-03-18,20:02:19,-24.59065,26.58384
1309079510,AM124,Challenger,Male,2007-03-16,14:05:34,-24.79706,27.10186
1309079511,AM196,GeorgeJoss,Male,2007-03-20,14:01:49,-24.59098,26.58383
1309079512,AM196,GeorgeJoss,Male,2007-03-20,19:01:20,-24.5908,26.58383
1309079513,AM196,GeorgeJoss,Male,2007-03-20,20:05:54,-24.59079,26.58382
1309079514,AM124,Challenger,Male,2007-03-21,04:01:50,-24.68122,27.25392
1309079515,AM196,GeorgeJoss,Male,2007-03-20,21:04:03,-24.59099,26.58361
1309079516,AM196,GeorgeJoss,Male,2007-03-20,04:01:08,-24.59073,26.58368
1309079517,AM196,GeorgeJoss,Male,2007-03-21,14:01:19,-24.59073,26.58367
1309079518,AM196,GeorgeJoss,Male,2007-03-20,00:01:13,-24.59081,26.58381
1309079519,AM196,GeorgeJoss,Male,2007-03-21,20:00:51,-24.5908,26.5838
1309079520,AM196,GeorgeJoss,Male,2007-03-19,20:00:57,-24.59081,26.58386
1309079521,AM124,Challenger,Male,2007-03-19,17:02:13,-24.72699,27.17434
1309079522,AM196,GeorgeJoss,Male,2007-03-19,09:02:49,-24.59082,26.58381
1309079523,AM196,GeorgeJoss,Male,2007-03-20,22:00:57,-24.59069,26.58362
1309079524,AM196,GeorgeJoss,Male,2007-03-21,00:01:52,-24.59086,26.58388
1309079525,AM196,GeorgeJoss,Male,2007-03-21,23:00:50,-24.59082,26.58382
1309079526,AM196,GeorgeJoss,Male,2007-03-22,19:01:20,-24.5908,26.5838
1309079527,AM196,GeorgeJoss,Male,2007-03-19,19:01:50,-24.59072,26.58381
1309079528,AM196,GeorgeJoss,Male,2007-03-25,00:01:07,-24.59084,26.5838
1309079529,AM196,GeorgeJoss,Male,2007-03-21,09:02:43,-24.59083,26.58383
1309079530,AM124,Challenger,Male,2007-03-21,14:01:19,-24.67164,27.25132
1309079531,AM196,GeorgeJoss,Male,2007-03-19,22:01:12,-24.59087,26.58382
1309079532,AM196,GeorgeJoss,Male,2007-03-22,04:10:19,-24.59076,26.58379
1309079533,AM196,GeorgeJoss,Male,2007-03-20,23:00:56,-24.59072,26.58392
1309079534,AM196,GeorgeJoss,Male,2007-03-22,22:00:51,-24.59073,26.58381
1309079535,AM196,GeorgeJoss,Male,2007-03-26,14:01:20,-24.59079,26.58376
1309079536,AM124,Challenger,Male,2007-03-20,13:02:25,-24.70062,27.23012
1309079537,AM196,GeorgeJoss,Male,2007-03-22,23:00:49,-24.5908,26.58382
1309079538,AM196,GeorgeJoss,Male,2007-03-23,00:00:50,-24.59085,26.58381
1309079539,AM196,GeorgeJoss,Male,2007-03-21,22:00:33,-24.59129,26.58364
1309079540,AM196,GeorgeJoss,Male,2007-03-21,04:00:50,-24.59086,26.58392
1309079541,AM196,GeorgeJoss,Male,2007-03-22,20:00:37,-24.59074,26.58381
1309079542,AM196,GeorgeJoss,Male,2007-03-24,04:01:49,-24.59076,26.58367
1309079543,AM196,GeorgeJoss,Male,2007-03-22,21:00:35,-24.59081,26.58384
1309079544,AM196,GeorgeJoss,Male,2007-03-21,19:01:20,-24.59078,26.58388
1309079545,AM196,GeorgeJoss,Male,2007-03-23,09:01:19,-24.59073,26.58385
1309079546,AM196,GeorgeJoss,Male,2007-03-23,19:01:20,-24.59074,26.58383
1309079547,AM196,GeorgeJoss,Male,2007-03-24,14:01:25,-24.59081,26.58378
1309079548,AM196,GeorgeJoss,Male,2007-03-23,04:01:21,-24.59076,26.58385
1309079549,AM196,GeorgeJoss,Male,2007-03-23,22:00:34,-24.59064,26.58385
1309079550,AM196,GeorgeJoss,Male,2007-03-24,21:01:13,-24.59083,26.58382
1309079551,AM196,GeorgeJoss,Male,2007-03-25,09:01:19,-24.59076,26.58383
1309079552,AM196,GeorgeJoss,Male,2007-03-21,21:00:50,-24.5908,26.58375
1309079553,AM196,GeorgeJoss,Male,2007-03-23,21:00:45,-24.59075,26.58383
1309079554,AM196,GeorgeJoss,Male,2007-03-24,00:00:33,-24.59082,26.58379
1309079555,AM196,GeorgeJoss,Male,2007-03-27,22:00:34,-24.59077,26.58384
1309079556,AM196,GeorgeJoss,Male,2007-03-22,00:00:44,-24.59061,26.58389
1309079557,AM196,GeorgeJoss,Male,2007-03-25,20:00:32,-24.59083,26.58379
1309079558,AM196,GeorgeJoss,Male,2007-03-24,23:00:49,-24.59075,26.58375
1309079559,AM196,GeorgeJoss,Male,2007-03-22,14:01:19,-24.59084,26.58378
1309079560,AM196,GeorgeJoss,Male,2007-03-25,21:00:49,-24.59077,26.58373
1309079561,AM196,GeorgeJoss,Male,2007-03-23,14:00:49,-24.59075,26.58382
1309079562,AM196,GeorgeJoss,Male,2007-03-29,04:01:19,-24.59085,26.58383
1309079563,AM196,GeorgeJoss,Male,2007-03-23,23:01:14,-24.59082,26.58375
1309079564,AM196,GeorgeJoss,Male,2007-03-25,22:00:32,-24.59053,26.58397
1309079565,AM196,GeorgeJoss,Male,2007-03-24,20:00:49,-24.59087,26.58379
1309079566,AM196,GeorgeJoss,Male,2007-03-26,00:00:49,-24.59073,26.5838
1309079567,AM196,GeorgeJoss,Male,2007-03-25,14:01:19,-24.59084,26.58387
1309079568,AM196,GeorgeJoss,Male,2007-03-26,23:00:49,-24.59079,26.5838
1309079569,AM196,GeorgeJoss,Male,2007-03-27,04:01:20,-24.59084,26.58375
1309079570,AM196,GeorgeJoss,Male,2007-03-24,09:01:19,-24.59079,26.58378
1309079571,AM196,GeorgeJoss,Male,2007-03-26,09:01:19,-24.59089,26.58384
1309079572,AM196,GeorgeJoss,Male,2007-03-25,19:02:07,-24.59084,26.58375
1309079573,AM196,GeorgeJoss,Male,2007-03-25,23:01:07,-24.59071,26.58377
1309079574,AM196,GeorgeJoss,Male,2007-03-24,19:01:20,-24.59083,26.58377
1309079575,AM196,GeorgeJoss,Male,2007-03-26,20:00:50,-24.59078,26.58374
1309079576,AM196,GeorgeJoss,Male,2007-03-28,00:00:49,-24.59089,26.58381
1309079577,AM196,GeorgeJoss,Male,2007-03-26,19:01:19,-24.59076,26.58377
1309079578,AM196,GeorgeJoss,Male,2007-03-30,20:01:45,-24.59077,26.58377
1309079579,AM196,GeorgeJoss,Male,2007-03-27,19:01:19,-24.59082,26.58378
1309079580,AM196,GeorgeJoss,Male,2007-03-24,22:00:43,-24.59089,26.58379
1309079581,AM196,GeorgeJoss,Male,2007-03-26,22:01:10,-24.59084,26.58371
1309079582,AM196,GeorgeJoss,Male,2007-03-28,14:06:49,-24.59082,26.58361
1309079583,AM196,GeorgeJoss,Male,2007-03-27,21:00:49,-24.59082,26.58379
1309079584,AM196,GeorgeJoss,Male,2007-03-25,04:00:50,-24.59078,26.58376
1309079585,AM196,GeorgeJoss,Male,2007-03-26,04:01:19,-24.5908,26.58382
1309079586,AM196,GeorgeJoss,Male,2007-03-28,19:01:19,-24.59081,26.58381
1309079588,AM196,GeorgeJoss,Male,2007-03-28,20:00:45,-24.59083,26.58377
1309079589,AM196,GeorgeJoss,Male,2007-03-28,04:01:19,-24.59079,26.58379
1309079590,AM196,GeorgeJoss,Male,2007-03-28,22:01:09,-24.59088,26.58383
1309079591,AM196,GeorgeJoss,Male,2007-03-27,14:00:50,-24.59079,26.58379
1309079592,AM196,GeorgeJoss,Male,2007-03-29,00:00:47,-24.59087,26.5838
1309079593,AM196,GeorgeJoss,Male,2007-03-27,00:01:49,-24.59083,26.58378
1309079594,AM196,GeorgeJoss,Male,2007-03-28,09:01:19,-24.59089,26.584
1309079595,AM196,GeorgeJoss,Male,2007-03-29,23:00:47,-24.59089,26.58373
1309079596,AM196,GeorgeJoss,Male,2007-03-29,21:00:33,-24.59084,26.58392
1309079597,AM196,GeorgeJoss,Male,2007-03-26,21:00:49,-24.59074,26.58372
1309079598,AM196,GeorgeJoss,Male,2007-03-27,09:00:50,-24.59078,26.58382
1309079599,AM196,GeorgeJoss,Male,2007-03-28,21:01:14,-24.59084,26.58386
1309079600,AM196,GeorgeJoss,Male,2007-03-29,14:01:19,-24.5908,26.5838
1309079601,AM196,GeorgeJoss,Male,2007-03-30,22:01:08,-24.59078,26.58372
1309079602,AM196,GeorgeJoss,Male,2007-03-30,09:00:50,-24.59083,26.58374
1309079604,AM196,GeorgeJoss,Male,2007-03-29,20:01:19,-24.59084,26.58376
1309079605,AM196,GeorgeJoss,Male,2007-03-29,09:01:14,-24.59088,26.58379
1309079606,AM196,GeorgeJoss,Male,2007-03-27,20:00:36,-24.59082,26.58379
1309079607,AM196,GeorgeJoss,Male,2007-03-27,23:01:50,-24.59083,26.58378
1309079609,AM196,GeorgeJoss,Male,2007-03-28,23:01:49,-24.59115,26.58339
1309079611,AM196,GeorgeJoss,Male,2007-03-30,19:12:19,-24.59089,26.58377
1309079614,AM196,GeorgeJoss,Male,2007-03-30,04:01:19,-24.59082,26.58385
1309079616,AM196,GeorgeJoss,Male,2007-03-31,04:01:49,-24.59063,26.58382
1309079617,AM196,GeorgeJoss,Male,2007-03-29,19:04:14,-24.59091,26.58383
1309079619,AM196,GeorgeJoss,Male,2007-03-29,22:00:50,-24.59083,26.58377
1309079623,AM196,GeorgeJoss,Male,2007-03-31,14:12:19,-24.59087,26.58374
1309079624,AM196,GeorgeJoss,Male,2007-03-30,00:01:20,-24.5909,26.58374
1309079629,AM196,GeorgeJoss,Male,2007-03-30,14:01:20,-24.59085,26.58374
1309079633,AM196,GeorgeJoss,Male,2007-03-30,21:01:19,-24.59082,26.58368
1309079587,AM196,GeorgeJoss,Male,2007-04-02,14:01:19,-24.59089,26.58373
1309079603,AM196,GeorgeJoss,Male,2007-04-03,22:00:49,-24.59082,26.58367
1309079608,AM196,GeorgeJoss,Male,2007-04-01,20:00:43,-24.59095,26.5837
1309079610,AM196,GeorgeJoss,Male,2007-04-01,21:00:46,-24.59099,26.58373
1309079612,AM196,GeorgeJoss,Male,2007-04-01,22:01:00,-24.59104,26.58367
1309079613,AM196,GeorgeJoss,Male,2007-04-05,04:00:54,-24.59099,26.58373
1309079615,AM196,GeorgeJoss,Male,2007-04-02,00:00:49,-24.59099,26.58372
1309079618,AM196,GeorgeJoss,Male,2007-04-02,09:01:20,-24.59082,26.58369
1309079620,AM196,GeorgeJoss,Male,2007-04-01,23:01:08,-24.59091,26.58366
1309079621,AM196,GeorgeJoss,Male,2007-04-02,23:00:28,-24.59101,26.58373
1309079622,AM196,GeorgeJoss,Male,2007-04-03,04:01:19,-24.59098,26.5837
1309079625,AM196,GeorgeJoss,Male,2007-04-04,00:00:49,-24.59096,26.58373
1309079626,AM196,GeorgeJoss,Male,2007-04-03,19:01:19,-24.59097,26.58371
1309079627,AM196,GeorgeJoss,Male,2007-04-02,20:00:27,-24.591,26.58374
1309079628,AM196,GeorgeJoss,Male,2007-04-02,22:00:49,-24.59088,26.58369
1309079630,AM196,GeorgeJoss,Male,2007-04-02,19:01:21,-24.59102,26.58375
1309079631,AM196,GeorgeJoss,Male,2007-04-02,04:00:51,-24.59098,26.5837
1309079632,AM196,GeorgeJoss,Male,2007-04-06,20:00:40,-24.591,26.58366
1309079634,AM196,GeorgeJoss,Male,2007-04-07,23:01:02,-24.59073,26.5835
1309079635,AM196,GeorgeJoss,Male,2007-04-04,14:01:19,-24.59097,26.58365
1309079636,AM196,GeorgeJoss,Male,2007-04-03,21:00:34,-24.59068,26.58365
1309079637,AM196,GeorgeJoss,Male,2007-04-04,19:01:19,-24.59097,26.58369
1309079638,AM196,GeorgeJoss,Male,2007-04-04,22:00:49,-24.59089,26.58367
1309079639,AM196,GeorgeJoss,Male,2007-04-04,20:00:26,-24.59092,26.58371
1309079640,AM196,GeorgeJoss,Male,2007-04-04,04:01:21,-24.59094,26.58369
1309079641,AM196,GeorgeJoss,Male,2007-04-03,00:00:49,-24.59093,26.58368
1309079642,AM196,GeorgeJoss,Male,2007-04-04,21:00:28,-24.59098,26.5837
1309079643,AM196,GeorgeJoss,Male,2007-04-03,14:01:19,-24.59084,26.58372
1309079644,AM196,GeorgeJoss,Male,2007-04-02,21:00:38,-24.59103,26.58375
1309079645,AM196,GeorgeJoss,Male,2007-04-03,09:01:20,-24.59101,26.58373
1309079646,AM196,GeorgeJoss,Male,2007-04-05,21:00:31,-24.59097,26.58374
1309079647,AM196,GeorgeJoss,Male,2007-04-04,09:01:20,-24.59096,26.58369
1309079648,AM196,GeorgeJoss,Male,2007-04-05,00:00:50,-24.59091,26.58372
1309079649,AM196,GeorgeJoss,Male,2007-04-05,23:00:32,-24.59095,26.58369
1309079650,AM196,GeorgeJoss,Male,2007-04-06,22:01:03,-24.59091,26.58369
1309079651,AM196,GeorgeJoss,Male,2007-04-05,20:00:29,-24.5909,26.58365
1309079652,AM196,GeorgeJoss,Male,2007-04-06,09:02:07,-24.59096,26.58369
1309079653,AM196,GeorgeJoss,Male,2007-04-05,14:00:50,-24.59097,26.58365
1309079654,AM196,GeorgeJoss,Male,2007-04-05,09:01:19,-24.5908,26.58371
1309079655,AM196,GeorgeJoss,Male,2007-04-03,20:00:27,-24.59093,26.58366
1309079656,AM196,GeorgeJoss,Male,2007-04-07,04:00:52,-24.59096,26.58364
1309079657,AM196,GeorgeJoss,Male,2007-04-04,23:00:27,-24.59092,26.58364
1309079658,AM196,GeorgeJoss,Male,2007-04-03,23:00:34,-24.5909,26.58366
1309079659,AM196,GeorgeJoss,Male,2007-04-09,19:01:19,-24.59098,26.58366
1309079660,AM196,GeorgeJoss,Male,2007-04-06,19:01:19,-24.59098,26.58362
1309079661,AM196,GeorgeJoss,Male,2007-04-07,09:01:13,-24.59097,26.58365
1309079662,AM196,GeorgeJoss,Male,2007-04-10,23:12:57,-24.59095,26.5837
1309079663,AM196,GeorgeJoss,Male,2007-04-06,23:01:13,-24.59087,26.58358
1309079664,AM196,GeorgeJoss,Male,2007-04-07,20:00:57,-24.59084,26.58361
1309079665,AM196,GeorgeJoss,Male,2007-04-07,14:06:18,-24.59113,26.58389
1309079666,AM196,GeorgeJoss,Male,2007-04-05,22:00:49,-24.59099,26.58372
1309079667,AM196,GeorgeJoss,Male,2007-04-06,00:00:50,-24.59078,26.58392
1309079668,AM196,GeorgeJoss,Male,2007-04-05,19:01:20,-24.59097,26.58371
1309079669,AM196,GeorgeJoss,Male,2007-04-07,00:00:58,-24.59105,26.58364
1309079670,AM196,GeorgeJoss,Male,2007-04-08,19:02:09,-24.59091,26.58356
1309079671,AM196,GeorgeJoss,Male,2007-04-06,04:00:50,-24.59098,26.58371
1309079672,AM196,GeorgeJoss,Male,2007-04-07,19:07:20,-24.59097,26.58366
1309079673,AM196,GeorgeJoss,Male,2007-04-08,21:01:44,-24.59094,26.58367
1309079674,AM196,GeorgeJoss,Male,2007-04-07,22:01:26,-24.59099,26.58351
1309079675,AM196,GeorgeJoss,Male,2007-04-09,21:08:07,-24.59097,26.58362
1309079676,AM196,GeorgeJoss,Male,2007-04-08,04:01:19,-24.59096,26.58357
1309079677,AM196,GeorgeJoss,Male,2007-04-08,14:11:19,-24.59114,26.58371
1309079678,AM196,GeorgeJoss,Male,2007-04-09,00:01:26,-24.59091,26.58366
1309079679,AM196,GeorgeJoss,Male,2007-04-13,04:09:44,-24.59078,26.58349
1309079680,AM196,GeorgeJoss,Male,2007-04-10,00:02:43,-24.59107,26.58365
1309079681,AM196,GeorgeJoss,Male,2007-04-06,14:01:19,-24.59107,26.58367
1309079682,AM196,GeorgeJoss,Male,2007-04-10,04:02:19,-24.59123,26.58381
1309079683,AM196,GeorgeJoss,Male,2007-04-08,00:04:19,-24.59098,26.58352
1309079684,AM196,GeorgeJoss,Male,2007-04-07,21:01:28,-24.59099,26.58372
1309079685,AM196,GeorgeJoss,Male,2007-04-06,21:00:44,-24.59097,26.58345
1309079686,AM196,GeorgeJoss,Male,2007-04-09,09:08:13,-24.59077,26.58362
1309079687,AM196,GeorgeJoss,Male,2007-04-08,22:02:19,-24.59058,26.58351
1309079688,AM196,GeorgeJoss,Male,2007-04-10,20:01:08,-24.591,26.58368
1309079689,AM196,GeorgeJoss,Male,2007-04-14,20:00:45,-24.59102,26.58377
1309079690,AM196,GeorgeJoss,Male,2007-04-09,22:01:13,-24.59096,26.5836
1309079691,AM196,GeorgeJoss,Male,2007-04-10,09:02:44,-24.59048,26.58357
1309079692,AM196,GeorgeJoss,Male,2007-04-08,20:01:27,-24.59094,26.5837
1309079693,AM196,GeorgeJoss,Male,2007-04-08,09:01:19,-24.59096,26.58364
1309079694,AM196,GeorgeJoss,Male,2007-04-10,19:01:19,-24.59099,26.58367
1309079695,AM196,GeorgeJoss,Male,2007-04-10,22:04:56,-24.5911,26.58354
1309079696,AM196,GeorgeJoss,Male,2007-04-12,03:02:43,-24.59108,26.5836
1309079697,AM196,GeorgeJoss,Male,2007-04-09,23:01:26,-24.59091,26.5837
1309079698,AM196,GeorgeJoss,Male,2007-04-11,20:01:13,-24.59095,26.58374
1309079699,AM196,GeorgeJoss,Male,2007-04-11,04:01:19,-24.59094,26.58371
1309079700,AM196,GeorgeJoss,Male,2007-04-13,14:13:07,-24.59096,26.58375
1309079701,AM196,GeorgeJoss,Male,2007-04-08,23:00:50,-24.59104,26.58366
1309079702,AM196,GeorgeJoss,Male,2007-04-11,19:03:14,-24.59101,26.58372
1309079703,AM196,GeorgeJoss,Male,2007-04-12,18:03:43,-24.59097,26.58372
1309079704,AM196,GeorgeJoss,Male,2007-04-13,21:06:13,-24.59098,26.58364
1309079705,AM196,GeorgeJoss,Male,2007-04-16,04:01:26,-24.591,26.58375
1309079706,AM196,GeorgeJoss,Male,2007-04-13,00:01:02,-24.59103,26.5837
1309079707,AM196,GeorgeJoss,Male,2007-04-09,04:09:20,-24.59094,26.58364
1309079708,AM196,GeorgeJoss,Male,2007-04-10,21:02:45,-24.59103,26.58368
1309079709,AM196,GeorgeJoss,Male,2007-04-09,20:03:48,-24.59102,26.5837
1309079710,AM196,GeorgeJoss,Male,2007-04-11,00:00:48,-24.59095,26.58365
1309079711,AM196,GeorgeJoss,Male,2007-04-13,22:01:54,-24.59107,26.58374
1309079712,AM196,GeorgeJoss,Male,2007-04-13,19:01:19,-24.59098,26.58373
1309079713,AM196,GeorgeJoss,Male,2007-04-17,19:00:50,-24.59098,26.58367
1309079714,AM196,GeorgeJoss,Male,2007-04-13,23:01:27,-24.59102,26.5838
1309079715,AM196,GeorgeJoss,Male,2007-04-11,21:02:01,-24.59098,26.58365
1309079716,AM196,GeorgeJoss,Male,2007-04-12,08:01:49,-24.59105,26.58369
1309079717,AM196,GeorgeJoss,Male,2007-04-14,04:05:07,-24.59096,26.58377
1309079718,AM196,GeorgeJoss,Male,2007-04-15,04:05:13,-24.59098,26.58374
1309079719,AM196,GeorgeJoss,Male,2007-04-15,19:01:49,-24.59106,26.58371
1309079720,AM196,GeorgeJoss,Male,2007-04-14,00:01:07,-24.59119,26.58331
1309079721,AM196,GeorgeJoss,Male,2007-04-11,09:10:14,-24.5909,26.58376
1309079722,AM196,GeorgeJoss,Male,2007-04-14,19:02:49,-24.59104,26.58374
1309079723,AM196,GeorgeJoss,Male,2007-04-13,20:00:42,-24.59099,26.58378
1309079724,AM196,GeorgeJoss,Male,2007-04-14,22:02:54,-24.59109,26.58378
1309079725,AM196,GeorgeJoss,Male,2007-04-16,14:02:20,-24.59102,26.58365
1309079726,AM196,GeorgeJoss,Male,2007-04-12,13:07:49,-24.59111,26.58378
1309079727,AM196,GeorgeJoss,Male,2007-04-15,22:01:37,-24.59109,26.58378
1309079728,AM196,GeorgeJoss,Male,2007-04-15,00:01:19,-24.59169,26.58394
1309079729,AM196,GeorgeJoss,Male,2007-04-19,10:02:07,-24.591,26.58368
1309079730,AM196,GeorgeJoss,Male,2007-04-16,21:00:35,-24.59094,26.58367
1309079731,AM196,GeorgeJoss,Male,2007-04-16,00:00:49,-24.59135,26.58387
1309079732,AM196,GeorgeJoss,Male,2007-04-14,09:01:50,-24.59098,26.58373
1309079733,AM196,GeorgeJoss,Male,2007-04-14,21:02:25,-24.59095,26.58363
1309079734,AM196,GeorgeJoss,Male,2007-04-12,23:03:13,-24.5911,26.58383
1309079735,AM196,GeorgeJoss,Male,2007-04-16,22:00:41,-24.59063,26.58378
1309079736,AM196,GeorgeJoss,Male,2007-04-20,21:01:19,-24.591,26.58366
1309079737,AM196,GeorgeJoss,Male,2007-04-17,04:00:50,-24.591,26.58366
1309079738,AM196,GeorgeJoss,Male,2007-04-13,09:09:13,-24.59088,26.58372
1309079739,AM196,GeorgeJoss,Male,2007-04-15,09:03:50,-24.59098,26.58377
1309079740,AM196,GeorgeJoss,Male,2007-04-16,19:00:49,-24.591,26.58369
1309079741,AM196,GeorgeJoss,Male,2007-04-15,20:00:45,-24.59098,26.58373
1309079742,AM196,GeorgeJoss,Male,2007-04-16,23:00:49,-24.59096,26.58365
1309079743,AM196,GeorgeJoss,Male,2007-04-18,00:00:27,-24.591,26.58369
1309079744,AM196,GeorgeJoss,Male,2007-04-18,09:01:19,-24.59099,26.58366
1309079745,AM196,GeorgeJoss,Male,2007-04-17,00:00:26,-24.59108,26.58374
1309079746,AM196,GeorgeJoss,Male,2007-04-14,23:01:37,-24.59103,26.58373
1309079747,AM196,GeorgeJoss,Male,2007-04-15,21:02:23,-24.59089,26.58376
1309079748,AM196,GeorgeJoss,Male,2007-04-17,21:00:33,-24.59105,26.58362
1309079749,AM196,GeorgeJoss,Male,2007-04-16,20:00:50,-24.59101,26.58365
1309079750,AM196,GeorgeJoss,Male,2007-04-17,14:01:19,-24.59098,26.58359
1309079751,AM196,GeorgeJoss,Male,2007-04-19,20:01:19,-24.59097,26.58362
1309079752,AM196,GeorgeJoss,Male,2007-04-18,20:00:39,-24.59099,26.58366
1309079753,AM196,GeorgeJoss,Male,2007-04-22,04:01:49,-24.59106,26.58371
1309079754,AM196,GeorgeJoss,Male,2007-04-17,23:00:49,-24.59104,26.58361
1309079755,AM196,GeorgeJoss,Male,2007-04-19,23:00:49,-24.591,26.58362
1309079756,AM196,GeorgeJoss,Male,2007-04-17,09:00:49,-24.591,26.58363
1309079757,AM196,GeorgeJoss,Male,2007-04-15,23:01:16,-24.59106,26.58376
1309079758,AM196,GeorgeJoss,Male,2007-04-17,20:00:50,-24.59101,26.58369
1309079759,AM196,GeorgeJoss,Male,2007-04-19,05:00:57,-24.59086,26.58356
1309079760,AM196,GeorgeJoss,Male,2007-04-23,19:01:20,-24.591,26.58366
1309079761,AM196,GeorgeJoss,Male,2007-04-20,00:00:59,-24.59059,26.58351
1309079762,AM196,GeorgeJoss,Male,2007-04-21,09:01:19,-24.59097,26.58369
1309079763,AM196,GeorgeJoss,Male,2007-04-20,04:01:20,-24.59094,26.58366
1309079764,AM196,GeorgeJoss,Male,2007-04-18,14:01:20,-24.59099,26.5836
1309079765,AM196,GeorgeJoss,Male,2007-04-21,19:01:20,-24.59096,26.58364
1309079766,AM196,GeorgeJoss,Male,2007-04-19,21:01:44,-24.59098,26.58362
1309079767,AM196,GeorgeJoss,Male,2007-04-18,04:01:19,-24.59095,26.58359
1309079768,AM196,GeorgeJoss,Male,2007-04-16,09:01:19,-24.59099,26.58369
1309079769,AM196,GeorgeJoss,Male,2007-04-20,14:01:19,-24.59096,26.58364
1309079770,AM196,GeorgeJoss,Male,2007-04-20,09:00:50,-24.59103,26.58368
1309079771,AM196,GeorgeJoss,Male,2007-04-17,22:00:49,-24.59087,26.58371
1309079772,AM196,GeorgeJoss,Male,2007-04-19,22:00:57,-24.59093,26.58365
1309079773,AM196,GeorgeJoss,Male,2007-04-21,22:00:56,-24.59095,26.58364
1309079774,AM196,GeorgeJoss,Male,2007-04-21,04:01:19,-24.59095,26.58357
1309079775,AM196,GeorgeJoss,Male,2007-04-18,19:01:19,-24.59095,26.58363
1309079776,AM196,GeorgeJoss,Male,2007-04-22,21:01:19,-24.59098,26.58383
1309079777,AM196,GeorgeJoss,Male,2007-04-20,20:00:58,-24.59107,26.58366
1309079778,AM196,GeorgeJoss,Male,2007-04-22,14:01:20,-24.59102,26.58371
1309079779,AM196,GeorgeJoss,Male,2007-04-20,23:00:49,-24.59098,26.58364
1309079780,AM196,GeorgeJoss,Male,2007-04-24,23:00:50,-24.59091,26.58361
1309079781,AM196,GeorgeJoss,Male,2007-04-26,09:02:44,-24.59095,26.58359
1309079782,AM196,GeorgeJoss,Male,2007-04-22,00:01:08,-24.59092,26.58358
1309079783,AM196,GeorgeJoss,Male,2007-04-20,22:00:33,-24.59135,26.58396
1309079784,AM196,GeorgeJoss,Male,2007-04-19,01:02:49,-24.59109,26.58374
1309079785,AM196,GeorgeJoss,Male,2007-04-20,19:01:21,-24.59095,26.58361
1309079786,AM196,GeorgeJoss,Male,2007-04-22,22:00:56,-24.59104,26.58369
1309079787,AM196,GeorgeJoss,Male,2007-04-24,00:00:45,-24.59098,26.58359
1309079788,AM196,GeorgeJoss,Male,2007-04-22,23:00:57,-24.59098,26.58365
1309079789,AM196,GeorgeJoss,Male,2007-04-23,04:01:38,-24.59095,26.58364
1309079790,AM196,GeorgeJoss,Male,2007-04-19,15:01:20,-24.59097,26.5836
1309079791,AM196,GeorgeJoss,Male,2007-04-21,20:01:28,-24.59102,26.58366
1309079792,AM196,GeorgeJoss,Male,2007-04-23,00:00:51,-24.59096,26.58359
1309079793,AM196,GeorgeJoss,Male,2007-04-21,14:01:20,-24.59097,26.58365
1309079794,AM196,GeorgeJoss,Male,2007-04-24,09:01:19,-24.59096,26.58369
1309079795,AM196,GeorgeJoss,Male,2007-04-22,19:02:19,-24.59101,26.58362
1309079796,AM196,GeorgeJoss,Male,2007-04-21,00:00:40,-24.59096,26.58362
1309079797,AM196,GeorgeJoss,Male,2007-04-24,20:01:37,-24.59098,26.58363
1309079798,AM196,GeorgeJoss,Male,2007-04-27,14:02:07,-24.59076,26.58358
1309079799,AM196,GeorgeJoss,Male,2007-04-22,20:01:19,-24.59075,26.58348
1309079800,AM196,GeorgeJoss,Male,2007-04-23,14:04:38,-24.59094,26.58361
1309079801,AM196,GeorgeJoss,Male,2007-04-25,19:02:14,-24.59111,26.58372
1309079802,AM196,GeorgeJoss,Male,2007-04-25,04:01:07,-24.59103,26.58367
1309079803,AM196,GeorgeJoss,Male,2007-04-21,21:01:28,-24.59091,26.58351
1309079804,AM196,GeorgeJoss,Male,2007-04-23,23:01:13,-24.59096,26.58366
1309079805,AM196,GeorgeJoss,Male,2007-04-23,21:00:55,-24.59099,26.58365
1309079806,AM196,GeorgeJoss,Male,2007-04-28,00:01:19,-24.59096,26.58355
1309079807,AM196,GeorgeJoss,Male,2007-04-23,09:01:19,-24.59102,26.58365
1309079808,AM196,GeorgeJoss,Male,2007-04-21,23:00:49,-24.591,26.58361
1309079809,AM196,GeorgeJoss,Male,2007-04-23,20:00:51,-24.59092,26.5836
1309079810,AM196,GeorgeJoss,Male,2007-04-25,20:04:44,-24.59102,26.58364
1309079811,AM196,GeorgeJoss,Male,2007-04-24,22:00:39,-24.59094,26.58363
1309079812,AM196,GeorgeJoss,Male,2007-04-26,21:01:20,-24.59067,26.5835
1309079813,AM196,GeorgeJoss,Male,2007-04-25,21:01:07,-24.59101,26.58366
1309079814,AM196,GeorgeJoss,Male,2007-04-24,04:01:19,-24.59095,26.58365
1309079815,AM196,GeorgeJoss,Male,2007-04-27,09:01:50,-24.59095,26.58356
1309079816,AM196,GeorgeJoss,Male,2007-04-24,14:01:44,-24.59098,26.58363
1309079817,AM196,GeorgeJoss,Male,2007-04-25,22:01:31,-24.59103,26.58368
1309079818,AM196,GeorgeJoss,Male,2007-04-25,09:01:20,-24.59101,26.58369
1309079819,AM196,GeorgeJoss,Male,2007-04-25,23:00:56,-24.59096,26.58363
1309079820,AM196,GeorgeJoss,Male,2007-04-26,23:00:58,-24.59086,26.58363
1309079821,AM196,GeorgeJoss,Male,2007-04-23,22:00:51,-24.59109,26.58373
1309079822,AM196,GeorgeJoss,Male,2007-04-22,09:01:19,-24.59097,26.58367
1309079823,AM196,GeorgeJoss,Male,2007-04-28,04:01:49,-24.59095,26.58364
1309079824,AM196,GeorgeJoss,Male,2007-04-24,19:01:19,-24.59099,26.58367
1309079825,AM196,GeorgeJoss,Male,2007-04-25,14:01:49,-24.59096,26.58361
1309079826,AM196,GeorgeJoss,Male,2007-04-26,04:01:19,-24.59089,26.58373
1309079827,AM196,GeorgeJoss,Male,2007-04-26,20:02:19,-24.59084,26.58365
1309079828,AM196,GeorgeJoss,Male,2007-04-27,20:00:56,-24.59089,26.58367
1309079829,AM196,GeorgeJoss,Male,2007-04-28,22:00:45,-24.59077,26.58341
1309079830,AM196,GeorgeJoss,Male,2007-04-26,19:01:49,-24.59074,26.58355
1309079831,AM196,GeorgeJoss,Male,2007-04-26,00:00:34,-24.59097,26.58365
1309079832,AM196,GeorgeJoss,Male,2007-04-28,19:01:14,-24.59098,26.58368
1309079833,AM196,GeorgeJoss,Male,2007-04-24,21:01:20,-24.59053,26.58386
1309079834,AM196,GeorgeJoss,Male,2007-04-26,14:01:20,-24.59085,26.58359
1309079835,AM196,GeorgeJoss,Male,2007-04-28,21:00:57,-24.59078,26.58352
1309079836,AM196,GeorgeJoss,Male,2007-04-29,21:01:16,-24.59088,26.58389
1309079837,AM196,GeorgeJoss,Male,2007-04-28,20:01:19,-24.591,26.58362
1309079838,AM196,GeorgeJoss,Male,2007-04-27,21:01:15,-24.59094,26.58362
1309079839,AM196,GeorgeJoss,Male,2007-04-27,00:00:49,-24.591,26.5837
1309079840,AM196,GeorgeJoss,Male,2007-04-29,19:01:20,-24.59096,26.58364
1309079841,AM196,GeorgeJoss,Male,2007-04-26,22:01:14,-24.59095,26.58367
1309079842,AM196,GeorgeJoss,Male,2007-04-27,19:01:49,-24.59056,26.58343
1309079843,AM196,GeorgeJoss,Male,2007-04-28,14:01:20,-24.591,26.58362
1309079844,AM196,GeorgeJoss,Male,2007-04-29,14:01:19,-24.59107,26.58369
1309079845,AM196,GeorgeJoss,Male,2007-04-29,04:00:50,-24.591,26.58366
1309079846,AM196,GeorgeJoss,Male,2007-04-28,23:00:49,-24.59086,26.58362
1309079847,AM196,GeorgeJoss,Male,2007-04-25,00:00:50,-24.59101,26.5836
1309079848,AM196,GeorgeJoss,Male,2007-04-29,23:01:13,-24.59097,26.58366
1309079849,AM196,GeorgeJoss,Male,2007-04-30,21:01:20,-24.59107,26.58371
1309079850,AM196,GeorgeJoss,Male,2007-04-29,00:01:08,-24.59103,26.58381
1309079851,AM196,GeorgeJoss,Male,2007-04-30,22:00:45,-24.59101,26.58379
1309079852,AM196,GeorgeJoss,Male,2007-04-27,04:01:50,-24.59093,26.58377
1309079853,AM196,GeorgeJoss,Male,2007-04-27,23:00:52,-24.5909,26.58362
1309079855,AM196,GeorgeJoss,Male,2007-04-30,14:01:49,-24.59097,26.58369
1309079858,AM196,GeorgeJoss,Male,2007-04-28,09:01:20,-24.59093,26.58364
1309079859,AM196,GeorgeJoss,Male,2007-04-27,22:01:19,-24.59087,26.5836
1309079860,AM196,GeorgeJoss,Male,2007-04-29,09:01:19,-24.59097,26.58366
1309079864,AM196,GeorgeJoss,Male,2007-04-29,20:00:34,-24.59091,26.58369
1309079866,AM196,GeorgeJoss,Male,2007-04-30,20:00:34,-24.59099,26.58364
1309079868,AM196,GeorgeJoss,Male,2007-04-30,19:01:15,-24.59099,26.58364
1309079871,AM196,GeorgeJoss,Male,2007-04-30,04:01:19,-24.591,26.58362
1309079874,AM196,GeorgeJoss,Male,2007-04-30,00:04:14,-24.59096,26.58365
1309079877,AM196,GeorgeJoss,Male,2007-04-30,09:01:25,-24.59098,26.58358
1309079878,AM196,GeorgeJoss,Male,2007-04-29,22:00:45,-24.591,26.58394
1309079881,AM196,GeorgeJoss,Male,2007-04-30,23:00:49,-24.59097,26.58379
1309079854,AM196,GeorgeJoss,Male,2007-05-01,14:01:20,-24.59098,26.58369
1309079856,AM196,GeorgeJoss,Male,2007-05-02,09:02:07,-24.59093,26.58361
1309079857,AM196,GeorgeJoss,Male,2007-05-02,04:01:19,-24.59096,26.5838
1309079861,AM196,GeorgeJoss,Male,2007-05-01,04:01:20,-24.59099,26.58357
1309079862,AM196,GeorgeJoss,Male,2007-05-01,19:00:49,-24.59102,26.58359
1309079863,AM196,GeorgeJoss,Male,2007-05-01,00:01:20,-24.59099,26.58361
1309079865,AM196,GeorgeJoss,Male,2007-05-02,00:01:13,-24.59098,26.58362
1309079867,AM196,GeorgeJoss,Male,2007-05-01,21:00:45,-24.59098,26.58376
1309079869,AM196,GeorgeJoss,Male,2007-05-01,20:01:19,-24.5909,26.58369
1309079870,AM196,GeorgeJoss,Male,2007-05-02,19:02:13,-24.59104,26.58371
1309079872,AM196,GeorgeJoss,Male,2007-05-03,04:09:19,-24.59095,26.58374
1309079873,AM196,GeorgeJoss,Male,2007-05-04,14:02:49,-24.59099,26.58363
1309079875,AM196,GeorgeJoss,Male,2007-05-02,14:01:19,-24.59097,26.58364
1309079876,AM196,GeorgeJoss,Male,2007-05-01,09:02:19,-24.59093,26.58363
1309079879,AM196,GeorgeJoss,Male,2007-05-03,21:01:05,-24.59098,26.58367
1309079880,AM196,GeorgeJoss,Male,2007-05-02,21:04:44,-24.59064,26.58348
1309079882,AM196,GeorgeJoss,Male,2007-05-04,00:00:56,-24.59093,26.58359
1309079883,AM196,GeorgeJoss,Male,2007-05-04,09:01:49,-24.59097,26.58365
1309079884,AM196,GeorgeJoss,Male,2007-05-04,22:01:26,-24.59093,26.58363
1309079885,AM196,GeorgeJoss,Male,2007-05-01,23:00:56,-24.59099,26.58369
1309079886,AM196,GeorgeJoss,Male,2007-05-01,22:01:07,-24.591,26.58376
1309079887,AM196,GeorgeJoss,Male,2007-05-05,00:00:47,-24.59102,26.58373
1309079888,AM196,GeorgeJoss,Male,2007-05-04,04:01:20,-24.59098,26.58364
1309079889,AM196,GeorgeJoss,Male,2007-05-02,20:00:49,-24.59098,26.58355
1309079890,AM196,GeorgeJoss,Male,2007-05-04,19:01:20,-24.59088,26.58358
1309079891,AM196,GeorgeJoss,Male,2007-05-06,23:00:26,-24.59093,26.58365
1309079892,AM196,GeorgeJoss,Male,2007-05-03,22:01:20,-24.59088,26.58356
1309079893,AM196,GeorgeJoss,Male,2007-05-05,04:01:19,-24.59096,26.58357
1309079894,AM196,GeorgeJoss,Male,2007-05-03,00:01:26,-24.59098,26.58359
1309079895,AM196,GeorgeJoss,Male,2007-05-06,22:01:19,-24.59096,26.58363
1309079896,AM196,GeorgeJoss,Male,2007-05-04,21:00:50,-24.59088,26.58357
1309079897,AM196,GeorgeJoss,Male,2007-05-08,00:01:49,-24.59089,26.5837
1309079898,AM196,GeorgeJoss,Male,2007-05-03,14:01:13,-24.59101,26.58363
1309079899,AM196,GeorgeJoss,Male,2007-05-02,22:01:14,-24.59099,26.58365
1309079900,AM196,GeorgeJoss,Male,2007-05-05,14:01:19,-24.59095,26.58363
1309079901,AM196,GeorgeJoss,Male,2007-05-03,19:02:13,-24.591,26.58367
1309079902,AM196,GeorgeJoss,Male,2007-05-07,00:01:16,-24.59103,26.58371
1309079903,AM196,GeorgeJoss,Male,2007-05-02,23:00:35,-24.59082,26.58363
1309079904,AM196,GeorgeJoss,Male,2007-05-03,23:00:38,-24.59102,26.58372
1309079905,AM196,GeorgeJoss,Male,2007-05-07,22:01:13,-24.59098,26.58367
1309079906,AM196,GeorgeJoss,Male,2007-05-03,20:04:20,-24.59135,26.58354
1309079907,AM196,GeorgeJoss,Male,2007-05-06,20:04:28,-24.5909,26.58366
1309079908,AM196,GeorgeJoss,Male,2007-05-06,19:01:19,-24.59089,26.58357
1309079909,AM196,GeorgeJoss,Male,2007-05-05,22:01:03,-24.59088,26.58362
1309079910,AM196,GeorgeJoss,Male,2007-05-07,19:01:19,-24.59095,26.58361
1309079911,AM196,GeorgeJoss,Male,2007-05-04,20:01:37,-24.5909,26.58365
1309079912,AM196,GeorgeJoss,Male,2007-05-04,23:00:51,-24.5909,26.58367
1309079913,AM196,GeorgeJoss,Male,2007-05-05,23:00:34,-24.59122,26.5835
1309079914,AM196,GeorgeJoss,Male,2007-05-09,00:00:50,-24.59092,26.58374
1309079915,AM196,GeorgeJoss,Male,2007-05-06,14:01:20,-24.59095,26.58364
1309079916,AM196,GeorgeJoss,Male,2007-05-05,09:02:32,-24.591,26.58366
1309079917,AM196,GeorgeJoss,Male,2007-05-05,21:00:56,-24.59108,26.58365
1309079918,AM196,GeorgeJoss,Male,2007-05-07,23:00:32,-24.59076,26.58369
1309079919,AM196,GeorgeJoss,Male,2007-05-08,14:02:07,-24.59098,26.58364
1309079920,AM196,GeorgeJoss,Male,2007-05-06,04:01:07,-24.59093,26.58353
1309079921,AM196,GeorgeJoss,Male,2007-05-08,09:01:49,-24.59102,26.58362
1309079922,AM196,GeorgeJoss,Male,2007-05-08,21:00:46,-24.59133,26.58373
1309079923,AM196,GeorgeJoss,Male,2007-05-09,04:01:20,-24.59096,26.58361
1309079924,AM196,GeorgeJoss,Male,2007-05-07,09:01:49,-24.59103,26.58364
1309079925,AM196,GeorgeJoss,Male,2007-05-07,20:01:19,-24.59095,26.58365
1309079926,AM196,GeorgeJoss,Male,2007-05-05,20:01:20,-24.59089,26.58366
1309079927,AM196,GeorgeJoss,Male,2007-05-06,00:01:50,-24.59097,26.58362
1309079928,AM196,GeorgeJoss,Male,2007-05-07,21:02:26,-24.59087,26.5836
1309079929,AM196,GeorgeJoss,Male,2007-05-05,19:01:19,-24.59097,26.58365
1309079930,AM196,GeorgeJoss,Male,2007-05-06,21:00:57,-24.59098,26.58363
1309079931,AM196,GeorgeJoss,Male,2007-05-10,04:01:19,-24.59115,26.58346
1309079932,AM196,GeorgeJoss,Male,2007-05-08,19:05:43,-24.59095,26.58362
1309079933,AM196,GeorgeJoss,Male,2007-05-10,14:04:43,-24.59101,26.5836
1309079934,AM196,GeorgeJoss,Male,2007-05-09,20:01:49,-24.59099,26.58361
1309079935,AM196,GeorgeJoss,Male,2007-05-12,20:01:22,-24.5908,26.58352
1309079936,AM196,GeorgeJoss,Male,2007-05-06,09:07:49,-24.591,26.58364
1309079937,AM196,GeorgeJoss,Male,2007-05-07,14:01:43,-24.59097,26.58364
1309079938,AM196,GeorgeJoss,Male,2007-05-09,21:00:58,-24.59114,26.58369
1309079939,AM196,GeorgeJoss,Male,2007-05-09,19:01:19,-24.59119,26.58359
1309079940,AM196,GeorgeJoss,Male,2007-05-11,20:01:21,-24.59099,26.58363
1309079941,AM196,GeorgeJoss,Male,2007-05-10,00:00:46,-24.5909,26.58368
1309079942,AM196,GeorgeJoss,Male,2007-05-07,04:01:13,-24.59095,26.58358
1309079943,AM196,GeorgeJoss,Male,2007-05-08,20:01:21,-24.59084,26.58366
1309079944,AM196,GeorgeJoss,Male,2007-05-12,04:01:19,-24.59101,26.58368
1309079945,AM196,GeorgeJoss,Male,2007-05-10,23:00:26,-24.59095,26.5836
1309079946,AM196,GeorgeJoss,Male,2007-05-09,23:00:32,-24.59097,26.58362
1309079947,AM196,GeorgeJoss,Male,2007-05-11,14:01:20,-24.59093,26.58358
1309079948,AM196,GeorgeJoss,Male,2007-05-10,19:05:07,-24.59088,26.58365
1309079949,AM196,GeorgeJoss,Male,2007-05-10,20:01:15,-24.59092,26.58367
1309079950,AM196,GeorgeJoss,Male,2007-05-11,04:00:50,-24.59087,26.58351
1309079951,AM196,GeorgeJoss,Male,2007-05-11,23:00:50,-24.59116,26.58356
1309079952,AM196,GeorgeJoss,Male,2007-05-08,22:01:14,-24.59099,26.58355
1309079953,AM196,GeorgeJoss,Male,2007-05-09,14:02:19,-24.59099,26.58363
1309079954,AM196,GeorgeJoss,Male,2007-05-08,23:00:32,-24.59102,26.58361
1309079955,AM196,GeorgeJoss,Male,2007-05-13,19:01:49,-24.59095,26.58359
1309079956,AM196,GeorgeJoss,Male,2007-05-09,09:01:19,-24.59102,26.58359
1309079957,AM196,GeorgeJoss,Male,2007-05-13,21:01:20,-24.59081,26.58348
1309079958,AM196,GeorgeJoss,Male,2007-05-14,00:01:20,-24.59094,26.58357
1309079959,AM196,GeorgeJoss,Male,2007-05-08,04:01:20,-24.59094,26.58356
1309079960,AM196,GeorgeJoss,Male,2007-05-12,19:01:19,-24.59094,26.58358
1309079961,AM196,GeorgeJoss,Male,2007-05-13,00:01:37,-24.59111,26.58388
1309079962,AM196,GeorgeJoss,Male,2007-05-09,22:00:49,-24.59098,26.58367
1309079963,AM196,GeorgeJoss,Male,2007-05-13,23:00:47,-24.59065,26.58379
1309079964,AM196,GeorgeJoss,Male,2007-05-12,14:01:50,-24.59092,26.58362
1309079965,AM196,GeorgeJoss,Male,2007-05-14,22:00:58,-24.59101,26.58365
1309079966,AM196,GeorgeJoss,Male,2007-05-12,00:01:03,-24.59103,26.58349
1309079967,AM196,GeorgeJoss,Male,2007-05-10,21:01:15,-24.5911,26.5837
1309079968,AM196,GeorgeJoss,Male,2007-05-13,04:00:49,-24.59096,26.58349
1309079969,AM196,GeorgeJoss,Male,2007-05-13,20:01:04,-24.59115,26.58372
1309079970,AM196,GeorgeJoss,Male,2007-05-14,04:00:55,-24.59102,26.58359
1309079971,AM196,GeorgeJoss,Male,2007-05-11,00:01:46,-24.59094,26.58373
1309079972,AM196,GeorgeJoss,Male,2007-05-14,14:01:20,-24.59111,26.58359
1309079973,AM196,GeorgeJoss,Male,2007-05-15,00:02:49,-24.59117,26.58357
1309079974,AM196,GeorgeJoss,Male,2007-05-14,20:00:39,-24.59084,26.58364
1309079975,AM196,GeorgeJoss,Male,2007-05-12,21:00:57,-24.5908,26.58358
1309079976,AM196,GeorgeJoss,Male,2007-05-14,09:05:08,-24.59108,26.58352
1309079977,AM196,GeorgeJoss,Male,2007-05-14,21:00:57,-24.59096,26.58359
1309079978,AM196,GeorgeJoss,Male,2007-05-10,22:01:50,-24.59096,26.58365
1309079979,AM196,GeorgeJoss,Male,2007-05-11,22:00:49,-24.59092,26.58363
1309079980,AM196,GeorgeJoss,Male,2007-05-16,23:00:45,-24.59097,26.58361
1309079981,AM196,GeorgeJoss,Male,2007-05-13,22:00:32,-24.59096,26.58362
1309079982,AM196,GeorgeJoss,Male,2007-05-15,23:00:33,-24.59106,26.58404
1309079983,AM196,GeorgeJoss,Male,2007-05-11,21:01:40,-24.59099,26.58363
1309079984,AM196,GeorgeJoss,Male,2007-05-15,20:00:56,-24.59105,26.58353
1309079985,AM196,GeorgeJoss,Male,2007-05-16,00:01:19,-24.59098,26.58364
1309079986,AM196,GeorgeJoss,Male,2007-05-16,09:03:07,-24.59106,26.58356
1309079987,AM196,GeorgeJoss,Male,2007-05-11,19:05:08,-24.59091,26.5836
1309079988,AM196,GeorgeJoss,Male,2007-05-12,23:00:49,-24.59086,26.58374
1309079989,AM196,GeorgeJoss,Male,2007-05-15,04:00:57,-24.59094,26.58362
1309079990,AM196,GeorgeJoss,Male,2007-05-16,04:01:19,-24.59102,26.58358
1309079991,AM196,GeorgeJoss,Male,2007-05-15,22:01:19,-24.59095,26.58364
1309079992,AM196,GeorgeJoss,Male,2007-05-12,22:00:45,-24.59093,26.58361
1309079993,AM196,GeorgeJoss,Male,2007-05-13,14:02:19,-24.59103,26.58361
1309079994,AM196,GeorgeJoss,Male,2007-05-17,09:03:07,-24.59086,26.58366
1309079995,AM196,GeorgeJoss,Male,2007-05-15,21:01:14,-24.59099,26.58367
1309079996,AM196,GeorgeJoss,Male,2007-05-15,14:01:20,-24.59106,26.58356
1309079997,AM196,GeorgeJoss,Male,2007-05-18,00:00:49,-24.59095,26.58373
1309079998,AM196,GeorgeJoss,Male,2007-05-17,00:01:19,-24.59082,26.58359
1309079999,AM196,GeorgeJoss,Male,2007-05-16,21:01:14,-24.59089,26.58358
1309080000,AM196,GeorgeJoss,Male,2007-05-17,04:01:01,-24.59099,26.58359
1309080001,AM196,GeorgeJoss,Male,2007-05-16,20:01:21,-24.59101,26.58364
1309080002,AM196,GeorgeJoss,Male,2007-05-18,09:01:19,-24.59106,26.5835
1309080003,AM196,GeorgeJoss,Male,2007-05-17,14:05:49,-24.59104,26.58356
1309080004,AM196,GeorgeJoss,Male,2007-05-16,22:00:49,-24.59089,26.58389
1309080005,AM196,GeorgeJoss,Male,2007-05-15,19:01:14,-24.59102,26.5836
1309080006,AM196,GeorgeJoss,Male,2007-05-15,09:03:08,-24.59111,26.5836
1309080007,AM196,GeorgeJoss,Male,2007-05-19,04:01:43,-24.59096,26.58363
1309080008,AM196,GeorgeJoss,Male,2007-05-18,23:01:03,-24.59096,26.5836
1309080009,AM196,GeorgeJoss,Male,2007-05-18,22:00:49,-24.59097,26.58362
1309080010,AM196,GeorgeJoss,Male,2007-05-18,20:00:38,-24.59091,26.58376
1309080011,AM196,GeorgeJoss,Male,2007-05-14,19:02:08,-24.591,26.58354
1309080012,AM196,GeorgeJoss,Male,2007-05-16,14:02:08,-24.59102,26.58358
1309080013,AM196,GeorgeJoss,Male,2007-05-14,23:00:56,-24.59096,26.58367
1309080014,AM257,First Lady,Female,2007-05-19,04:03:41,-23.96011,27.37982
1309080015,AM257,First Lady,Female,2007-05-18,16:01:44,-23.96073,27.37949
1309080016,AM196,GeorgeJoss,Male,2007-05-17,20:01:14,-24.59091,26.58371
1309080017,AM196,GeorgeJoss,Male,2007-05-17,19:01:19,-24.59094,26.58362
1309080018,AM196,GeorgeJoss,Male,2007-05-18,19:01:19,-24.59092,26.58365
1309080019,AM196,GeorgeJoss,Male,2007-05-17,23:01:19,-24.59095,26.58359
1309080020,AM196,GeorgeJoss,Male,2007-05-19,22:00:57,-24.59098,26.58364
1309080021,AM196,GeorgeJoss,Male,2007-05-18,14:07:37,-24.59114,26.58346
1309080022,AM196,GeorgeJoss,Male,2007-05-20,20:01:07,-24.59094,26.58374
1309080023,AM196,GeorgeJoss,Male,2007-05-19,21:01:49,-24.59105,26.5837
1309080024,AM196,GeorgeJoss,Male,2007-05-20,23:00:46,-24.59083,26.58369
1309080025,AM196,GeorgeJoss,Male,2007-05-19,09:01:19,-24.5909,26.58362
1309080026,AM196,GeorgeJoss,Male,2007-05-19,19:01:19,-24.59093,26.58362
1309080027,AM196,GeorgeJoss,Male,2007-05-19,20:01:38,-24.59107,26.58372
1309080028,AM196,GeorgeJoss,Male,2007-05-17,22:00:33,-24.59068,26.58379
1309080029,AM196,GeorgeJoss,Male,2007-05-17,21:01:07,-24.59096,26.58364
1309080030,AM196,GeorgeJoss,Male,2007-05-18,21:02:13,-24.59103,26.5837
1309080031,AM196,GeorgeJoss,Male,2007-05-21,04:00:56,-24.59096,26.58362
1309080032,AM196,GeorgeJoss,Male,2007-05-16,19:01:19,-24.59093,26.58364
1309080033,AM257,First Lady,Female,2007-05-19,16:01:13,-23.96016,27.37987
1309080034,AM196,GeorgeJoss,Male,2007-05-21,14:05:50,-24.5909,26.58369
1309080035,AM196,GeorgeJoss,Male,2007-05-21,00:01:13,-24.59087,26.58366
1309080036,AM196,GeorgeJoss,Male,2007-05-18,04:01:19,-24.59105,26.58359
1309080037,AM196,GeorgeJoss,Male,2007-05-19,23:01:09,-24.59101,26.58364
1309080038,AM196,GeorgeJoss,Male,2007-05-21,23:04:13,-24.59099,26.58365
1309080039,AM196,GeorgeJoss,Male,2007-05-21,20:01:07,-24.59098,26.58374
1309080040,AM196,GeorgeJoss,Male,2007-05-20,00:01:14,-24.59092,26.58362
1309080041,AM196,GeorgeJoss,Male,2007-05-22,14:04:07,-24.59054,26.58428
1309080042,AM196,GeorgeJoss,Male,2007-05-23,00:01:13,-24.59098,26.58363
1309080043,AM196,GeorgeJoss,Male,2007-05-20,21:00:45,-24.59098,26.58368
1309080044,AM196,GeorgeJoss,Male,2007-05-20,14:08:19,-24.59093,26.58368
1309080045,AM257,First Lady,Female,2007-05-21,04:05:13,-23.97921,27.37962
1309080046,AM257,First Lady,Female,2007-05-20,16:02:28,-23.97889,27.37879
1309080047,AM196,GeorgeJoss,Male,2007-05-20,22:00:50,-24.59099,26.58364
1309080048,AM196,GeorgeJoss,Male,2007-05-21,21:01:07,-24.59085,26.58351
1309080049,AM196,GeorgeJoss,Male,2007-05-22,23:01:13,-24.59108,26.58371
1309080050,AM196,GeorgeJoss,Male,2007-05-21,22:00:49,-24.59107,26.58362
1309080051,AM196,GeorgeJoss,Male,2007-05-22,04:01:05,-24.591,26.58363
1309080052,AM196,GeorgeJoss,Male,2007-05-20,19:01:49,-24.59092,26.58359
1309080053,AM196,GeorgeJoss,Male,2007-05-21,19:01:19,-24.59068,26.5838
1309080054,AM196,GeorgeJoss,Male,2007-05-22,00:00:49,-24.59098,26.58366
1309080055,AM196,GeorgeJoss,Male,2007-05-23,22:01:13,-24.59085,26.58368
1309080056,AM196,GeorgeJoss,Male,2007-05-19,00:01:13,-24.59094,26.58367
1309080057,AM196,GeorgeJoss,Male,2007-05-22,09:01:19,-24.59095,26.58363
1309080058,AM196,GeorgeJoss,Male,2007-05-24,00:00:50,-24.59091,26.5836
1309080059,AM196,GeorgeJoss,Male,2007-05-20,09:01:20,-24.59091,26.5837
1309080060,AM196,GeorgeJoss,Male,2007-05-24,14:12:49,-24.591,26.58361
1309080061,AM196,GeorgeJoss,Male,2007-05-21,09:01:19,-24.59094,26.58363
1309080062,AM196,GeorgeJoss,Male,2007-05-20,04:01:17,-24.59095,26.58363
1309080063,AM196,GeorgeJoss,Male,2007-05-23,21:00:50,-24.59097,26.58366
1309080064,AM196,GeorgeJoss,Male,2007-05-22,20:00:45,-24.59098,26.58371
1309080065,AM196,GeorgeJoss,Male,2007-05-24,04:13:17,-24.59095,26.58367
1309080066,AM196,GeorgeJoss,Male,2007-05-23,19:01:20,-24.59089,26.58366
1309080067,AM196,GeorgeJoss,Male,2007-05-23,20:00:45,-24.59102,26.58374
1309080068,AM196,GeorgeJoss,Male,2007-05-25,09:01:55,-24.5909,26.58367
1309080069,AM196,GeorgeJoss,Male,2007-05-23,04:01:19,-24.59094,26.58364
1309080070,AM196,GeorgeJoss,Male,2007-05-23,23:01:14,-24.59098,26.58369
1309080071,AM196,GeorgeJoss,Male,2007-05-22,22:01:07,-24.59098,26.58363
1309080072,AM196,GeorgeJoss,Male,2007-05-26,04:01:20,-24.59099,26.58364
1309080073,AM196,GeorgeJoss,Male,2007-05-25,04:01:19,-24.59099,26.58362
1309080074,AM196,GeorgeJoss,Male,2007-05-25,00:00:56,-24.59095,26.58363
1309080075,AM196,GeorgeJoss,Male,2007-05-25,22:00:49,-24.59101,26.58364
1309080076,AM196,GeorgeJoss,Male,2007-05-23,14:02:13,-24.59094,26.58368
1309080077,AM196,GeorgeJoss,Male,2007-05-24,09:02:13,-24.5909,26.58366
1309080078,AM196,GeorgeJoss,Male,2007-05-22,19:01:19,-24.59099,26.58359
1309080079,AM196,GeorgeJoss,Male,2007-05-22,21:01:07,-24.59098,26.58367
1309080080,AM196,GeorgeJoss,Male,2007-05-24,23:01:04,-24.59096,26.5837
1309080081,AM196,GeorgeJoss,Male,2007-05-26,20:01:19,-24.59085,26.58356
1309080082,AM196,GeorgeJoss,Male,2007-05-24,19:01:49,-24.59094,26.58361
1309080083,AM196,GeorgeJoss,Male,2007-05-26,19:01:20,-24.59095,26.58363
1309080084,AM196,GeorgeJoss,Male,2007-05-26,22:00:33,-24.59095,26.58366
1309080085,AM196,GeorgeJoss,Male,2007-05-24,22:00:32,-24.59093,26.58369
1309080086,AM196,GeorgeJoss,Male,2007-05-24,20:00:39,-24.59093,26.58365
1309080087,AM196,GeorgeJoss,Male,2007-05-23,09:01:19,-24.59085,26.58373
1309080088,AM196,GeorgeJoss,Male,2007-05-26,21:00:45,-24.59096,26.58359
1309080089,AM196,GeorgeJoss,Male,2007-05-25,19:01:19,-24.59085,26.58368
1309080090,AM196,GeorgeJoss,Male,2007-05-27,00:01:08,-24.591,26.58363
1309080091,AM196,GeorgeJoss,Male,2007-05-26,00:00:56,-24.59092,26.58362
1309080092,AM196,GeorgeJoss,Male,2007-05-27,22:00:50,-24.59099,26.58363
1309080093,AM196,GeorgeJoss,Male,2007-05-27,09:01:20,-24.59095,26.58374
1309080094,AM257,First Lady,Female,2007-05-28,16:02:20,-23.89151,27.35912
1309080095,AM196,GeorgeJoss,Male,2007-05-26,09:01:49,-24.59096,26.58381
1309080096,AM196,GeorgeJoss,Male,2007-05-26,14:10:19,-24.59078,26.58371
1309080097,AM196,GeorgeJoss,Male,2007-05-25,23:01:20,-24.59102,26.5837
1309080098,AM196,GeorgeJoss,Male,2007-05-28,21:00:50,-24.59092,26.58358
1309080099,AM196,GeorgeJoss,Male,2007-05-27,21:00:49,-24.59109,26.58365
1309080100,AM196,GeorgeJoss,Male,2007-05-25,21:00:49,-24.59097,26.58364
1309080101,AM196,GeorgeJoss,Male,2007-05-27,04:00:49,-24.59093,26.58372
1309080102,AM196,GeorgeJoss,Male,2007-05-28,19:01:19,-24.59093,26.58367
1309080103,AM196,GeorgeJoss,Male,2007-05-26,23:00:58,-24.59104,26.58334
1309080104,AM196,GeorgeJoss,Male,2007-05-29,04:01:19,-24.59101,26.58363
1309080105,AM196,GeorgeJoss,Male,2007-05-25,20:00:59,-24.59107,26.58373
1309080106,AM196,GeorgeJoss,Male,2007-05-27,20:00:46,-24.59116,26.58372
1309080107,AM196,GeorgeJoss,Male,2007-05-29,19:01:49,-24.59104,26.58359
1309080108,AM196,GeorgeJoss,Male,2007-05-29,09:01:49,-24.59099,26.58361
1309080109,AM196,GeorgeJoss,Male,2007-05-24,21:01:13,-24.59104,26.58372
1309080110,AM196,GeorgeJoss,Male,2007-05-29,21:00:40,-24.59102,26.58382
1309080111,AM196,GeorgeJoss,Male,2007-05-28,00:00:26,-24.591,26.58368
1309080112,AM196,GeorgeJoss,Male,2007-05-25,14:05:19,-24.58989,26.58421
1309080113,AM196,GeorgeJoss,Male,2007-05-27,23:01:19,-24.59099,26.58366
1309080114,AM196,GeorgeJoss,Male,2007-05-30,22:01:19,-24.59048,26.58427
1309080115,AM196,GeorgeJoss,Male,2007-05-27,14:02:50,-24.59086,26.58363
1309080116,AM196,GeorgeJoss,Male,2007-05-29,20:00:45,-24.59081,26.58356
1309080117,AM196,GeorgeJoss,Male,2007-05-28,20:00:49,-24.59103,26.58364
1309080118,AM196,GeorgeJoss,Male,2007-05-29,00:00:49,-24.59099,26.5835
1309080119,AM196,GeorgeJoss,Male,2007-05-28,09:01:19,-24.59097,26.58359
1309080120,AM196,GeorgeJoss,Male,2007-05-28,22:00:49,-24.59098,26.58345
1309080121,AM196,GeorgeJoss,Male,2007-05-28,23:00:45,-24.59095,26.58362
1309080122,AM196,GeorgeJoss,Male,2007-05-31,22:00:51,-24.59094,26.58369
1309080123,AM196,GeorgeJoss,Male,2007-05-30,20:01:11,-24.59088,26.58358
1309080124,AM196,GeorgeJoss,Male,2007-05-29,23:00:49,-24.59092,26.58362
1309080125,AM196,GeorgeJoss,Male,2007-05-30,09:01:44,-24.59096,26.5836
1309080126,AM196,GeorgeJoss,Male,2007-05-31,23:01:11,-24.59097,26.58358
1309080129,AM196,GeorgeJoss,Male,2007-05-27,19:01:19,-24.59124,26.5838
1309080130,AM196,GeorgeJoss,Male,2007-05-29,22:00:59,-24.59084,26.58381
1309080132,AM196,GeorgeJoss,Male,2007-05-31,19:01:19,-24.59094,26.58365
1309080134,AM196,GeorgeJoss,Male,2007-05-29,14:01:49,-24.591,26.58365
1309080135,AM196,GeorgeJoss,Male,2007-05-28,14:01:49,-24.59083,26.58367
1309080136,AM196,GeorgeJoss,Male,2007-05-30,19:01:19,-24.59103,26.58359
1309080137,AM196,GeorgeJoss,Male,2007-05-28,04:01:19,-24.59096,26.58367
1309080138,AM196,GeorgeJoss,Male,2007-05-30,00:00:34,-24.59092,26.58371
1309080139,AM196,GeorgeJoss,Male,2007-05-30,14:08:19,-24.59103,26.58369
1309080141,AM196,GeorgeJoss,Male,2007-05-30,04:01:19,-24.59094,26.58361
1309080142,AM196,GeorgeJoss,Male,2007-05-31,20:00:39,-24.59102,26.58364
1309080144,AM196,GeorgeJoss,Male,2007-05-30,23:00:49,-24.59102,26.58355
1309080145,AM196,GeorgeJoss,Male,2007-05-31,00:00:32,-24.59102,26.58366
1309080146,AM196,GeorgeJoss,Male,2007-05-31,21:00:44,-24.59104,26.58363
1309080151,AM196,GeorgeJoss,Male,2007-05-30,21:00:46,-24.59093,26.58328
1309080156,AM196,GeorgeJoss,Male,2007-05-31,04:01:49,-24.59101,26.58373
1309080162,AM196,GeorgeJoss,Male,2007-05-31,09:01:49,-24.59093,26.58363
1309080127,AM196,GeorgeJoss,Male,2007-06-01,19:03:19,-24.59091,26.58366
1309080128,AM196,GeorgeJoss,Male,2007-06-01,04:01:19,-24.59099,26.58364
1309080131,AM196,GeorgeJoss,Male,2007-06-01,14:02:13,-24.59103,26.58366
1309080133,AM196,GeorgeJoss,Male,2007-06-02,21:00:46,-24.59129,26.58364
1309080140,AM196,GeorgeJoss,Male,2007-06-01,09:01:19,-24.59102,26.58381
1309080143,AM196,GeorgeJoss,Male,2007-06-01,20:00:56,-24.59095,26.58363
1309080147,AM196,GeorgeJoss,Male,2007-06-02,14:08:50,-24.59101,26.58366
1309080148,AM196,GeorgeJoss,Male,2007-06-01,22:01:20,-24.59108,26.58355
1309080149,AM196,GeorgeJoss,Male,2007-06-03,21:00:44,-24.59102,26.58362
1309080150,AM196,GeorgeJoss,Male,2007-06-02,23:00:49,-24.59102,26.58385
1309080152,AM196,GeorgeJoss,Male,2007-06-03,14:05:14,-24.59102,26.58374
1309080153,AM196,GeorgeJoss,Male,2007-06-02,00:00:38,-24.59101,26.58364
1309080154,AM257,First Lady,Female,2007-06-04,16:01:46,-23.79154,27.41689
1309080155,AM196,GeorgeJoss,Male,2007-06-02,09:01:20,-24.59102,26.58367
1309080157,AM196,GeorgeJoss,Male,2007-06-03,22:00:50,-24.59101,26.58363
1309080158,AM196,GeorgeJoss,Male,2007-06-04,04:01:19,-24.59101,26.58369
1309080159,AM196,GeorgeJoss,Male,2007-06-05,00:00:49,-24.59105,26.58367
1309080160,AM196,GeorgeJoss,Male,2007-06-01,21:00:49,-24.5911,26.58364
1309080161,AM196,GeorgeJoss,Male,2007-06-02,04:02:07,-24.59098,26.58367
1309080163,AM196,GeorgeJoss,Male,2007-06-01,00:00:50,-24.59099,26.58371
1309080164,AM196,GeorgeJoss,Male,2007-06-02,19:02:00,-24.59109,26.5836
1309080165,AM196,GeorgeJoss,Male,2007-06-04,14:04:19,-24.59104,26.58364
1309080166,AM196,GeorgeJoss,Male,2007-06-03,20:00:50,-24.59096,26.58362
1309080167,AM196,GeorgeJoss,Male,2007-06-01,23:00:45,-24.591,26.58369
1309080168,AM196,GeorgeJoss,Male,2007-06-03,09:01:49,-24.591,26.58369
1309080169,AM196,GeorgeJoss,Male,2007-06-04,00:00:57,-24.591,26.58363
1309080170,AM196,GeorgeJoss,Male,2007-06-03,19:01:49,-24.59104,26.58368
1309080171,AM196,GeorgeJoss,Male,2007-06-02,22:00:57,-24.59092,26.5836
1309080172,AM196,GeorgeJoss,Male,2007-06-05,20:00:45,-24.59107,26.58392
1309080173,AM196,GeorgeJoss,Male,2007-06-04,21:00:27,-24.59101,26.58369
1309080174,AM196,GeorgeJoss,Male,2007-06-09,21:01:20,-24.59103,26.58361
1309080175,AM196,GeorgeJoss,Male,2007-06-04,23:00:33,-24.59093,26.58369
1309080176,AM196,GeorgeJoss,Male,2007-06-06,04:01:19,-24.59096,26.58365
1309080177,AM196,GeorgeJoss,Male,2007-06-02,20:00:54,-24.59114,26.58357
1309080178,AM196,GeorgeJoss,Male,2007-06-05,22:10:43,-24.59106,26.58386
1309080179,AM196,GeorgeJoss,Male,2007-06-04,19:01:20,-24.59106,26.58368
1309080180,AM196,GeorgeJoss,Male,2007-06-08,20:01:12,-24.59083,26.58373
1309080181,AM196,GeorgeJoss,Male,2007-06-03,04:01:19,-24.591,26.58369
1309080182,AM196,GeorgeJoss,Male,2007-06-05,04:00:50,-24.59098,26.58366
1309080183,AM196,GeorgeJoss,Male,2007-06-03,00:00:45,-24.59105,26.58363
1309080184,AM196,GeorgeJoss,Male,2007-06-04,09:01:19,-24.59099,26.5836
1309080185,AM196,GeorgeJoss,Male,2007-06-05,09:01:20,-24.59102,26.58368
1309080186,AM196,GeorgeJoss,Male,2007-06-08,09:09:13,-24.59107,26.58413
1309080187,AM196,GeorgeJoss,Male,2007-06-04,22:00:49,-24.59111,26.5837
1309080188,AM196,GeorgeJoss,Male,2007-06-03,23:00:49,-24.59097,26.58371
1309080189,AM196,GeorgeJoss,Male,2007-06-07,13:06:43,-24.591,26.58355
1309080190,AM196,GeorgeJoss,Male,2007-06-04,20:00:49,-24.59093,26.58367
1309080191,AM196,GeorgeJoss,Male,2007-06-05,21:01:23,-24.59102,26.58367
1309080192,AM196,GeorgeJoss,Male,2007-06-08,14:05:20,-24.59105,26.58366
1309080193,AM196,GeorgeJoss,Male,2007-06-06,21:05:03,-24.59122,26.58359
1309080194,AM196,GeorgeJoss,Male,2007-06-08,19:06:29,-24.59105,26.58369
1309080195,AM196,GeorgeJoss,Male,2007-06-05,19:08:49,-24.59122,26.58383
1309080196,AM196,GeorgeJoss,Male,2007-06-08,23:01:59,-24.59104,26.58367
1309080197,AM196,GeorgeJoss,Male,2007-06-06,20:02:50,-24.59085,26.58373
1309080198,AM196,GeorgeJoss,Male,2007-06-10,14:01:50,-24.59101,26.5836
1309080199,AM196,GeorgeJoss,Male,2007-06-05,14:13:31,-24.59104,26.58368
1309080200,AM196,GeorgeJoss,Male,2007-06-08,21:05:13,-24.59094,26.58359
1309080201,AM196,GeorgeJoss,Male,2007-06-09,04:01:49,-24.59112,26.58357
1309080202,AM196,GeorgeJoss,Male,2007-06-11,20:01:13,-24.591,26.58368
1309080203,AM196,GeorgeJoss,Male,2007-06-11,01:01:49,-24.59105,26.58382
1309080204,AM196,GeorgeJoss,Male,2007-06-10,19:01:49,-24.59097,26.58366
1309080205,AM196,GeorgeJoss,Male,2007-06-12,22:01:14,-24.59097,26.5836
1309080206,AM196,GeorgeJoss,Male,2007-06-09,22:00:46,-24.59096,26.5834
1309080207,AM196,GeorgeJoss,Male,2007-06-07,23:13:13,-24.59092,26.58355
1309080208,AM196,GeorgeJoss,Male,2007-06-09,14:05:13,-24.59101,26.58362
1309080209,AM196,GeorgeJoss,Male,2007-06-09,20:01:04,-24.59108,26.58357
1309080210,AM196,GeorgeJoss,Male,2007-06-06,09:01:20,-24.59098,26.58368
1309080211,AM196,GeorgeJoss,Male,2007-06-06,19:01:50,-24.59099,26.58362
1309080212,AM196,GeorgeJoss,Male,2007-06-08,04:01:49,-24.591,26.58357
1309080213,AM196,GeorgeJoss,Male,2007-06-11,23:01:20,-24.591,26.58361
1309080214,AM196,GeorgeJoss,Male,2007-06-12,04:01:20,-24.591,26.58365
1309080215,AM196,GeorgeJoss,Male,2007-06-10,09:09:39,-24.59093,26.58343
1309080216,AM196,GeorgeJoss,Male,2007-06-11,10:12:37,-24.59104,26.58368
1309080217,AM196,GeorgeJoss,Male,2007-06-08,22:05:49,-24.59103,26.58361
1309080218,AM196,GeorgeJoss,Male,2007-06-10,20:00:50,-24.59095,26.58356
1309080219,AM196,GeorgeJoss,Male,2007-06-11,22:01:19,-24.59095,26.58354
1309080220,AM196,GeorgeJoss,Male,2007-06-12,23:00:58,-24.59093,26.58359
1309080221,AM196,GeorgeJoss,Male,2007-06-11,05:01:50,-24.59117,26.58353
1309080222,AM196,GeorgeJoss,Male,2007-06-09,19:02:20,-24.59108,26.58364
1309080223,AM196,GeorgeJoss,Male,2007-06-14,00:01:30,-24.59114,26.5838
1309080224,AM196,GeorgeJoss,Male,2007-06-14,20:01:20,-24.59101,26.58367
1309080225,AM196,GeorgeJoss,Male,2007-06-12,14:06:43,-24.59096,26.58362
1309080226,AM196,GeorgeJoss,Male,2007-06-09,09:09:49,-24.59106,26.58368
1309080227,AM196,GeorgeJoss,Male,2007-06-11,21:02:15,-24.59102,26.58371
1309080228,AM196,GeorgeJoss,Male,2007-06-15,19:02:08,-24.59104,26.58366
1309080229,AM196,GeorgeJoss,Male,2007-06-13,00:01:13,-24.59095,26.58362
1309080230,AM196,GeorgeJoss,Male,2007-06-13,04:01:20,-24.59097,26.58365
1309080231,AM196,GeorgeJoss,Male,2007-06-14,04:01:19,-24.59103,26.58367
1309080232,AM196,GeorgeJoss,Male,2007-06-13,23:00:46,-24.59091,26.58381
1309080233,AM196,GeorgeJoss,Male,2007-06-10,04:01:21,-24.59101,26.58361
1309080234,AM196,GeorgeJoss,Male,2007-06-12,00:00:45,-24.59098,26.58362
1309080235,AM196,GeorgeJoss,Male,2007-06-09,23:01:26,-24.59108,26.5837
1309080236,AM196,GeorgeJoss,Male,2007-06-14,21:00:52,-24.59102,26.58375
1309080237,AM196,GeorgeJoss,Male,2007-06-12,21:00:57,-24.59094,26.58361
1309080238,AM196,GeorgeJoss,Male,2007-06-15,00:01:21,-24.59092,26.58366
1309080239,AM196,GeorgeJoss,Male,2007-06-11,15:02:19,-24.591,26.58365
1309080240,AM196,GeorgeJoss,Male,2007-06-13,19:05:49,-24.5909,26.58356
1309080241,AM196,GeorgeJoss,Male,2007-06-13,21:00:57,-24.591,26.58364
1309080242,AM196,GeorgeJoss,Male,2007-06-13,14:02:07,-24.59093,26.58356
1309080243,AM196,GeorgeJoss,Male,2007-06-12,09:02:44,-24.59106,26.58372
1309080244,AM196,GeorgeJoss,Male,2007-06-15,14:06:49,-24.59108,26.58372
1309080245,AM196,GeorgeJoss,Male,2007-06-15,09:05:50,-24.59085,26.5835
1309080246,AM196,GeorgeJoss,Male,2007-06-16,00:01:13,-24.59106,26.58376
1309080247,AM196,GeorgeJoss,Male,2007-06-17,00:01:19,-24.59096,26.58368
1309080248,AM196,GeorgeJoss,Male,2007-06-12,19:01:49,-24.59076,26.58351
1309080249,AM196,GeorgeJoss,Male,2007-06-14,19:03:43,-24.59096,26.58363
1309080250,AM196,GeorgeJoss,Male,2007-06-13,20:00:45,-24.59095,26.5836
1309080251,AM196,GeorgeJoss,Male,2007-06-12,20:00:45,-24.59104,26.58352
1309080252,AM196,GeorgeJoss,Male,2007-06-14,14:03:43,-24.59102,26.58367
1309080253,AM196,GeorgeJoss,Male,2007-06-15,22:00:49,-24.59107,26.58386
1309080254,AM196,GeorgeJoss,Male,2007-06-15,21:00:42,-24.59105,26.58367
1309080255,AM196,GeorgeJoss,Male,2007-06-18,14:01:49,-24.59101,26.58362
1309080256,AM196,GeorgeJoss,Male,2007-06-15,20:01:26,-24.59094,26.58364
1309080257,AM196,GeorgeJoss,Male,2007-06-14,09:02:44,-24.59125,26.58395
1309080258,AM196,GeorgeJoss,Male,2007-06-16,22:00:49,-24.59103,26.58378
1309080259,AM224,Trekker,Male,2007-06-15,00:03:19,-24.60543,27.17285
1309080260,AM196,GeorgeJoss,Male,2007-06-17,04:00:50,-24.59103,26.58365
1309080261,AM196,GeorgeJoss,Male,2007-06-13,09:06:55,-24.59106,26.58356
1309080262,AM196,GeorgeJoss,Male,2007-06-17,22:01:20,-24.59102,26.5836
1309080263,AM196,GeorgeJoss,Male,2007-06-14,22:00:50,-24.59093,26.58369
1309080264,AM196,GeorgeJoss,Male,2007-06-13,22:00:50,-24.59108,26.58389
1309080265,AM196,GeorgeJoss,Male,2007-06-16,19:08:19,-24.59095,26.58363
1309080266,AM224,Trekker,Male,2007-06-17,12:02:19,-24.61014,27.17982
1309080267,AM196,GeorgeJoss,Male,2007-06-15,23:00:51,-24.59111,26.58375
1309080268,AM196,GeorgeJoss,Male,2007-06-14,23:00:57,-24.59111,26.58369
1309080269,AM196,GeorgeJoss,Male,2007-06-16,23:00:58,-24.59099,26.58364
1309080270,AM196,GeorgeJoss,Male,2007-06-15,04:01:20,-24.59102,26.58369
1309080271,AM196,GeorgeJoss,Male,2007-06-19,04:01:19,-24.59104,26.58367
1309080272,AM257,First Lady,Female,2007-06-15,15:59:19,-23.76377,27.53057
1309080273,AM196,GeorgeJoss,Male,2007-06-18,04:01:19,-24.59092,26.58361
1309080274,AM196,GeorgeJoss,Male,2007-06-18,20:00:46,-24.59105,26.5837
1309080275,AM257,First Lady,Female,2007-06-17,04:03:19,-23.80057,27.55159
1309080276,AM196,GeorgeJoss,Male,2007-06-16,20:00:50,-24.59108,26.5839
1309080277,AM196,GeorgeJoss,Male,2007-06-17,21:00:33,-24.59088,26.58351
1309080278,AM196,GeorgeJoss,Male,2007-06-19,20:01:52,-24.59092,26.5835
1309080279,AM224,Trekker,Male,2007-06-16,12:03:02,-24.62183,27.18277
1309080280,AM196,GeorgeJoss,Male,2007-06-18,19:01:19,-24.59099,26.58363
1309080281,AM196,GeorgeJoss,Male,2007-06-16,04:01:19,-24.59097,26.58366
1309080282,AM196,GeorgeJoss,Male,2007-06-17,23:00:45,-24.59099,26.58362
1309080283,AM196,GeorgeJoss,Male,2007-06-16,21:00:53,-24.59101,26.5843
1309080284,AM196,GeorgeJoss,Male,2007-06-21,00:01:20,-24.59098,26.58366
1309080285,AM196,GeorgeJoss,Male,2007-06-18,00:01:03,-24.591,26.58358
1309080286,AM196,GeorgeJoss,Male,2007-06-16,14:01:19,-24.591,26.58366
1309080287,AM196,GeorgeJoss,Male,2007-06-21,04:00:56,-24.59098,26.58366
1309080288,AM196,GeorgeJoss,Male,2007-06-20,21:00:59,-24.59104,26.58401
1309080289,AM196,GeorgeJoss,Male,2007-06-19,22:00:49,-24.59103,26.5837
1309080290,AM196,GeorgeJoss,Male,2007-06-20,14:01:20,-24.591,26.58366
1309080291,AM196,GeorgeJoss,Male,2007-06-21,21:06:03,-24.59101,26.58363
1309080292,AM196,GeorgeJoss,Male,2007-06-17,19:01:49,-24.59112,26.58379
1309080293,AM196,GeorgeJoss,Male,2007-06-19,19:01:13,-24.59103,26.58365
1309080294,AM196,GeorgeJoss,Male,2007-06-19,21:01:49,-24.59097,26.58368
1309080295,AM196,GeorgeJoss,Male,2007-06-17,14:01:50,-24.59107,26.5837
1309080296,AM196,GeorgeJoss,Male,2007-06-17,20:01:13,-24.59103,26.58377
1309080297,AM196,GeorgeJoss,Male,2007-06-21,20:03:29,-24.59097,26.58359
1309080298,AM196,GeorgeJoss,Male,2007-06-21,19:01:21,-24.59105,26.58364
1309080299,AM196,GeorgeJoss,Male,2007-06-24,21:01:13,-24.59106,26.58386
1309080300,AM196,GeorgeJoss,Male,2007-06-22,23:00:47,-24.59107,26.58367
1309080301,AM196,GeorgeJoss,Male,2007-06-20,00:01:19,-24.591,26.58365
1309080302,AM196,GeorgeJoss,Male,2007-06-19,00:01:15,-24.59093,26.58362
1309080303,AM196,GeorgeJoss,Male,2007-06-20,04:00:49,-24.59107,26.58382
1309080304,AM196,GeorgeJoss,Male,2007-06-18,21:03:13,-24.59095,26.58368
1309080305,AM196,GeorgeJoss,Male,2007-06-21,14:01:19,-24.59099,26.58365
1309080306,AM196,GeorgeJoss,Male,2007-06-23,22:00:45,-24.59102,26.58365
1309080307,AM196,GeorgeJoss,Male,2007-06-22,14:01:19,-24.59102,26.5837
1309080308,AM196,GeorgeJoss,Male,2007-06-18,22:00:52,-24.59108,26.58371
1309080309,AM224,Trekker,Male,2007-06-20,18:03:03,-24.61676,27.1204
1309080310,AM196,GeorgeJoss,Male,2007-06-20,22:01:07,-24.59099,26.58363
1309080311,AM196,GeorgeJoss,Male,2007-06-23,04:01:19,-24.59073,26.58372
1309080312,AM196,GeorgeJoss,Male,2007-06-19,14:01:19,-24.59117,26.58387
1309080313,AM196,GeorgeJoss,Male,2007-06-18,23:00:57,-24.59109,26.58361
1309080314,AM196,GeorgeJoss,Male,2007-06-22,20:01:09,-24.59095,26.58359
1309080315,AM196,GeorgeJoss,Male,2007-06-22,04:01:09,-24.5909,26.58368
1309080316,AM196,GeorgeJoss,Male,2007-06-22,00:01:19,-24.59097,26.58367
1309080317,AM196,GeorgeJoss,Male,2007-06-21,22:00:50,-24.591,26.58364
1309080318,AM196,GeorgeJoss,Male,2007-06-20,20:01:07,-24.59102,26.58378
1309080319,AM196,GeorgeJoss,Male,2007-06-25,09:11:13,-24.591,26.58367
1309080320,AM196,GeorgeJoss,Male,2007-06-20,19:01:14,-24.59102,26.58367
1309080321,AM196,GeorgeJoss,Male,2007-06-19,23:00:46,-24.59083,26.58373
1309080322,AM196,GeorgeJoss,Male,2007-06-25,19:01:19,-24.591,26.58364
1309080323,AM196,GeorgeJoss,Male,2007-06-24,22:00:56,-24.59103,26.58368
1309080324,AM196,GeorgeJoss,Male,2007-06-25,14:04:20,-24.59102,26.58366
1309080325,AM196,GeorgeJoss,Male,2007-06-25,04:02:08,-24.59106,26.5838
1309080326,AM196,GeorgeJoss,Male,2007-06-25,00:00:57,-24.59115,26.58401
1309080327,AM196,GeorgeJoss,Male,2007-06-20,23:00:59,-24.59088,26.58367
1309080328,AM196,GeorgeJoss,Male,2007-06-22,21:01:08,-24.59097,26.5836
1309080329,AM196,GeorgeJoss,Male,2007-06-26,21:00:56,-24.59096,26.58352
1309080330,AM196,GeorgeJoss,Male,2007-06-22,22:00:49,-24.59101,26.58371
1309080331,AM196,GeorgeJoss,Male,2007-06-26,00:00:44,-24.59108,26.58385
1309080332,AM196,GeorgeJoss,Male,2007-06-23,19:01:20,-24.59109,26.58371
1309080333,AM196,GeorgeJoss,Male,2007-06-22,19:01:19,-24.59103,26.58367
1309080334,AM196,GeorgeJoss,Male,2007-06-21,23:00:45,-24.59102,26.58363
1309080335,AM196,GeorgeJoss,Male,2007-06-25,22:00:50,-24.59103,26.58369
1309080336,AM196,GeorgeJoss,Male,2007-06-24,14:01:20,-24.59102,26.58371
1309080337,AM196,GeorgeJoss,Male,2007-06-23,00:01:00,-24.59084,26.58392
1309080338,AM224,Trekker,Male,2007-06-21,06:00:43,-24.61676,27.12089
1309080339,AM196,GeorgeJoss,Male,2007-06-24,19:01:19,-24.59096,26.58365
1309080340,AM196,GeorgeJoss,Male,2007-06-24,23:01:28,-24.59094,26.58374
1309080341,AM257,First Lady,Female,2007-06-23,16:02:45,-23.7997,27.50919
1309080342,AM196,GeorgeJoss,Male,2007-06-26,20:02:49,-24.59111,26.58373
1309080343,AM196,GeorgeJoss,Male,2007-06-24,04:01:49,-24.59085,26.58363
1309080344,AM196,GeorgeJoss,Male,2007-06-23,23:00:57,-24.59118,26.58367
1309080345,AM196,GeorgeJoss,Male,2007-06-23,21:01:26,-24.59107,26.5839
1309080346,AM196,GeorgeJoss,Male,2007-06-23,20:03:51,-24.59097,26.5837
1309080347,AM196,GeorgeJoss,Male,2007-06-27,14:01:49,-24.591,26.58372
1309080348,AM196,GeorgeJoss,Male,2007-06-28,22:00:50,-24.59104,26.58372
1309080349,AM196,GeorgeJoss,Male,2007-06-26,19:01:19,-24.59101,26.58365
1309080350,AM196,GeorgeJoss,Male,2007-06-26,09:01:44,-24.59098,26.58369
1309080351,AM196,GeorgeJoss,Male,2007-06-26,14:01:19,-24.591,26.58366
1309080352,AM257,First Lady,Female,2007-06-25,16:01:38,-23.79598,27.48981
1309080353,AM196,GeorgeJoss,Male,2007-06-24,00:00:49,-24.59098,26.58383
1309080354,AM196,GeorgeJoss,Male,2007-06-28,14:12:19,-24.59101,26.58369
1309080355,AM196,GeorgeJoss,Male,2007-06-24,20:05:51,-24.59098,26.5837
1309080356,AM196,GeorgeJoss,Male,2007-06-29,23:00:50,-24.59104,26.58372
1309080357,AM196,GeorgeJoss,Male,2007-06-29,22:00:32,-24.59081,26.5837
1309080358,AM196,GeorgeJoss,Male,2007-06-23,14:01:20,-24.5912,26.58363
1309080359,AM196,GeorgeJoss,Male,2007-06-27,00:01:19,-24.591,26.58367
1309080360,AM196,GeorgeJoss,Male,2007-06-25,21:00:45,-24.59098,26.58369
1309080361,AM196,GeorgeJoss,Male,2007-06-25,20:03:53,-24.59111,26.58367
1309080362,AM196,GeorgeJoss,Male,2007-06-29,20:01:44,-24.59095,26.58364
1309080363,AM196,GeorgeJoss,Male,2007-06-27,21:00:56,-24.591,26.58359
1309080364,AM196,GeorgeJoss,Male,2007-06-28,21:00:48,-24.59102,26.58355
1309080365,AM196,GeorgeJoss,Male,2007-06-29,19:01:20,-24.591,26.58364
1309080366,AM196,GeorgeJoss,Male,2007-06-30,21:00:57,-24.59105,26.58369
1309080367,AM196,GeorgeJoss,Male,2007-06-29,21:01:19,-24.59104,26.58362
1309080368,AM196,GeorgeJoss,Male,2007-06-28,00:00:54,-24.59095,26.58356
1309080369,AM196,GeorgeJoss,Male,2007-06-29,04:01:19,-24.59109,26.58353
1309080370,AM196,GeorgeJoss,Male,2007-06-26,04:02:19,-24.59098,26.58353
1309080371,AM196,GeorgeJoss,Male,2007-06-29,14:01:49,-24.59103,26.58362
1309080372,AM196,GeorgeJoss,Male,2007-06-25,23:12:13,-24.59105,26.58371
1309080373,AM196,GeorgeJoss,Male,2007-06-26,22:00:51,-24.59102,26.58365
1309080374,AM196,GeorgeJoss,Male,2007-06-28,23:05:56,-24.59102,26.58376
1309080375,AM196,GeorgeJoss,Male,2007-06-29,00:00:49,-24.59094,26.58359
1309080377,AM196,GeorgeJoss,Male,2007-06-29,09:01:20,-24.59103,26.58371
1309080378,AM196,GeorgeJoss,Male,2007-06-27,22:00:50,-24.59105,26.58371
1309080380,AM196,GeorgeJoss,Male,2007-06-27,23:00:45,-24.59109,26.58369
1309080381,AM196,GeorgeJoss,Male,2007-06-27,19:01:20,-24.59103,26.58366
1309080382,AM196,GeorgeJoss,Male,2007-06-30,04:01:20,-24.59105,26.58377
1309080383,AM196,GeorgeJoss,Male,2007-06-28,20:04:49,-24.59111,26.58389
1309080384,AM196,GeorgeJoss,Male,2007-06-27,20:01:26,-24.59101,26.5837
1309080385,AM196,GeorgeJoss,Male,2007-06-27,04:01:14,-24.59102,26.58373
1309080389,AM224,Trekker,Male,2007-06-29,00:03:19,-24.67837,27.14403
1309080390,AM196,GeorgeJoss,Male,2007-06-27,09:07:19,-24.59098,26.58363
1309080392,AM196,GeorgeJoss,Male,2007-06-30,19:01:50,-24.59101,26.5836
1309080393,AM196,GeorgeJoss,Male,2007-06-28,04:01:36,-24.59101,26.58359
1309080394,AM196,GeorgeJoss,Male,2007-06-28,09:01:20,-24.591,26.5836
1309080396,AM196,GeorgeJoss,Male,2007-06-28,19:01:20,-24.591,26.5836
1309080397,AM196,GeorgeJoss,Male,2007-06-26,23:00:39,-24.59105,26.58376
1309080400,AM196,GeorgeJoss,Male,2007-06-30,23:00:57,-24.59115,26.58383
1309080404,AM224,Trekker,Male,2007-06-27,00:02:22,-24.62499,27.1664
1309080405,AM196,GeorgeJoss,Male,2007-06-30,20:00:49,-24.59103,26.58371
1309080406,AM196,GeorgeJoss,Male,2007-06-30,22:00:56,-24.59102,26.58366
1309080408,AM257,First Lady,Female,2007-06-30,04:01:14,-23.83381,27.49547
1309080409,AM196,GeorgeJoss,Male,2007-06-30,14:01:37,-24.59101,26.58361
1309080412,AM196,GeorgeJoss,Male,2007-06-30,00:00:51,-24.59102,26.58369
1309080414,AM196,GeorgeJoss,Male,2007-06-30,09:01:49,-24.59102,26.58364
1309080376,AM196,GeorgeJoss,Male,2007-07-01,19:01:50,-24.59105,26.58363
1309080379,AM196,GeorgeJoss,Male,2007-07-01,09:01:21,-24.59104,26.58366
1309080386,AM196,GeorgeJoss,Male,2007-07-02,21:01:19,-24.59105,26.58368
1309080387,AM196,GeorgeJoss,Male,2007-07-01,00:01:08,-24.59098,26.58361
1309080388,AM196,GeorgeJoss,Male,2007-07-01,04:01:20,-24.59103,26.58391
1309080391,AM196,GeorgeJoss,Male,2007-07-01,14:01:55,-24.5908,26.58352
1309080395,AM224,Trekker,Male,2007-07-01,18:01:51,-24.6095,27.15633
1309080398,AM196,GeorgeJoss,Male,2007-07-01,23:01:13,-24.59114,26.58378
1309080399,AM196,GeorgeJoss,Male,2007-07-01,22:00:47,-24.59118,26.58365
1309080401,AM196,GeorgeJoss,Male,2007-07-04,00:00:49,-24.59106,26.58356
1309080402,AM196,GeorgeJoss,Male,2007-07-03,22:02:13,-24.59092,26.58367
1309080403,AM196,GeorgeJoss,Male,2007-07-01,21:01:19,-24.59105,26.58374
1309080407,AM196,GeorgeJoss,Male,2007-07-02,22:00:45,-24.5906,26.58391
1309080410,AM196,GeorgeJoss,Male,2007-07-02,19:01:20,-24.59102,26.58363
1309080411,AM196,GeorgeJoss,Male,2007-07-05,04:01:19,-24.59106,26.58384
1309080413,AM196,GeorgeJoss,Male,2007-07-02,14:01:49,-24.59102,26.58364
1309080415,AM196,GeorgeJoss,Male,2007-07-02,23:00:56,-24.59117,26.58372
1309080416,AM257,First Lady,Female,2007-07-02,16:02:56,-23.75653,27.49585
1309080417,AM196,GeorgeJoss,Male,2007-07-03,23:00:49,-24.59119,26.58389
1309080418,AM196,GeorgeJoss,Male,2007-07-02,09:01:19,-24.59105,26.58365
1309080419,AM196,GeorgeJoss,Male,2007-07-01,20:00:38,-24.591,26.58367
1309080420,AM257,First Lady,Female,2007-07-04,16:02:17,-23.76642,27.4692
1309080421,AM224,Trekker,Male,2007-07-04,00:03:12,-24.6144,27.17348
1309080422,AM196,GeorgeJoss,Male,2007-07-02,04:01:19,-24.59103,26.58376
1309080423,AM196,GeorgeJoss,Male,2007-07-05,19:05:20,-24.59104,26.58382
1309080424,AM196,GeorgeJoss,Male,2007-07-04,22:00:45,-24.59104,26.58356
1309080425,AM196,GeorgeJoss,Male,2007-07-03,20:01:43,-24.59102,26.58371
1309080426,AM196,GeorgeJoss,Male,2007-07-06,00:01:19,-24.59104,26.58374
1309080427,AM196,GeorgeJoss,Male,2007-07-05,14:01:55,-24.59102,26.58367
1309080428,AM196,GeorgeJoss,Male,2007-07-06,19:01:49,-24.59098,26.58369
1309080429,AM196,GeorgeJoss,Male,2007-07-03,00:00:50,-24.59105,26.5837
1309080430,AM196,GeorgeJoss,Male,2007-07-02,00:01:09,-24.59108,26.58375
1309080431,AM196,GeorgeJoss,Male,2007-07-05,21:01:19,-24.59106,26.58369
1309080432,AM196,GeorgeJoss,Male,2007-07-03,14:02:20,-24.59107,26.58366
1309080433,AM196,GeorgeJoss,Male,2007-07-03,04:01:19,-24.59105,26.58379
1309080434,AM196,GeorgeJoss,Male,2007-07-03,09:01:19,-24.59102,26.58365
1309080435,AM196,GeorgeJoss,Male,2007-07-03,19:01:20,-24.59103,26.58368
1309080436,AM196,GeorgeJoss,Male,2007-07-06,21:00:49,-24.59098,26.5839
1309080437,AM196,GeorgeJoss,Male,2007-07-04,09:02:08,-24.59101,26.58363
1309080438,AM196,GeorgeJoss,Male,2007-07-07,09:01:20,-24.59102,26.58365
1309080439,AM196,GeorgeJoss,Male,2007-07-04,21:00:50,-24.59103,26.5837
1309080440,AM196,GeorgeJoss,Male,2007-07-02,20:05:13,-24.5911,26.58377
1309080441,AM224,Trekker,Male,2007-07-04,06:01:49,-24.6743,27.11578
1309080442,AM196,GeorgeJoss,Male,2007-07-07,23:00:57,-24.59099,26.58362
1309080443,AM196,GeorgeJoss,Male,2007-07-03,21:00:38,-24.59096,26.5837
1309080444,AM196,GeorgeJoss,Male,2007-07-05,22:00:32,-24.59087,26.58378
1309080445,AM196,GeorgeJoss,Male,2007-07-05,23:00:33,-24.59104,26.58372
1309080446,AM196,GeorgeJoss,Male,2007-07-05,09:01:20,-24.59101,26.58368
1309080447,AM196,GeorgeJoss,Male,2007-07-04,14:01:20,-24.591,26.58359
1309080448,AM196,GeorgeJoss,Male,2007-07-04,19:01:20,-24.59103,26.58377
1309080449,AM257,First Lady,Female,2007-07-06,04:02:15,-23.74468,27.43495
1309080450,AM196,GeorgeJoss,Male,2007-07-06,04:01:07,-24.591,26.58361
1309080451,AM196,GeorgeJoss,Male,2007-07-08,23:00:39,-24.59097,26.58375
1309080452,AM196,GeorgeJoss,Male,2007-07-08,14:01:19,-24.59092,26.58356
1309080453,AM196,GeorgeJoss,Male,2007-07-07,14:01:19,-24.59103,26.58363
1309080454,AM196,GeorgeJoss,Male,2007-07-05,20:03:22,-24.59105,26.58383
1309080455,AM196,GeorgeJoss,Male,2007-07-07,00:00:56,-24.59099,26.58366
1309080456,AM196,GeorgeJoss,Male,2007-07-07,20:00:40,-24.59104,26.58382
1309080457,AM196,GeorgeJoss,Male,2007-07-04,20:02:50,-24.59107,26.58385
1309080458,AM196,GeorgeJoss,Male,2007-07-04,04:01:49,-24.59102,26.58369
1309080459,AM196,GeorgeJoss,Male,2007-07-06,23:00:39,-24.59115,26.5839
1309080460,AM196,GeorgeJoss,Male,2007-07-09,00:00:50,-24.591,26.58365
1309080461,AM196,GeorgeJoss,Male,2007-07-08,09:01:19,-24.591,26.58367
1309080462,AM257,First Lady,Female,2007-07-06,16:03:30,-23.74184,27.41034
1309080463,AM196,GeorgeJoss,Male,2007-07-06,09:01:19,-24.59098,26.58365
1309080464,AM196,GeorgeJoss,Male,2007-07-06,20:00:46,-24.59105,26.58386
1309080465,AM196,GeorgeJoss,Male,2007-07-07,04:01:19,-24.59104,26.58377
1309080466,AM196,GeorgeJoss,Male,2007-07-05,00:00:46,-24.59101,26.58363
1309080467,AM196,GeorgeJoss,Male,2007-07-09,14:00:50,-24.59094,26.5836
1309080468,AM196,GeorgeJoss,Male,2007-07-08,21:00:50,-24.59106,26.5836
1309080469,AM196,GeorgeJoss,Male,2007-07-04,23:01:14,-24.591,26.58378
1309080470,AM196,GeorgeJoss,Male,2007-07-10,19:01:19,-24.59096,26.58364
1309080471,AM196,GeorgeJoss,Male,2007-07-09,23:00:45,-24.59097,26.58366
1309080472,AM196,GeorgeJoss,Male,2007-07-06,22:00:58,-24.5909,26.58381
1309080473,AM196,GeorgeJoss,Male,2007-07-08,04:02:43,-24.59102,26.58371
1309080474,AM196,GeorgeJoss,Male,2007-07-07,22:00:58,-24.59101,26.5835
1309080475,AM196,GeorgeJoss,Male,2007-07-07,19:05:13,-24.59106,26.58379
1309080476,AM196,GeorgeJoss,Male,2007-07-11,14:01:19,-24.59112,26.58347
1309080477,AM196,GeorgeJoss,Male,2007-07-09,20:00:45,-24.59103,26.58383
1309080478,AM196,GeorgeJoss,Male,2007-07-10,22:01:51,-24.59107,26.58369
1309080479,AM196,GeorgeJoss,Male,2007-07-10,09:01:19,-24.59096,26.58362
1309080480,AM224,Trekker,Male,2007-07-07,00:02:48,-24.61328,27.17807
1309080481,AM196,GeorgeJoss,Male,2007-07-08,19:02:21,-24.59105,26.5838
1309080482,AM196,GeorgeJoss,Male,2007-07-06,14:01:19,-24.59091,26.58358
1309080483,AM196,GeorgeJoss,Male,2007-07-08,22:00:45,-24.59102,26.58369
1309080484,AM196,GeorgeJoss,Male,2007-07-08,20:00:45,-24.59107,26.58391
1309080485,AM196,GeorgeJoss,Male,2007-07-11,04:03:14,-24.59111,26.5838
1309080486,AM196,GeorgeJoss,Male,2007-07-09,19:11:19,-24.59101,26.58362
1309080487,AM196,GeorgeJoss,Male,2007-07-11,20:01:03,-24.59104,26.58367
1309080488,AM196,GeorgeJoss,Male,2007-07-09,09:02:08,-24.59099,26.58362
1309080489,AM196,GeorgeJoss,Male,2007-07-08,00:01:14,-24.59097,26.58384
1309080490,AM224,Trekker,Male,2007-07-08,12:02:53,-24.66265,27.14302
1309080491,AM224,Trekker,Male,2007-07-08,18:02:51,-24.64161,27.15528
1309080492,AM196,GeorgeJoss,Male,2007-07-07,21:00:56,-24.59097,26.58362
1309080493,AM196,GeorgeJoss,Male,2007-07-13,00:00:49,-24.59099,26.58356
1309080494,AM196,GeorgeJoss,Male,2007-07-12,21:00:45,-24.59099,26.58362
1309080495,AM196,GeorgeJoss,Male,2007-07-10,04:01:20,-24.59103,26.58364
1309080496,AM196,GeorgeJoss,Male,2007-07-10,21:00:51,-24.59106,26.5837
1309080497,AM196,GeorgeJoss,Male,2007-07-12,23:00:50,-24.59111,26.58379
1309080498,AM196,GeorgeJoss,Male,2007-07-10,23:00:49,-24.59096,26.58365
1309080499,AM196,GeorgeJoss,Male,2007-07-09,22:00:49,-24.59101,26.58368
1309080500,AM196,GeorgeJoss,Male,2007-07-09,21:00:56,-24.59101,26.58365
1309080501,AM196,GeorgeJoss,Male,2007-07-13,21:00:40,-24.59102,26.58363
1309080502,AM196,GeorgeJoss,Male,2007-07-12,04:01:44,-24.59082,26.58343
1309080503,AM196,GeorgeJoss,Male,2007-07-13,14:03:14,-24.59106,26.58371
1309080504,AM196,GeorgeJoss,Male,2007-07-12,14:01:19,-24.59092,26.58358
1309080505,AM196,GeorgeJoss,Male,2007-07-09,04:01:13,-24.59108,26.5838
1309080506,AM196,GeorgeJoss,Male,2007-07-11,00:01:13,-24.59106,26.58362
1309080507,AM196,GeorgeJoss,Male,2007-07-10,14:01:21,-24.59099,26.58363
1309080508,AM196,GeorgeJoss,Male,2007-07-11,09:03:19,-24.59095,26.58351
1309080509,AM196,GeorgeJoss,Male,2007-07-10,20:00:49,-24.59103,26.5838
1309080510,AM196,GeorgeJoss,Male,2007-07-11,23:00:45,-24.59105,26.58373
1309080511,AM196,GeorgeJoss,Male,2007-07-14,00:01:20,-24.59099,26.58372
1309080512,AM196,GeorgeJoss,Male,2007-07-13,23:01:13,-24.59104,26.58365
1309080513,AM196,GeorgeJoss,Male,2007-07-11,21:00:56,-24.59094,26.58361
1309080514,AM257,First Lady,Female,2007-07-15,04:03:10,-24.0443,27.29144
1309080515,AM196,GeorgeJoss,Male,2007-07-10,00:00:51,-24.59101,26.58369
1309080516,AM196,GeorgeJoss,Male,2007-07-12,00:00:44,-24.59097,26.58376
1309080517,AM224,Trekker,Male,2007-07-10,12:02:42,-24.63206,27.20236
1309080518,AM196,GeorgeJoss,Male,2007-07-11,19:01:49,-24.59115,26.58382
1309080519,AM196,GeorgeJoss,Male,2007-07-13,09:01:19,-24.59102,26.58362
1309080520,AM196,GeorgeJoss,Male,2007-07-13,22:00:57,-24.59099,26.58361
1309080521,AM196,GeorgeJoss,Male,2007-07-11,22:01:40,-24.59102,26.58369
1309080522,AM196,GeorgeJoss,Male,2007-07-14,20:00:33,-24.59107,26.58376
1309080523,AM196,GeorgeJoss,Male,2007-07-12,19:01:20,-24.59109,26.58379
1309080524,AM196,GeorgeJoss,Male,2007-07-15,14:01:19,-24.59098,26.58361
1309080525,AM196,GeorgeJoss,Male,2007-07-15,23:00:49,-24.59103,26.58362
1309080526,AM196,GeorgeJoss,Male,2007-07-12,22:01:39,-24.59088,26.5836
1309080527,AM196,GeorgeJoss,Male,2007-07-16,04:01:19,-24.59106,26.58375
1309080528,AM196,GeorgeJoss,Male,2007-07-15,04:01:19,-24.59086,26.58348
1309080529,AM196,GeorgeJoss,Male,2007-07-15,00:01:19,-24.59107,26.58369
1309080530,AM196,GeorgeJoss,Male,2007-07-13,20:00:49,-24.59105,26.5837
1309080531,AM196,GeorgeJoss,Male,2007-07-12,20:00:50,-24.59097,26.58365
1309080532,AM196,GeorgeJoss,Male,2007-07-12,09:01:50,-24.59109,26.58377
1309080533,AM196,GeorgeJoss,Male,2007-07-14,23:00:50,-24.59101,26.58375
1309080534,AM196,GeorgeJoss,Male,2007-07-13,19:01:19,-24.591,26.58371
1309080535,AM196,GeorgeJoss,Male,2007-07-14,04:01:19,-24.59105,26.58364
1309080536,AM196,GeorgeJoss,Male,2007-07-18,19:01:49,-24.59102,26.58376
1309080537,AM196,GeorgeJoss,Male,2007-07-14,14:01:20,-24.59101,26.58364
1309080538,AM196,GeorgeJoss,Male,2007-07-16,09:05:20,-24.59111,26.58372
1309080539,AM196,GeorgeJoss,Male,2007-07-16,23:01:13,-24.59109,26.58362
1309080540,AM196,GeorgeJoss,Male,2007-07-14,19:03:07,-24.59103,26.58372
1309080541,AM196,GeorgeJoss,Male,2007-07-13,04:01:20,-24.59088,26.58354
1309080542,AM196,GeorgeJoss,Male,2007-07-14,09:05:07,-24.59103,26.58365
1309080543,AM257,First Lady,Female,2007-07-14,04:02:19,-24.01411,27.34936
1309080544,AM196,GeorgeJoss,Male,2007-07-16,19:01:20,-24.59104,26.58371
1309080545,AM196,GeorgeJoss,Male,2007-07-15,22:00:51,-24.59112,26.58391
1309080546,AM224,Trekker,Male,2007-07-14,00:01:37,-24.65318,27.11303
1309080547,AM257,First Lady,Female,2007-07-14,16:03:29,-24.0296,27.30427
1309080548,AM196,GeorgeJoss,Male,2007-07-15,20:00:50,-24.59094,26.58354
1309080549,AM196,GeorgeJoss,Male,2007-07-18,21:00:48,-24.59108,26.58359
1309080550,AM196,GeorgeJoss,Male,2007-07-15,09:10:14,-24.59105,26.58365
1309080551,AM196,GeorgeJoss,Male,2007-07-18,04:01:20,-24.59122,26.58382
1309080552,AM196,GeorgeJoss,Male,2007-07-18,14:01:19,-24.59103,26.58367
1309080553,AM196,GeorgeJoss,Male,2007-07-17,14:07:47,-24.59091,26.58357
1309080554,AM196,GeorgeJoss,Male,2007-07-17,09:02:43,-24.59104,26.58353
1309080555,AM196,GeorgeJoss,Male,2007-07-15,21:00:56,-24.59104,26.58369
1309080556,AM196,GeorgeJoss,Male,2007-07-14,21:00:54,-24.59101,26.58368
1309080557,AM196,GeorgeJoss,Male,2007-07-16,00:00:56,-24.59098,26.58365
1309080558,AM196,GeorgeJoss,Male,2007-07-14,22:01:03,-24.59103,26.58375
1309080559,AM196,GeorgeJoss,Male,2007-07-16,21:01:13,-24.59097,26.58366
1309080560,AM196,GeorgeJoss,Male,2007-07-16,14:01:19,-24.59109,26.58371
1309080561,AM196,GeorgeJoss,Male,2007-07-18,20:01:13,-24.59101,26.5837
1309080562,AM196,GeorgeJoss,Male,2007-07-19,14:01:19,-24.59095,26.58359
1309080563,AM196,GeorgeJoss,Male,2007-07-19,22:00:49,-24.59106,26.58376
1309080564,AM196,GeorgeJoss,Male,2007-07-17,22:01:06,-24.59111,26.58378
1309080565,AM196,GeorgeJoss,Male,2007-07-15,19:01:50,-24.5911,26.58365
1309080566,AM224,Trekker,Male,2007-07-16,06:01:49,-24.61072,27.17113
1309080567,AM196,GeorgeJoss,Male,2007-07-17,20:00:49,-24.59098,26.58364
1309080568,AM196,GeorgeJoss,Male,2007-07-17,19:08:40,-24.59101,26.58369
1309080569,AM196,GeorgeJoss,Male,2007-07-19,04:01:14,-24.59098,26.58363
1309080570,AM196,GeorgeJoss,Male,2007-07-16,22:00:44,-24.59107,26.58379
1309080571,AM196,GeorgeJoss,Male,2007-07-17,04:02:07,-24.59087,26.5836
1309080572,AM196,GeorgeJoss,Male,2007-07-18,00:00:57,-24.59099,26.58376
1309080573,AM196,GeorgeJoss,Male,2007-07-20,23:00:44,-24.59102,26.58369
1309080574,AM196,GeorgeJoss,Male,2007-07-21,20:00:39,-24.59098,26.58356
1309080575,AM196,GeorgeJoss,Male,2007-07-19,20:01:10,-24.59106,26.58371
1309080576,AM196,GeorgeJoss,Male,2007-07-17,23:01:10,-24.59113,26.58393
1309080577,AM196,GeorgeJoss,Male,2007-07-21,14:08:37,-24.59091,26.58357
1309080578,AM196,GeorgeJoss,Male,2007-07-20,04:03:07,-24.59087,26.5836
1309080579,AM196,GeorgeJoss,Male,2007-07-20,14:01:20,-24.59101,26.58372
1309080580,AM196,GeorgeJoss,Male,2007-07-17,00:00:48,-24.59101,26.58354
1309080581,AM196,GeorgeJoss,Male,2007-07-19,00:01:49,-24.59105,26.58382
1309080582,AM196,GeorgeJoss,Male,2007-07-16,20:01:07,-24.59106,26.58373
1309080583,AM257,First Lady,Female,2007-07-19,04:03:02,-24.12001,27.26769
1309080584,AM196,GeorgeJoss,Male,2007-07-19,09:13:02,-24.59104,26.58359
1309080585,AM196,GeorgeJoss,Male,2007-07-20,20:00:40,-24.59097,26.58347
1309080586,AM196,GeorgeJoss,Male,2007-07-20,09:04:50,-24.591,26.58362
1309080587,AM196,GeorgeJoss,Male,2007-07-19,23:00:38,-24.59101,26.58367
1309080588,AM196,GeorgeJoss,Male,2007-07-22,22:01:20,-24.59099,26.58359
1309080589,AM196,GeorgeJoss,Male,2007-07-22,23:00:38,-24.59102,26.58368
1309080590,AM196,GeorgeJoss,Male,2007-07-17,21:00:53,-24.59096,26.58363
1309080591,AM196,GeorgeJoss,Male,2007-07-21,21:01:14,-24.59102,26.58366
1309080592,AM196,GeorgeJoss,Male,2007-07-18,22:01:10,-24.59107,26.58371
1309080593,AM196,GeorgeJoss,Male,2007-07-20,21:01:20,-24.59101,26.58373
1309080594,AM196,GeorgeJoss,Male,2007-07-19,21:00:34,-24.59094,26.58381
1309080595,AM196,GeorgeJoss,Male,2007-07-20,22:01:19,-24.59093,26.58376
1309080596,AM196,GeorgeJoss,Male,2007-07-18,09:06:43,-24.59103,26.58362
1309080597,AM196,GeorgeJoss,Male,2007-07-18,23:00:39,-24.59108,26.58373
1309080598,AM196,GeorgeJoss,Male,2007-07-21,04:01:19,-24.59097,26.5836
1309080599,AM196,GeorgeJoss,Male,2007-07-23,09:04:49,-24.59104,26.58357
1309080600,AM196,GeorgeJoss,Male,2007-07-23,04:01:19,-24.591,26.58361
1309080601,AM224,Trekker,Male,2007-07-22,18:01:50,-24.53382,26.83814
1309080602,AM196,GeorgeJoss,Male,2007-07-19,19:01:19,-24.59103,26.58373
1309080603,AM196,GeorgeJoss,Male,2007-07-20,00:01:20,-24.59101,26.58358
1309080604,AM196,GeorgeJoss,Male,2007-07-24,09:07:13,-24.59098,26.58365
1309080605,AM257,First Lady,Female,2007-07-24,16:02:29,-23.92716,27.33613
1309080606,AM196,GeorgeJoss,Male,2007-07-23,00:00:56,-24.59107,26.5839
1309080607,AM196,GeorgeJoss,Male,2007-07-22,19:01:19,-24.59095,26.58356
1309080608,AM196,GeorgeJoss,Male,2007-07-21,00:01:11,-24.59104,26.58368
1309080609,AM196,GeorgeJoss,Male,2007-07-22,04:01:20,-24.59096,26.58363
1309080610,AM196,GeorgeJoss,Male,2007-07-21,23:00:50,-24.59094,26.5836
1309080611,AM196,GeorgeJoss,Male,2007-07-23,14:05:43,-24.5909,26.58351
1309080612,AM196,GeorgeJoss,Male,2007-07-21,22:01:02,-24.59097,26.5837
1309080613,AM196,GeorgeJoss,Male,2007-07-23,23:00:50,-24.59102,26.58368
1309080614,AM196,GeorgeJoss,Male,2007-07-25,14:05:44,-24.591,26.58378
1309080615,AM196,GeorgeJoss,Male,2007-07-22,21:00:55,-24.59099,26.58354
1309080616,AM196,GeorgeJoss,Male,2007-07-24,23:00:58,-24.59102,26.58372
1309080617,AM196,GeorgeJoss,Male,2007-07-23,20:00:36,-24.59105,26.58374
1309080618,AM196,GeorgeJoss,Male,2007-07-21,19:01:49,-24.59104,26.5838
1309080619,AM196,GeorgeJoss,Male,2007-07-22,20:00:38,-24.59091,26.58361
1309080620,AM196,GeorgeJoss,Male,2007-07-20,19:01:19,-24.59109,26.58367
1309080621,AM196,GeorgeJoss,Male,2007-07-23,19:01:20,-24.59103,26.5837
1309080622,AM196,GeorgeJoss,Male,2007-07-22,00:01:49,-24.59103,26.58371
1309080623,AM196,GeorgeJoss,Male,2007-07-25,09:02:19,-24.5911,26.58363
1309080624,AM196,GeorgeJoss,Male,2007-07-25,23:00:52,-24.59115,26.58365
1309080625,AM224,Trekker,Male,2007-07-23,12:02:44,-24.46625,26.8687
1309080626,AM224,Trekker,Male,2007-07-26,18:02:20,-24.49891,26.88176
1309080627,AM196,GeorgeJoss,Male,2007-07-23,22:00:38,-24.59102,26.58382
1309080628,AM224,Trekker,Male,2007-07-22,06:00:49,-24.58647,26.87876
1309080629,AM196,GeorgeJoss,Male,2007-07-26,04:04:13,-24.59108,26.58356
1309080630,AM196,GeorgeJoss,Male,2007-07-25,20:00:34,-24.59102,26.58366
1309080631,AM196,GeorgeJoss,Male,2007-07-22,14:01:21,-24.59103,26.58374
1309080632,AM196,GeorgeJoss,Male,2007-07-24,14:01:49,-24.59098,26.58372
1309080633,AM196,GeorgeJoss,Male,2007-07-26,22:00:38,-24.59107,26.58378
1309080634,AM196,GeorgeJoss,Male,2007-07-24,04:01:07,-24.59095,26.58358
1309080635,AM224,Trekker,Male,2007-07-26,00:03:09,-24.47208,26.89231
1309080636,AM196,GeorgeJoss,Male,2007-07-24,19:01:20,-24.5911,26.5837
1309080637,AM196,GeorgeJoss,Male,2007-07-26,21:01:03,-24.59104,26.58372
1309080638,AM196,GeorgeJoss,Male,2007-07-24,20:00:48,-24.59107,26.58369
1309080639,AM196,GeorgeJoss,Male,2007-07-25,04:01:49,-24.59097,26.58355
1309080640,AM196,GeorgeJoss,Male,2007-07-25,21:00:50,-24.59096,26.58364
1309080641,AM196,GeorgeJoss,Male,2007-07-26,19:01:13,-24.5911,26.58359
1309080642,AM196,GeorgeJoss,Male,2007-07-24,00:01:49,-24.59101,26.58359
1309080643,AM196,GeorgeJoss,Male,2007-07-25,22:00:32,-24.59102,26.58382
1309080644,AM257,First Lady,Female,2007-07-28,04:00:38,-23.79201,27.41409
1309080645,AM257,First Lady,Female,2007-07-25,16:02:13,-23.8605,27.33134
1309080646,AM196,GeorgeJoss,Male,2007-07-23,21:01:49,-24.59102,26.58377
1309080647,AM196,GeorgeJoss,Male,2007-07-24,21:00:50,-24.59096,26.5836
1309080648,AM196,GeorgeJoss,Male,2007-07-26,00:01:04,-24.59102,26.58354
1309080649,AM196,GeorgeJoss,Male,2007-07-27,22:01:44,-24.5906,26.58332
1309080650,AM196,GeorgeJoss,Male,2007-07-28,22:00:49,-24.59108,26.58382
1309080651,AM196,GeorgeJoss,Male,2007-07-28,04:01:21,-24.59104,26.58367
1309080652,AM196,GeorgeJoss,Male,2007-07-27,23:00:57,-24.591,26.58377
1309080653,AM196,GeorgeJoss,Male,2007-07-26,23:00:56,-24.59098,26.58381
1309080654,AM224,Trekker,Male,2007-07-26,06:02:57,-24.49932,26.88123
1309080655,AM196,GeorgeJoss,Male,2007-07-28,23:00:57,-24.59102,26.58372
1309080656,AM257,First Lady,Female,2007-07-27,04:03:07,-23.80653,27.41223
1309080657,AM196,GeorgeJoss,Male,2007-07-24,22:00:38,-24.59107,26.58384
1309080658,AM196,GeorgeJoss,Male,2007-07-25,19:01:19,-24.5909,26.58354
1309080659,AM196,GeorgeJoss,Male,2007-07-27,04:01:19,-24.59089,26.5836
1309080660,AM196,GeorgeJoss,Male,2007-07-26,14:01:20,-24.59101,26.58376
1309080661,AM196,GeorgeJoss,Male,2007-07-28,09:05:49,-24.59105,26.58375
1309080662,AM196,GeorgeJoss,Male,2007-07-28,14:06:50,-24.59092,26.5835
1309080663,AM196,GeorgeJoss,Male,2007-07-26,09:05:49,-24.59098,26.58377
1309080664,AM196,GeorgeJoss,Male,2007-07-30,00:01:13,-24.59088,26.58358
1309080665,AM196,GeorgeJoss,Male,2007-07-29,00:01:50,-24.59106,26.58373
1309080666,AM196,GeorgeJoss,Male,2007-07-27,14:01:50,-24.59097,26.58363
1309080667,AM196,GeorgeJoss,Male,2007-07-26,20:01:19,-24.59102,26.58369
1309080668,AM196,GeorgeJoss,Male,2007-07-29,22:00:56,-24.59098,26.58352
1309080669,AM196,GeorgeJoss,Male,2007-07,09:05:49,-24.59103,26.58355
1309080670,AM196,GeorgeJoss,Male,2007-07-27,19:01:13,-24.59106,26.5837
1309080671,AM196,GeorgeJoss,Male,2007-07-25,00:01:49,-24.59102,26.58368
1309080672,AM196,GeorgeJoss,Male,2007-07-27,21:00:49,-24.59151,26.58423
1309080673,AM196,GeorgeJoss,Male,2007-07-27,00:01:19,-24.59094,26.58354
1309080674,AM196,GeorgeJoss,Male,2007-07-27,20:00:57,-24.59098,26.58364
1309080675,AM196,GeorgeJoss,Male,2007-07-29,23:01:14,-24.59088,26.58306
1309080676,AM196,GeorgeJoss,Male,2007-07,20:00:38,-24.59103,26.58379
1309080677,AM196,GeorgeJoss,Male,2007-07,00:01:20,-24.59113,26.58391
1309080678,AM196,GeorgeJoss,Male,2007-07-28,21:00:57,-24.5911,26.58368
1309080679,AM196,GeorgeJoss,Male,2007-07,21:00:49,-24.59086,26.58373
1309080680,AM196,GeorgeJoss,Male,2007-07-29,04:01:19,-24.59103,26.58366
1309080681,AM257,First Lady,Female,2007-07-29,04:02:37,-23.79174,27.41384
1309080682,AM196,GeorgeJoss,Male,2007-07-28,19:01:19,-24.591,26.5837
1309080683,AM196,GeorgeJoss,Male,2007-07-28,20:00:32,-24.59102,26.58363
1309080684,AM196,GeorgeJoss,Male,2007-07-29,20:00:50,-24.5909,26.58348
1309080685,AM196,GeorgeJoss,Male,2007-07-30,19:01:19,-24.59102,26.58367
1309080686,AM196,GeorgeJoss,Male,2007-07-27,09:02:45,-24.59099,26.58331
1309080687,AM196,GeorgeJoss,Male,2007-07-30,14:10:13,-24.591,26.58358
1309080688,AM196,GeorgeJoss,Male,2007-07-30,09:05:14,-24.59103,26.58357
1309080690,AM196,GeorgeJoss,Male,2007-07-29,14:02:44,-24.59095,26.58358
1309080691,AM196,GeorgeJoss,Male,2007-07-30,23:00:44,-24.59103,26.5836
1309080692,AM257,First Lady,Female,2007-07-30,16:01:19,-23.78685,27.40536
1309080694,AM196,GeorgeJoss,Male,2007-07-29,19:00:50,-24.59104,26.58368
1309080695,AM196,GeorgeJoss,Male,2007-07-28,00:01:08,-24.59087,26.58347
1309080696,AM196,GeorgeJoss,Male,2007-07-30,04:01:19,-24.59108,26.5838
1309080699,AM196,GeorgeJoss,Male,2007-07-29,21:01:02,-24.59103,26.58372
1309080700,AM196,GeorgeJoss,Male,2007-07,14:01:19,-24.59086,26.58365
1309080701,AM196,GeorgeJoss,Male,2007-07-30,21:00:49,-24.59103,26.58368
1309080704,AM196,GeorgeJoss,Male,2007-07-30,22:00:44,-24.59105,26.58355
1309080709,AM196,GeorgeJoss,Male,2007-07,04:01:19,-24.59093,26.58367
1309080710,AM196,GeorgeJoss,Male,2007-07-29,09:01:49,-24.59103,26.58371
1309080711,AM196,GeorgeJoss,Male,2007-07,19:01:19,-24.59097,26.58369
1309080712,AM196,GeorgeJoss,Male,2007-07,23:01:27,-24.59101,26.58366
1309080719,AM224,Trekker,Male,2007-07,18:02:48,-24.587,27.20945
1309080723,AM196,GeorgeJoss,Male,2007-07-30,20:00:34,-24.59105,26.58366
1309080736,AM196,GeorgeJoss,Male,2007-07,22:00:40,-24.59105,26.58371
1309080689,AM196,GeorgeJoss,Male,2007-08-01,19:01:19,-24.59097,26.58369
1309080693,AM196,GeorgeJoss,Male,2007-08-02,15:01:19,-24.59096,26.58369
1309080697,AM196,GeorgeJoss,Male,2007-08-01,14:04:45,-24.59096,26.5837
1309080698,AM196,GeorgeJoss,Male,2007-08-01,00:00:49,-24.591,26.58364
1309080702,AM196,GeorgeJoss,Male,2007-08-01,04:00:51,-24.59093,26.5837
1309080703,AM196,GeorgeJoss,Male,2007-08-03,22:01:44,-24.591,26.58373
1309080705,AM257,First Lady,Female,2007-08-02,04:01:19,-23.58052,27.30021
1309080706,AM196,GeorgeJoss,Male,2007-08-03,00:00:49,-24.59092,26.58373
1309080707,AM196,GeorgeJoss,Male,2007-08-02,22:00:57,-24.591,26.58373
1309080708,AM196,GeorgeJoss,Male,2007-08-02,21:01:09,-24.5911,26.58363
1309080713,AM196,GeorgeJoss,Male,2007-08-02,01:01:49,-24.59144,26.58359
1309080714,AM196,GeorgeJoss,Male,2007-08-01,20:02:28,-24.59104,26.58357
1309080715,AM196,GeorgeJoss,Male,2007-08-01,09:01:50,-24.59106,26.5837
1309080716,AM196,GeorgeJoss,Male,2007-08-04,09:01:19,-24.59109,26.58363
1309080717,AM196,GeorgeJoss,Male,2007-08-04,22:01:23,-24.59101,26.58366
1309080718,AM196,GeorgeJoss,Male,2007-08-03,14:10:43,-24.5907,26.58351
1309080720,AM224,Trekker,Male,2007-08-03,06:02:31,-24.62055,27.21262
1309080721,AM196,GeorgeJoss,Male,2007-08-04,04:01:20,-24.59099,26.58367
1309080722,AM196,GeorgeJoss,Male,2007-08-02,20:01:19,-24.59103,26.58372
1309080724,AM257,First Lady,Female,2007-08-01,04:03:22,-23.64821,27.33957
1309080725,AM196,GeorgeJoss,Male,2007-08-02,10:01:49,-24.59108,26.58362
1309080726,AM196,GeorgeJoss,Male,2007-08-04,14:01:51,-24.59095,26.58373
1309080727,AM196,GeorgeJoss,Male,2007-08-03,09:01:19,-24.59081,26.58377
1309080728,AM196,GeorgeJoss,Male,2007-08-04,00:00:26,-24.59094,26.58373
1309080729,AM224,Trekker,Male,2007-08-04,00:03:35,-24.62107,27.21216
1309080730,AM257,First Lady,Female,2007-08-04,04:03:13,-23.54312,27.18817
1309080731,AM196,GeorgeJoss,Male,2007-08-05,00:01:07,-24.59099,26.58379
1309080732,AM196,GeorgeJoss,Male,2007-08-06,00:00:27,-24.59095,26.58367
1309080733,AM196,GeorgeJoss,Male,2007-08-04,21:00:39,-24.59107,26.58371
1309080734,AM257,First Lady,Female,2007-08-04,16:02:08,-23.54783,27.17727
1309080735,AM196,GeorgeJoss,Male,2007-08-03,04:01:13,-24.59095,26.5837
1309080737,AM196,GeorgeJoss,Male,2007-08-03,23:00:45,-24.59092,26.58392
1309080738,AM196,GeorgeJoss,Male,2007-08-04,19:01:20,-24.59094,26.58368
1309080739,AM196,GeorgeJoss,Male,2007-08-02,05:01:19,-24.59098,26.58364
1309080740,AM196,GeorgeJoss,Male,2007-08-03,19:01:19,-24.591,26.58369
1309080741,AM196,GeorgeJoss,Male,2007-08-03,20:00:58,-24.59093,26.5837
1309080742,AM196,GeorgeJoss,Male,2007-08-06,23:00:38,-24.59103,26.58375
1309080743,AM196,GeorgeJoss,Male,2007-08-05,21:00:50,-24.59101,26.58369
1309080744,AM257,First Lady,Female,2007-08-07,04:03:30,-23.58689,27.24083
1309080745,AM196,GeorgeJoss,Male,2007-08-06,22:00:58,-24.59086,26.58374
1309080746,AM196,GeorgeJoss,Male,2007-08-05,09:01:20,-24.59115,26.5836
1309080747,AM196,GeorgeJoss,Male,2007-08-06,14:01:49,-24.59093,26.58373
1309080748,AM196,GeorgeJoss,Male,2007-08-02,23:01:15,-24.59103,26.58375
1309080749,AM224,Trekker,Male,2007-08-03,18:01:50,-24.6213,27.2118
1309080750,AM196,GeorgeJoss,Male,2007-08-06,20:01:20,-24.59094,26.58375
1309080751,AM196,GeorgeJoss,Male,2007-08-05,04:01:19,-24.59094,26.58363
1309080752,AM196,GeorgeJoss,Male,2007-08-06,04:01:19,-24.59091,26.58364
1309080753,AM196,GeorgeJoss,Male,2007-08-07,09:01:19,-24.59117,26.58355
1309080754,AM196,GeorgeJoss,Male,2007-08-05,20:01:26,-24.59101,26.58369
1309080755,AM196,GeorgeJoss,Male,2007-08-06,09:01:20,-24.59097,26.58371
1309080756,AM196,GeorgeJoss,Male,2007-08-05,23:01:19,-24.59101,26.58376
1309080757,AM196,GeorgeJoss,Male,2007-08-07,04:01:20,-24.59098,26.58369
1309080758,AM196,GeorgeJoss,Male,2007-08-04,20:01:19,-24.59105,26.58383
1309080759,AM196,GeorgeJoss,Male,2007-08-06,19:09:49,-24.59099,26.58366
1309080760,AM196,GeorgeJoss,Male,2007-08-07,00:01:08,-24.59098,26.58377
1309080761,AM196,GeorgeJoss,Male,2007-08-03,21:00:50,-24.59105,26.5837
1309080762,AM257,First Lady,Female,2007-08-17,04:03:13,-23.83779,27.36276
1309080763,AM224,Trekker,Male,2007-08-12,06:01:19,-24.65223,27.22853
1309080764,AM196,GeorgeJoss,Male,2007-08-05,14:02:08,-24.59097,26.58367
1309080765,AM196,GeorgeJoss,Male,2007-08-05,22:01:02,-24.59122,26.58363
1309080766,AM196,GeorgeJoss,Male,2007-08-05,19:07:40,-24.59095,26.58368
1309080767,AM257,First Lady,Female,2007-08-23,16:02:44,-23.85622,27.25142
1309080768,AM224,Trekker,Male,2007-08-06,18:03:09,-24.77291,27.28447
1309080769,AM257,First Lady,Female,2007-08-16,16:03:18,-23.83839,27.36246
1309080770,AM257,First Lady,Female,2007-08-22,16:02:52,-23.8008,27.3206
1309080771,AM257,First Lady,Female,2007-08-31,04:03:24,-23.94466,27.13884
1309080772,AM196,GeorgeJoss,Male,2007-08-04,23:00:47,-24.59162,26.58338
1309080773,AM257,First Lady,Female,2007-08-25,16:03:26,-23.89283,27.21756
1309080774,AM224,Trekker,Male,2007-08-29,12:02:30,-24.77706,27.17427
1309080775,AM196,GeorgeJoss,Male,2007-08-06,21:00:38,-24.5911,26.58368
1309080776,AM257,First Lady,Female,2007-08-08,16:03:19,-23.59477,27.25565
1309080777,AM224,Trekker,Male,2007-08-21,12:02:49,-24.64188,27.12637
1309080778,AM257,First Lady,Female,2007-08-31,16:03:11,-23.93563,27.15464
1309080779,AM224,Trekker,Male,2007-08-13,18:02:13,-24.62993,27.21349
1309080780,AM257,First Lady,Female,2007-08,04:01:49,-23.93571,27.21591
1309080781,AM224,Trekker,Male,2007-08-31,18:01:19,-24.75336,27.08346
1309080783,AM257,First Lady,Female,2007-08-06,16:01:13,-23.5842,27.23277
1309080784,AM257,First Lady,Female,2007-08-25,04:03:26,-23.87912,27.20384
1309080785,AM224,Trekker,Male,2007-08-19,18:02:11,-24.701,27.09243
1309080786,AM224,Trekker,Male,2007-08-18,18:01:44,-24.70121,27.11153
1309080787,AM257,First Lady,Female,2007-08-12,16:02:16,-23.61445,27.38431
1309080789,AM257,First Lady,Female,2007-08-17,16:01:59,-23.83869,27.36283
1309080792,AM257,First Lady,Female,2007-08-13,04:03:14,-23.70681,27.39455
1309080794,AM257,First Lady,Female,2007-08-09,04:03:29,-23.59464,27.25552
1309080798,AM257,First Lady,Female,2007-08-30,04:03:19,-23.99924,27.14466
1309080803,AM257,First Lady,Female,2007-08-24,16:02:20,-23.86143,27.24376
1309080805,AM257,First Lady,Female,2007-08-15,04:01:50,-23.76796,27.377
1309080823,AM257,First Lady,Female,2007-08-30,16:02:49,-24.00122,27.10697
1309080782,AM257,First Lady,Female,2007-09-01,16:01:29,-23.89318,27.19785
1309080788,AM257,First Lady,Female,2007-09-04,04:02:14,-23.89198,27.25185
1309080790,AM224,Trekker,Male,2007-09-03,00:01:51,-24.73873,27.31469
1309080791,AM257,First Lady,Female,2007-09-06,04:02:13,-23.89464,27.26742
1309080793,AM257,First Lady,Female,2007-09-12,04:01:20,-23.87565,27.37501
1309080795,AM257,First Lady,Female,2007-09-13,16:01:43,-23.79479,27.41964
1309080796,AM257,First Lady,Female,2007-09-10,04:02:54,-23.90584,27.30064
1309080797,AS68,CBU,Male,2007-09-17,00:00:49,-24.35903,26.82426
1309080799,AS68,CBU,Male,2007-09-17,12:03:19,-24.35529,26.84712
1309080800,AM257,First Lady,Female,2007-09-14,16:01:43,-23.7931,27.40631
1309080801,AM257,First Lady,Female,2007-09-02,04:01:51,-23.88126,27.20881
1309080802,AM257,First Lady,Female,2007-09-07,04:01:37,-23.85475,27.24601
1309080804,AS68,CBU,Male,2007-09-16,00:01:20,-24.36857,26.81981
1309080806,AS68,CBU,Male,2007-09-16,12:01:19,-24.37857,26.82126
1309080807,AM257,First Lady,Female,2007-09-17,16:01:44,-23.78474,27.51131
1309080808,AM257,First Lady,Female,2007-09-04,16:00:51,-23.89326,27.25136
1309080809,AS68,CBU,Male,2007-09-15,12:01:19,-24.38151,26.80459
1309080810,AM224,Trekker,Male,2007-09-01,06:03:06,-24.76488,27.1627
1309080811,AS68,CBU,Male,2007-09-20,00:01:37,-24.3766,26.81738
1309080812,AM257,First Lady,Female,2007-09-08,16:03:13,-23.86189,27.27596
1309080813,10000037,Eloise,Female,2007-09-20,03:24:54 AM,-24.13894,27.33127
1309080814,AM257,First Lady,Female,2007-09-03,04:01:19,-23.87826,27.23536
1309080815,AM224,Trekker,Male,2007-09-02,00:03:27,-24.7613,27.253
1309080816,AM257,First Lady,Female,2007-09-05,04:02:38,-23.89322,27.25135
1309080817,AS68,CBU,Male,2007-09-21,12:00:50,-24.37983,26.82071
1309080818,AS68,CBU,Male,2007-09-18,12:00:49,-24.38407,26.81637
1309080819,AS68,CBU,Male,2007-09-23,00:01:07,-24.39282,26.84702
1309080820,AM257,First Lady,Female,2007-09-25,16:02:20,-23.81933,27.28167
1309080821,AM257,First Lady,Female,2007-09-13,04:03:29,-23.79561,27.41934
1309080822,AM257,First Lady,Female,2007-09-23,16:01:19,-23.79473,27.35353
1309080824,AS68,CBU,Male,2007-09-22,12:01:19,-24.36512,26.8279
1309080825,AS68,CBU,Male,2007-09-23,12:01:50,-24.38645,26.81649
1309080826,10000037,Eloise,Female,2007-09-21,07:24:40 PM,-24.14609,27.41313
1309080827,AM257,First Lady,Female,2007-09-12,16:02:37,-23.83013,27.40733
1309080828,AS68,CBU,Male,2007-09-19,12:01:19,-24.36502,26.81479
1309080829,10000037,Eloise,Female,2007-09-24,07:24:46 AM,-24.13334,27.35274
1309080830,AM257,First Lady,Female,2007-09-02,16:01:19,-23.88173,27.21828
1309080831,10000037,Eloise,Female,2007-09-25,03:25:10 AM,-24.13824,27.33436
1309080832,AM224,Trekker,Male,2007-09-21,06:02:49,-24.61823,27.12232
1309080833,AS68,CBU,Male,2007-09-24,12:00:50,-24.41538,26.78361
1309080834,AS68,CBU,Male,2007-09-25,00:00:49,-24.41167,26.73528
1309080835,AM257,First Lady,Female,2007-09-16,16:03:11,-23.7688,27.4938
1309080836,10000037,Eloise,Female,2007-09-22,03:24:36 PM,-24.14612,27.41311
1309080837,AS68,CBU,Male,2007-09-22,00:01:19,-24.35563,26.82831
1309080838,10000037,Eloise,Female,2007-09-20,23:24:59,-24.14609,27.41285
1309080839,AM257,First Lady,Female,2007-09-19,16:01:19,-23.79076,27.46008
1309080840,AM257,First Lady,Female,2007-09-20,16:03:25,-23.74247,27.43993
1309080841,AS68,CBU,Male,2007-09-27,00:01:39,-24.36764,26.82104
1309080842,10000037,Eloise,Female,2007-09-27,03:24:45 PM,-24.09176,27.35424
1309080843,AS68,CBU,Male,2007-09-19,00:01:38,-24.37632,26.82001
1309080844,AS68,CBU,Male,2007-09-28,00:01:37,-24.31574,26.77701
1309080845,10000037,Eloise,Female,2007-09-27,03:24:45 PM,-24.09176,27.35424
1309080846,AM257,First Lady,Female,2007-09-24,16:00:50,-23.79111,27.34778
1309080847,AS68,CBU,Male,2007-09-18,00:01:14,-24.36147,26.81913
1309080848,AS68,CBU,Male,2007-09-27,12:01:13,-24.31115,26.77891
1309080849,10000037,Eloise,Female,2007-09-27,03:24:45 PM,-24.09176,27.35424
1309080850,AS68,CBU,Male,2007-09-28,12:01:19,-24.37064,26.82214
1309080851,AS68,CBU,Male,2007-09-24,00:00:49,-24.38792,26.81677
1309080852,AS68,CBU,Male,2007-09-26,12:01:19,-24.37932,26.8212
1309080853,AM257,First Lady,Female,2007-09-29,16:03:19,-23.9238,27.21005
1309080855,AM257,First Lady,Female,2007-09-30,16:03:26,-23.93651,27.21017
1309080856,AS68,CBU,Male,2007-09-20,12:00:49,-24.40284,26.80391
1309080857,AM257,First Lady,Female,2007-09-30,04:03:30,-23.92671,27.20893
1309080859,10000037,Eloise,Female,2007-09-26,07:25:20 PM,-24.10308,27.3391
1309080860,AM257,First Lady,Female,2007-09-24,04:01:19,-23.79656,27.35005
1309080861,10000037,Eloise,Female,2007-09-27,03:24:45 PM,-24.09176,27.35424
1309080863,10000037,Eloise,Female,2007-09-25,23:24:46,-24.1246,27.34563
1309080864,AS68,CBU,Male,2007-09-29,00:00:50,-24.37061,26.82192
1309080866,AS68,CBU,Male,2007-09-21,00:01:19,-24.38906,26.80916
1309080869,AS68,CBU,Male,2007-09-30,12:00:50,-24.40759,26.79581
1309080870,10000037,Eloise,Female,2007-09-27,03:24:45 PM,-24.09176,27.35424
1309080872,10000037,Eloise,Female,2007-09-23,11:25:03 AM,-24.13795,27.38581
1309080880,AS68,CBU,Male,2007-09-25,12:00:50,-24.40874,26.77421
1309080881,AS68,CBU,Male,2007-09-29,12:01:19,-24.37614,26.81848
1309080886,AS68,CBU,Male,2007-09-30,00:01:20,-24.36344,26.82001
1309080887,AS68,CBU,Male,2007-09-26,00:00:49,-24.381,26.80772
1309080892,AM257,First Lady,Female,2007-09-28,16:03:07,-23.90595,27.25857
1309080854,10000037,Eloise,Female,2007-10-01,07:25:15 PM,-24.07371,27.38653
1309080858,AS68,CBU,Male,2007-10-02,00:00:50,-24.42699,26.77152
1309080862,AM257,First Lady,Female,2007-10-02,16:01:50,-24.00186,27.24093
1309080865,AS68,CBU,Male,2007-10-06,12:01:19,-24.38117,26.82017
1309080867,AS68,CBU,Male,2007-10-07,00:02:19,-24.38366,26.81574
1309080868,AS68,CBU,Male,2007-10-03,12:01:49,-24.42355,26.78755
1309080871,AM257,First Lady,Female,2007-10-04,16:01:50,-23.91444,27.30123
1309080873,AS68,CBU,Male,2007-10-06,00:00:49,-24.37926,26.82003
1309080874,AS68,CBU,Male,2007-10-07,12:01:13,-24.3863,26.81412
1309080875,AS68,CBU,Male,2007-10-04,00:00:49,-24.40417,26.80569
1309080876,10000037,Eloise,Female,2007-10-02,03:25:15 PM,-24.07587,27.38416
1309080877,AM257,First Lady,Female,2007-10-03,16:02:49,-23.95897,27.28772
1309080878,10000037,Eloise,Female,2007-10-04,07:25:10 AM,-24.13039,27.39613
1309080879,AM257,First Lady,Female,2007-10-06,16:01:19,-23.90138,27.29901
1309080882,AS68,CBU,Male,2007-10-01,12:01:25,-24.42799,26.76844
1309080883,AS68,CBU,Male,2007-10-05,00:01:13,-24.36557,26.82072
1309080884,10000037,Eloise,Female,2007-10-03,11:25:04 AM,-24.13034,27.39623
1309080885,10000037,Eloise,Female,2007-10-06,07:25:16 PM,-24.18983,27.3344
1309080888,AM257,First Lady,Female,2007-10-04,04:03:25,-23.92212,27.28978
1309080889,10000037,Eloise,Female,2007-10-05,23:25:10,-24.18992,27.3343
1309080890,AS68,CBU,Male,2007-10-08,00:00:50,-24.36309,26.8209
1309080891,AS68,CBU,Male,2007-10-13,12:02:38,-24.40074,26.80069
1309080893,AS68,CBU,Male,2007-10-09,12:01:19,-24.3751,26.77796
1309080894,AS68,CBU,Male,2007-10-01,00:00:49,-24.41812,26.76459
1309080895,10000037,Eloise,Female,2007-10-07,03:25:10 PM,-24.23031,27.3634
1309080896,AM224,Trekker,Male,2007-10-10,12:01:07,-24.71869,27.29537
1309080897,AS68,CBU,Male,2007-10-03,00:00:50,-24.45531,26.76542
1309080898,10000037,Eloise,Female,2007-10-14,07:24:53 AM,-24.21404,27.3928
1309080899,AS68,CBU,Male,2007-10-09,00:00:49,-24.41572,26.77954
1309080900,AS68,CBU,Male,2007-10-10,12:01:25,-24.38913,26.79412
1309080901,AM257,First Lady,Female,2007-10-09,16:03:18,-23.85299,27.26243
1309080902,AS68,CBU,Male,2007-10-15,00:00:49,-24.41393,26.67678
1309080903,AS68,CBU,Male,2007-10-02,12:00:49,-24.45503,26.7657
1309080904,10000037,Eloise,Female,2007-10-05,03:25:09 AM,-24.15121,27.38088
1309080905,10000037,Eloise,Female,2007-10-10,03:25:16 AM,-24.28767,27.40566
1309080906,AM257,First Lady,Female,2007-10-08,04:03:19,-23.86502,27.24184
1309080907,10000037,Eloise,Female,2007-10-08,11:25:40 AM,-24.24451,27.3435
1309080908,AS68,CBU,Male,2007-10-13,00:00:49,-24.38261,26.81689
1309080909,AS68,CBU,Male,2007-10-10,00:00:49,-24.37521,26.7784
1309080910,AS68,CBU,Male,2007-10-04,12:02:16,-24.39397,26.81662
1309080911,AM257,First Lady,Female,2007-10-11,04:03:17,-23.87628,27.23644
1309080912,AS68,CBU,Male,2007-10-12,12:00:50,-24.37988,26.82142
1309080913,AM257,First Lady,Female,2007-10-05,04:03:20,-23.91434,27.30115
1309080914,10000037,Eloise,Female,2007-10-15,23:25:46,-24.21736,27.38637
1309080915,AM257,First Lady,Female,2007-10-06,04:03:30,-23.91362,27.29762
1309080916,10000037,Eloise,Female,2007-10-11,07:25:39 PM,-24.16352,27.46054
1309080917,AS68,CBU,Male,2007-10-18,12:01:19,-24.377,26.81788
1309080918,AM224,Trekker,Male,2007-10-07,12:02:37,-24.69794,27.24257
1309080919,AS68,CBU,Male,2007-10-16,00:00:50,-24.41109,26.62569
1309080920,AS68,CBU,Male,2007-10-08,12:01:50,-24.39691,26.80165
1309080921,10000037,Eloise,Female,2007-10-10,23:25:51,-24.21268,27.4585
1309080922,AS68,CBU,Male,2007-10-11,12:01:19,-24.37924,26.82121
1309080923,10000037,Eloise,Female,2007-10-19,07:24:58 AM,-24.2422,27.38725
1309080924,AS68,CBU,Male,2007-10-14,12:01:14,-24.42424,26.69846
1309080925,10000037,Eloise,Female,2007-10-17,03:25:45 PM,-24.17928,27.3129
1309080926,AS68,CBU,Male,2007-10-26,12:02:13,-24.35449,26.80253
1309080927,10000037,Eloise,Female,2007-10-13,11:25:16 AM,-24.16559,27.43445
1309080928,AS68,CBU,Male,2007-10-18,00:00:49,-24.38098,26.80796
1309080929,AS68,CBU,Male,2007-10-15,12:02:49,-24.40008,26.65044
1309080930,10000037,Eloise,Female,2007-10-15,03:25:16 AM,-24.21784,27.38802
1309080931,AS68,CBU,Male,2007-10-05,12:03:20,-24.36126,26.81855
1309080932,AS68,CBU,Male,2007-10-16,12:02:07,-24.40878,26.61678
1309080933,AM257,First Lady,Female,2007-10-15,04:02:21,-23.95461,27.14852
1309080934,AS68,CBU,Male,2007-10-12,00:01:14,-24.37098,26.81824
1309080935,10000037,Eloise,Female,2007-10-09,07:25:01 AM,-24.26743,27.38383
1309080936,AM224,Trekker,Male,2007-10-11,06:01:07,-24.72743,27.3017
1309080937,10000037,Eloise,Female,2007-10-26,07:26:25 PM,-24.11839,27.30139
1309080938,AS68,CBU,Male,2007-10-17,00:00:50,-24.40688,26.63267
1309080939,AS68,CBU,Male,2007-10-19,12:02:14,-24.37587,26.8264
1309080940,AM224,Trekker,Male,2007-10-16,06:02:40,-24.7203,27.29308
1309080941,10000037,Eloise,Female,2007-10-25,23:25:46,-24.14883,27.32691
1309080942,10000037,Eloise,Female,2007-10-29,07:26:04 AM,-24.08698,27.3734
1309080943,10000037,Eloise,Female,2007-10-20,03:25:40 AM,-24.25694,27.38975
1309080944,10000037,Eloise,Female,2007-10-12,03:25:16 PM,-24.16467,27.44827
1309080945,10000037,Eloise,Female,2007-10-23,11:26:04 AM,-24.23108,27.40037
1309080946,AS68,CBU,Male,2007-10-25,00:01:13,-24.3718,26.81485
1309080947,AS68,CBU,Male,2007-10-14,00:01:08,-24.41427,26.74066
1309080948,10000037,Eloise,Female,2007-10-16,07:26:03 PM,-24.18752,27.33914
1309080949,10000037,Eloise,Female,2007-10-20,23:25:40,-24.1852,27.39041
1309080950,AS68,CBU,Male,2007-10-21,00:01:13,-24.36289,26.82076
1309080951,10000037,Eloise,Female,2007-10-27,03:25:46 PM,-24.09035,27.28808
1309080952,AM224,Trekker,Male,2007-10-13,18:01:49,-24.7379,27.26348
1309080953,AS68,CBU,Male,2007-10-27,00:03:24,-24.36169,26.81989
1309080954,AS68,CBU,Male,2007-10-28,00:01:19,-24.3854,26.81766
1309080955,AS68,CBU,Male,2007-10-24,12:01:37,-24.39248,26.80744
1309080956,AS68,CBU,Male,2007-10-11,00:00:50,-24.38171,26.81903
1309080957,AS68,CBU,Male,2007-10-28,12:00:50,-24.38555,26.81544
1309080958,10000037,Eloise,Female,2007-10-21,07:25:45 PM,-24.22904,27.40129
1309080959,AS68,CBU,Male,2007-10-17,12:02:43,-24.43522,26.70898
1309080960,AS68,CBU,Male,2007-10-31,12:01:19,-24.38402,26.81631
1309080961,AS68,CBU,Male,2007-10-29,12:01:14,-24.39812,26.80319
1309080963,10000037,Eloise,Female,2007-10-31,07:26:34 PM,-24.16997,27.42001
1309080964,AS68,CBU,Male,2007-10-23,00:01:20,-24.35953,26.82398
1309080965,AS68,CBU,Male,2007-10-26,00:00:49,-24.34734,26.8666
1309080966,AS68,CBU,Male,2007-10-21,12:02:14,-24.38385,26.81807
1309080967,10000037,Eloise,Female,2007-10-28,11:26:09 AM,-24.07463,27.38257
1309080968,AS68,CBU,Male,2007-10-25,12:00:50,-24.36372,26.82573
1309080969,10000037,Eloise,Female,2007-10-24,07:26:10 AM,-24.20323,27.43173
1309080970,AS68,CBU,Male,2007-10-23,12:01:19,-24.38353,26.81716
1309080972,AS68,CBU,Male,2007-10-19,00:00:49,-24.3631,26.82425
1309080974,AS68,CBU,Male,2007-10-29,00:03:34,-24.39097,26.80885
1309080975,10000037,Eloise,Female,2007-10-18,11:26:06 AM,-24.22267,27.36941
1309080977,AS68,CBU,Male,2007-10-27,12:01:19,-24.37955,26.82113
1309080978,AS68,CBU,Male,2007-10-20,00:00:49,-24.37684,26.82058
1309080979,AS68,CBU,Male,2007-10-30,12:01:19,-24.39891,26.80435
1309080981,AS68,CBU,Male,2007-10-31,00:01:13,-24.38462,26.81518
1309080982,AS68,CBU,Male,2007-10-22,00:02:37,-24.37641,26.82609
1309080986,10000037,Eloise,Female,2007-10-30,23:26:16,-24.1475,27.36864
1309080987,10000037,Eloise,Female,2007-10-22,03:25:46 PM,-24.22947,27.40099
1309080989,AS68,CBU,Male,2007-10-24,00:00:50,-24.38416,26.81679
1309080993,AS68,CBU,Male,2007-10-30,00:00:50,-24.39683,26.80518
1309080994,10000037,Eloise,Female,2007-10-30,03:26:16 AM,-24.11724,27.36636
1309080996,10000037,Eloise,Female,2007-10-25,03:26:15 AM,-24.24744,27.41184
1309080999,AS68,CBU,Male,2007-10-20,12:01:20,-24.38372,26.81814
1309081008,AS68,CBU,Male,2007-10-22,12:03:14,-24.3568,26.82828
1309080962,AS68,CBU,Male,2007-11-02,12:02:50,-24.38349,26.8175
1309080971,10000037,Eloise,Female,2007-11-07,11:26:15 AM,-24.19708,27.45173
1309080973,AS68,CBU,Male,2007-11-03,12:01:19,-24.37242,26.82233
1309080976,AS68,CBU,Male,2007-11-03,00:01:20,-24.37368,26.82145
1309080980,AS68,CBU,Male,2007-11-01,00:00:50,-24.37888,26.82158
1309080983,AS68,CBU,Male,2007-11-01,12:00:51,-24.39215,26.80866
1309080984,10000037,Eloise,Female,2007-11-05,07:26:16 PM,-24.25642,27.44852
1309080985,10000037,Eloise,Female,2007-11-14,23:26:40,-24.27889,27.43272
1309080988,10000037,Eloise,Female,2007-11-18,07:26:19 AM,-24.23426,27.42304
1309080990,10000037,Eloise,Female,2007-11-11,03:26:59 PM,-24.27759,27.45243
1309080991,10000037,Eloise,Female,2007-11-01,03:26:32 PM,-24.19252,27.43509
1309080992,10000037,Eloise,Female,2007-11-06,03:25:58 PM,-24.23935,27.45698
1309080995,10000037,Eloise,Female,2007-11-03,07:26:14 AM,-24.23951,27.45448
1309080997,10000037,Eloise,Female,2007-11-20,07:27:16 PM,-24.18469,27.44145
1309080998,AM257,First Lady,Female,2007-11-15,16:02:40,-23.97033,27.3322
1309081000,10000037,Eloise,Female,2007-11-16,03:26:40 PM,-24.2735,27.42698
1309081001,10000037,Eloise,Female,2007-11-09,23:26:55,-24.25261,27.40958
1309081002,10000037,Eloise,Female,2007-11-09,03:26:53 AM,-24.24294,27.42896
1309081003,10000037,Eloise,Female,2007-11-02,11:26:16 AM,-24.21085,27.44669
1309081004,AS68,CBU,Male,2007-11-05,12:01:20,-24.45219,26.82574
1309081005,10000037,Eloise,Female,2007-11-12,11:26:40 AM,-24.27654,27.44877
1309081006,10000037,Eloise,Female,2007-11-13,07:25:52 AM,-24.28004,27.43176
1309081007,AS68,CBU,Male,2007-11-18,12:01:50,-24.39092,26.809
1309081009,AS68,CBU,Male,2007-11-19,00:01:20,-24.36226,26.82257
1309081010,10000037,Eloise,Female,2007-11-08,07:26:52 AM,-24.20307,27.44566
1309081011,10000037,Eloise,Female,2007-11-04,03:26:09 AM,-24.25048,27.47439
1309081012,AS68,CBU,Male,2007-11-22,00:00:50,-24.36068,26.82003
1309081013,AS68,CBU,Male,2007-11-04,12:00:50,-24.48371,26.8144
1309081014,10000037,Eloise,Female,2007-11-24,23:26:46,-24.14257,27.34408
1309081015,AS68,CBU,Male,2007-11-26,00:01:19,-24.38766,26.81057
1309081016,10000037,Eloise,Female,2007-11-15,07:26:39 PM,-24.2737,27.42838
1309081017,10000037,Eloise,Female,2007-11-19,03:27:14 AM,-24.18668,27.44204
1309081018,AS68,CBU,Male,2007-11-21,12:01:19,-24.40466,26.8066
1309081019,AS68,CBU,Male,2007-11-05,00:00:50,-24.44778,26.82253
1309081020,AS68,CBU,Male,2007-11-27,12:01:13,-24.38532,26.81708
1309081021,AS68,CBU,Male,2007-11-02,00:01:20,-24.37663,26.81699
1309081022,10000037,Eloise,Female,2007-11-10,07:26:16 PM,-24.27549,27.43579
1309081023,10000037,Eloise,Female,2007-11-04,23:26:43,-24.26278,27.4738
1309081024,AS68,CBU,Male,2007-11-27,00:00:50,-24.38248,26.81987
1309081025,AS68,CBU,Male,2007-11-24,12:01:49,-24.38317,26.81824
1309081026,AS68,CBU,Male,2007-11-23,00:01:07,-24.36345,26.82119
1309081027,10000037,Eloise,Female,2007-11-21,03:27:20 PM,-24.13253,27.41652
1309081028,10000037,Eloise,Female,2007-11-23,07:27:10 AM,-24.11298,27.40172
1309081029,AS68,CBU,Male,2007-11-18,00:01:08,-24.38134,26.81905
1309081030,AS68,CBU,Male,2007-11-21,00:00:49,-24.45664,26.8339
1309081031,AS68,CBU,Male,2007-11-22,12:00:49,-24.34857,26.82225
1309081032,10000037,Eloise,Female,2007-11-26,03:27:10 PM,-24.12664,27.32188
1309081033,AS68,CBU,Male,2007-11-04,00:01:08,-24.40829,26.84245
1309081034,10000037,Eloise,Female,2007-11-14,03:26:07 AM,-24.28832,27.4296
1309081035,10000037,Eloise,Female,2007-11-27,11:27:04 AM,-24.08746,27.33183
1309081037,AS68,CBU,Male,2007-11-20,12:01:19,-24.47269,26.82476
1309081038,10000037,Eloise,Female,2007-11-24,03:27:16 AM,-24.12608,27.39048
1309081039,AS68,CBU,Male,2007-11-19,12:00:55,-24.38355,26.82827
1309081042,AS68,CBU,Male,2007-11-25,00:01:07,-24.34237,26.80743
1309081043,AS68,CBU,Male,2007-11-28,00:01:20,-24.36413,26.82405
1309081045,AS68,CBU,Male,2007-11-23,12:01:19,-24.38582,26.81569
1309081046,AS68,CBU,Male,2007-11-20,00:00:50,-24.44646,26.83747
1309081047,10000037,Eloise,Female,2007-11-17,11:26:46 AM,-24.2454,27.414
1309081049,10000037,Eloise,Female,2007-11-19,23:27:17,-24.18804,27.43513
1309081051,AS68,CBU,Male,2007-11-29,00:02:13,-24.38561,26.82783
1309081053,10000037,Eloise,Female,2007-11-25,07:26:46 PM,-24.1284,27.34172
1309081055,AS68,CBU,Male,2007-11-26,12:03:20,-24.38587,26.81534
1309081056,10000037,Eloise,Female,2007-11-22,11:27:58 AM,-24.11988,27.4118
1309081058,AS68,CBU,Male,2007-11-28,12:00:49,-24.37858,26.83087
1309081059,10000037,Eloise,Female,2007-11-30,07:27:16 PM,-24.1294,27.3492
1309081062,10000037,Eloise,Female,2007-11-28,07:27:04 AM,-24.0813,27.33957
1309081066,10000037,Eloise,Female,2007-11-29,03:26:13 AM,-24.05502,27.36305
1309081068,10000037,Eloise,Female,2007-11-29,23:27:38,-24.08305,27.36995
1309081073,AS68,CBU,Male,2007-11-25,12:01:45,-24.38865,26.81585
1309081074,AS68,CBU,Male,2007-11-24,00:01:19,-24.38712,26.81176
1309081080,AS68,CBU,Male,2007-11-29,12:02:07,-24.38512,26.81729
1309081036,10000037,Eloise,Female,2007-12-04,23:27:34,-24.10256,27.33891
1309081040,10000037,Eloise,Female,2007-12-13,07:27:57 AM,-24.22453,27.33675
1309081041,10000037,Eloise,Female,2007-12-04,03:27:47 AM,-24.11476,27.32942
1309081044,10000037,Eloise,Female,2007-12-10,07:27:16 PM,-24.17414,27.33313
1309081048,10000037,Eloise,Female,2007-12-14,03:27:40 AM,-24.23984,27.33983
1309081050,10000037,Eloise,Female,2007-12-08,07:27:40 AM,-24.15838,27.34031
1309081052,10000037,Eloise,Female,2007-12-01,03:27:16 PM,-24.1623,27.32081
1309081054,10000037,Eloise,Female,2007-12-02,11:27:43 AM,-24.16015,27.338
1309081057,10000049,Steenekamp,Male,2007-12-12,10:07:17,-23.6012,27.44257
1309081060,10000037,Eloise,Female,2007-12-09,23:27:16,-24.1787,27.33006
1309081061,10000049,Steenekamp,Male,2007-12-17,18:15:17,-23.53256,27.55848
1309081063,10000037,Eloise,Female,2007-12-18,07:27:07 AM,-24.27165,27.36969
1309081064,10000037,Eloise,Female,2007-12-09,03:27:45 AM,-24.15828,27.34022
1309081065,10000037,Eloise,Female,2007-12-05,07:27:49 PM,-24.10094,27.32762
1309081067,10000037,Eloise,Female,2007-12-03,07:27:09 AM,-24.14612,27.33416
1309081069,10000049,Steenekamp,Male,2007-12-13,18:08:17,-23.61455,27.4632
1309081070,10000049,Steenekamp,Male,2007-12-23,2:14:47,-23.51027,27.59409
1309081071,10000049,Steenekamp,Male,2007-12-23,18:15:05,-23.50961,27.60868
1309081072,10000037,Eloise,Female,2007-12-19,03:27:08 AM,-24.29289,27.37511
1309081075,10000049,Steenekamp,Male,2007-12-19,18:14:47,-23.5221,27.58865
1309081076,10000049,Steenekamp,Male,2007-12-16,10:11:47,-23.5363,27.52403
1309081077,10000037,Eloise,Female,2007-12-16,03:28:12 PM,-24.29265,27.40598
1309081078,10000049,Steenekamp,Male,2007-12-16,18:13:47,-23.52815,27.53944
1309081079,10000037,Eloise,Female,2007-12-24,23:28:30,-24.21854,27.37041
1309081081,10000037,Eloise,Female,2007-12-06,03:27:15 PM,-24.12166,27.3195
1309081082,10000037,Eloise,Female,2007-12-11,03:27:34 PM,-24.17414,27.33315
1309081083,10000037,Eloise,Female,2007-12-20,07:27:46 PM,-24.22426,27.34153
1309081084,10000037,Eloise,Female,2007-12-15,07:27:40 PM,-24.2707,27.40916
1309081085,10000049,Steenekamp,Male,2007-12-18,2:15:05,-23.53266,27.55864
1309081086,10000037,Eloise,Female,2007-12-26,03:28:10 PM,-24.20577,27.39485
1309081087,10000037,Eloise,Female,2007-12-14,23:28:09,-24.23466,27.38278
1309081088,10000049,Steenekamp,Male,2007-12-25,2:18:41,-23.49874,27.59871
1309081089,10000037,Eloise,Female,2007-12-30,07:28:10 PM,-24.25245,27.41641
1309081090,10000037,Eloise,Female,2007-12-17,11:26:56 AM,-24.29164,27.4031
1309081091,10000049,Steenekamp,Male,2007-12-14,10:08:35,-23.60123,27.46779
1309081092,10000037,Eloise,Female,2007-12-07,11:27:16 AM,-24.12508,27.31939
1309081093,10000037,Eloise,Female,2007-12-19,23:27:46,-24.22433,27.34157
1309081094,10000049,Steenekamp,Male,2007-12-14,2:08:11,-23.6088,27.46825
1309081095,10000049,Steenekamp,Male,2007-12-18,18:15:17,-23.53612,27.56573
1309081096,10000037,Eloise,Female,2007-12-12,11:27:46 AM,-24.20181,27.33979
1309081097,10000049,Steenekamp,Male,2007-12-20,18:14:47,-23.5252,27.58675
1309081100,10000037,Eloise,Female,2007-12-29,03:28:34 AM,-24.23305,27.43058
1309081101,10000037,Eloise,Female,2007-12-24,03:28:16 AM,-24.21149,27.36002
1309081102,10000049,Steenekamp,Male,2007-12-15,2:09:17,-23.58422,27.4661
1309081103,10000049,Steenekamp,Male,2007-12-25,18:18:47,-23.498,27.5994
1309081104,10000049,Steenekamp,Male,2007-12-26,10:17:57,-23.49715,27.59884
1309081106,10000037,Eloise,Female,2007-12-31,03:28:46 PM,-24.25391,27.40107
1309081107,10000049,Steenekamp,Male,2007-12-21,18:15:17,-23.53047,27.58882
1309081109,10000049,Steenekamp,Male,2007-12-20,2:15:05,-23.52198,27.58863
1309081110,10000049,Steenekamp,Male,2007-12-26,18:17:51,-23.49701,27.59905
1309081111,10000037,Eloise,Female,2007-12-21,03:28:23 PM,-24.23998,27.34175
1309081113,10000049,Steenekamp,Male,2007-12-24,18:18:37,-23.49875,27.59871
1309081114,10000037,Eloise,Female,2007-12-25,07:28:04 PM,-24.22774,27.38045
1309081115,10000049,Steenekamp,Male,2007-12-24,10:18:47,-23.49889,27.59867
1309081116,10000049,Steenekamp,Male,2007-12-25,10:18:47,-23.49855,27.59842
1309081117,10000037,Eloise,Female,2007-12-22,11:27:56 AM,-24.24125,27.34137
1309081119,10000049,Steenekamp,Male,2007-12-27,2:18:59,-23.49708,27.59918
1309081120,10000049,Steenekamp,Male,2007-12-21,2:14:47,-23.52632,27.58583
1309081122,10000037,Eloise,Female,2007-12-27,11:28:36 AM,-24.20397,27.39536
1309081133,10000037,Eloise,Female,2007-12-29,23:28:34,-24.24086,27.42699
1309081135,10000037,Eloise,Female,2007-12-28,07:28:10 AM,-24.21115,27.40402
1309081136,10000037,Eloise,Female,2007-12-23,07:28:26 AM,-24.23481,27.36266
1309081148,10000049,Steenekamp,Male,2007-12-27,10:17:57,-23.49623,27.59828
1309078254,AM124,Challenger,Male,2006-07-22,11:01:50,-24.83311,27.19662
1309078260,AM124,Challenger,Male,2006-07-21,11:01:13,-24.78799,27.12691
1309078264,AM124,Challenger,Male,2006-07-17,11:02:54,-24.674,27.1239
1309078266,AM124,Challenger,Male,2006-07-14,11:03:15,-24.59979,27.16462
1309078267,AM124,Challenger,Male,2006-07-24,11:01:55,-24.87599,27.2498
1309078271,AM124,Challenger,Male,2006-07-18,11:00:43,-24.67641,27.11169
1309078274,AM124,Challenger,Male,2006-07-26,11:03:19,-24.85775,27.2292
1309078248,AM124,Challenger,Male,2006-08-01,11:00:20,-24.84325,27.22173
1309078261,AM124,Challenger,Male,2006-08-03,11:02:43,-24.85394,27.18859
1309078269,Rak,Rakhee,Male,2006-08-03,14:29:19,-24.5952,27.17511
1309078273,Rak,Rakhee,Male,2006-08-09,0:27:19,-24.80792,27.25197
1309078276,Rak,Rakhee,Male,2006-08-04,15:27:49,-24.61507,27.23926
1309078277,Rak,Rakhee,Male,2006-08-07,3:27:19,-24.68119,27.23704
1309078278,Rak,Rakhee,Male,2006-08-05,1:29:13,-24.62836,27.23944
1309078279,Rak,Rakhee,Male,2006-08-05,21:27:49,-24.67158,27.23382
1309078280,Rak,Rakhee,Male,2006-08,12:26:49,-24.67395,27.2378
1309078281,Rak,Rakhee,Male,2006-08-04,20:28:50,-24.62813,27.23945
1309078282,Rak,Rakhee,Male,2006-08-04,0:28:13,-24.59351,27.17378
1309078283,Rak,Rakhee,Male,2006-08-07,13:27:19,-24.70961,27.22854
1309078284,Rak,Rakhee,Male,2006-08-09,5:27:13,-24.80795,27.25199
1309078285,Rak,Rakhee,Male,2006-08-08,9:27:37,-24.80795,27.25211
1309078286,AM124,Challenger,Male,2006-08-07,11:03:21,-24.67349,27.10492
1309078287,Rak,Rakhee,Male,2006-08-08,14:27:43,-24.80801,27.25209
1309078288,AM124,Challenger,Male,2006-08-06,11:02:13,-24.74196,27.06571
1309078289,Rak,Rakhee,Male,2006-08-05,6:27:50,-24.62811,27.23891
1309078290,Rak,Rakhee,Male,2006-08-07,8:27:50,-24.70064,27.22994
1309078291,Rak,Rakhee,Male,2006-08-07,23:27:50,-24.75033,27.18887
1309078292,Rak,Rakhee,Male,2006-08-07,18:27:08,-24.73544,27.1929
1309078293,Rak,Rakhee,Male,2006-08-04,5:27:20,-24.59349,27.17379
1309078294,Rak,Rakhee,Male,2006-08-09,10:29:15,-24.80793,27.25197
1309078295,Rak,Rakhee,Male,2006-08-05,11:29:20,-24.67095,27.23331
1309078296,Rak,Rakhee,Male,2006-08-08,19:27:13,-24.8079,27.25195
1309078297,AM124,Challenger,Male,2006-08-10,11:03:10,-24.63862,27.24939
1309078298,Rak,Rakhee,Male,2006-08,7:29:43,-24.67342,27.23703
1309078299,Rak,Rakhee,Male,2006-08-08,4:26:50,-24.78189,27.23462
1309078300,Rak,Rakhee,Male,2006-08-17,2:30:19,-24.64976,27.11881
1309078301,Rak,Rakhee,Male,2006-08-04,10:28:09,-24.62022,27.22416
1309078302,Rak,Rakhee,Male,2006-08-13,2:30:50,-24.79993,27.15798
1309078303,Rak,Rakhee,Male,2006-08-10,6:28:09,-24.80803,27.25206
1309078304,Rak,Rakhee,Male,2006-08-12,2:33:15,-24.8133,27.14867
1309078305,Rak,Rakhee,Male,2006-08-09,15:27:37,-24.80785,27.25199
1309078306,Rak,Rakhee,Male,2006-08-16,2:30:19,-24.75363,27.08361
1309078307,Rak,Rakhee,Male,2006-08-17,14:31:38,-24.67054,27.14823
1309078308,Rak,Rakhee,Male,2006-08-10,1:27:49,-24.80792,27.25198
1309078309,Rak,Rakhee,Male,2006-08-14,2:30:43,-24.77564,27.14809
1309078310,Rak,Rakhee,Male,2006-08-16,14:32:09,-24.65848,27.11005
1309078311,Rak,Rakhee,Male,2006-08-12,14:32:20,-24.79957,27.15757
1309078312,AM124,Challenger,Male,2006-08-13,11:01:08,-24.71993,27.02495
1309078313,Rak,Rakhee,Male,2006-08-15,14:30:49,-24.74784,27.07145
1309078314,Rak,Rakhee,Male,2006-08,17:29:34,-24.67416,27.23758
1309078315,AM124,Challenger,Male,2006-08-14,11:01:19,-24.76067,27.06528
1309078316,AM124,Challenger,Male,2006-08-15,11:03:21,-24.78975,27.11996
1309078317,AM124,Challenger,Male,2006-08-18,11:02:45,-24.84994,27.22128
1309078318,Rak,Rakhee,Male,2006-08-10,6:31:15,-24.80803,27.25194
1309078319,Rak,Rakhee,Male,2006-08-14,14:30:44,-24.77334,27.15567
1309078320,Rak,Rakhee,Male,2006-08,22:27:08,-24.67764,27.2378
1309078321,AM124,Challenger,Male,2006-08-17,11:03:07,-24.8471,27.21871
1309078322,Rak,Rakhee,Male,2006-08-13,14:32:59,-24.77618,27.14832
1309078323,Rak,Rakhee,Male,2006-08-19,14:30:43,-24.6279,27.16162
1309078324,Rak,Rakhee,Male,2006-08-15,2:30:38,-24.78672,27.12314
1309078325,Rak,Rakhee,Male,2006-08-27,14:29:55,-24.64865,27.33909
1309078326,Rak,Rakhee,Male,2006-08-09,20:26:38,-24.80787,27.25198
1309078327,Rak,Rakhee,Male,2006-08-23,14:30:19,-24.70185,27.11911
1309078328,Rak,Rakhee,Male,2006-08-22,2:29:19,-24.64414,27.08154
1309078329,Rak,Rakhee,Male,2006-08-20,14:30:13,-24.59483,27.1686
1309078330,Rak,Rakhee,Male,2006-08-18,2:30:13,-24.67043,27.14825
1309078331,Rak,Rakhee,Male,2006-08-26,14:28:50,-24.61873,27.28007
1309078332,Rak,Rakhee,Male,2006-08-20,2:30:07,-24.60737,27.18378
1309078333,AM124,Challenger,Male,2006-08-28,06:05:26,-24.69637,27.08925
1309078334,AM124,Challenger,Male,2006-08-25,11:05:27,-24.77383,27.15465
1309078335,Rak,Rakhee,Male,2006-08-26,2:28:50,-24.64574,27.20993
1309078336,AM124,Challenger,Male,2006-08-27,10:02:23,-24.71292,27.08586
1309078337,Rak,Rakhee,Male,2006-08-22,14:29:50,-24.70782,27.06385
1309078338,Rak,Rakhee,Male,2006-08-18,14:29:49,-24.67383,27.13191
1309078339,Rak,Rakhee,Male,2006-08-23,2:29:43,-24.69437,27.07635
1309078340,Rak,Rakhee,Male,2006-08-25,14:31:19,-24.65158,27.19476
1309078341,AM124,Challenger,Male,2006-08-25,11:00:53,-24.77335,27.15522
1309078342,Rak,Rakhee,Male,2006-08-21,2:29:49,-24.61469,27.15248
1309078343,Rak,Rakhee,Male,2006-08-28,2:28:45,-24.64888,27.35186
1309078344,AM124,Challenger,Male,2006-08-25,13:01:27,-24.77359,27.15469
1309078345,AM124,Challenger,Male,2006-08-26,09:02:49,-24.77364,27.11881
1309078346,Rak,Rakhee,Male,2006-08-24,2:29:07,-24.67384,27.13451
1309078347,Rak,Rakhee,Male,2006-08-27,2:29:37,-24.60986,27.27448
1309078348,AM124,Challenger,Male,2006-08-30,13:05:19,-24.68617,27.08202
1309078349,Rak,Rakhee,Male,2006-08-21,14:30:08,-24.6394,27.09035
1309078351,Rak,Rakhee,Male,2006-08-19,2:30:19,-24.67397,27.13203
1309078353,Rak,Rakhee,Male,2006-08-31,14:28:49,-24.7051,27.35364
1309078354,Rak,Rakhee,Male,2006-08-30,2:28:50,-24.71259,27.34477
1309078355,Rak,Rakhee,Male,2006-08-28,14:30:19,-24.66363,27.36793
1309078358,AM124,Challenger,Male,2006-08-30,23:05:34,-24.68673,27.08226
1309078363,Rak,Rakhee,Male,2006-08-30,14:28:49,-24.70608,27.35634
1309078365,Rak,Rakhee,Male,2006-08-29,2:29:14,-24.69513,27.32729
1309078372,Rak,Rakhee,Male,2006-08-31,2:28:49,-24.70632,27.35597
1309078375,Rak,Rakhee,Male,2006-08-29,14:28:49,-24.71257,27.34479
1309078350,Rak,Rakhee,Male,2006-09-05,2:29:37,-24.78042,27.12092
1309078352,Rak,Rakhee,Male,2006-09-01,14:28:49,-24.70504,27.3538
1309078356,Rak,Rakhee,Male,2006-09-05,14:28:13,-24.85242,27.12719
1309078357,AM124,Challenger,Male,2006-09-04,13:05:24,-24.66914,27.11143
1309078359,Rak,Rakhee,Male,2006-09-02,2:28:20,-24.7051,27.35374
1309078360,AM124,Challenger,Male,2006-09-01,10:01:43,-24.66172,27.1482
1309078361,Rak,Rakhee,Male,2006-09-03,14:29:19,-24.73326,27.19851
1309078362,Rak,Rakhee,Male,2006-09-04,2:30:27,-24.73746,27.17848
1309078364,Rak,Rakhee,Male,2006-09-02,14:28:20,-24.69768,27.34562
1309078366,Rak,Rakhee,Male,2006-09-06,2:28:08,-24.85576,27.11629
1309078367,AM124,Challenger,Male,2006-09-03,07:05:37,-24.6692,27.11143
1309078368,Rak,Rakhee,Male,2006-09-01,2:28:44,-24.70511,27.35375
1309078369,AM124,Challenger,Male,2006-09-02,11:03:13,-24.67845,27.13676
1309078370,Rak,Rakhee,Male,2006-09-07,14:27:55,-24.81535,27.05227
1309078371,Rak,Rakhee,Male,2006-09-03,2:28:20,-24.74399,27.22838
1309078373,AM124,Challenger,Male,2006-09-02,06:05:37,-24.67602,27.14929
1309078374,Rak,Rakhee,Male,2006-09-04,14:28:19,-24.78038,27.12687
1309078376,Rak,Rakhee,Male,2006-09-11,14:26:50,-24.84562,27.0871
1309078377,AM124,Challenger,Male,2006-09-09,14:01:20,-24.85271,27.18763
1309078378,AM124,Challenger,Male,2006-09-08,12:05:31,-24.8525,27.18707
1309078379,Rak,Rakhee,Male,2006-09-08,2:30:04,-24.79816,27.05913
1309078380,AM124,Challenger,Male,2006-09-10,10:01:49,-24.8532,27.18855
1309078381,Rak,Rakhee,Male,2006-09-06,14:28:07,-24.83322,27.12331
1309078382,AM124,Challenger,Male,2006-09-08,07:05:22,-24.87216,27.17738
1309078383,AM124,Challenger,Male,2006-09-12,02:02:13,-24.8417,27.19003
1309078384,AM124,Challenger,Male,2006-09-11,11:04:46,-24.85188,27.19172
1309078385,Rak,Rakhee,Male,2006-09-08,14:27:49,-24.93939,26.93171
1309078386,AM124,Challenger,Male,2006-09-10,15:01:20,-24.85302,27.18802
1309078387,AM124,Challenger,Male,2006-09-11,21:05:36,-24.84785,27.18816
1309078388,Rak,Rakhee,Male,2006-09-10,14:29:50,-24.96187,26.81341
1309078389,AM124,Challenger,Male,2006-09-07,16:02:50,-24.84209,27.15307
1309078390,AM124,Challenger,Male,2006-09-08,17:01:49,-24.85243,27.18668
1309078391,Rak,Rakhee,Male,2006-09-12,2:29:31,-24.84273,27.1566
1309078392,AM124,Challenger,Male,2006-09-09,09:01:19,-24.85276,27.18756
1309078393,Rak,Rakhee,Male,2006-09-10,2:28:13,-24.94483,26.71186
1309078394,Rak,Rakhee,Male,2006-09-09,14:27:44,-24.95229,26.74763
1309078395,AM124,Challenger,Male,2006-09-08,22:02:49,-24.85243,27.18698
1309078396,AM124,Challenger,Male,2006-09-10,20:05:47,-24.85216,27.18699
1309078397,Rak,Rakhee,Male,2006-09-13,14:27:50,-24.79581,27.20027
1309078398,Rak,Rakhee,Male,2006-09-11,2:27:07,-24.87239,26.98151
1309078399,Rak,Rakhee,Male,2006-09-09,2:27:20,-24.94407,26.8214
1309078400,Rak,Rakhee,Male,2006-09-18,2:26:37,-24.83446,27.12551
1309078401,AM124,Challenger,Male,2006-09-15,20:03:38,-24.71168,27.20004
1309078402,Rak,Rakhee,Male,2006-09-07,2:27:49,-24.83309,27.12309
1309078403,Rak,Rakhee,Male,2006-09-14,14:26:49,-24.82013,27.20128
1309078404,AM124,Challenger,Male,2006-09-14,09:02:37,-24.71868,27.23581
1309078405,Rak,Rakhee,Male,2006-09-12,14:27:20,-24.81739,27.19818
1309078406,AM124,Challenger,Male,2006-09-16,02:02:07,-24.71164,27.2
1309078407,AM124,Challenger,Male,2006-09-14,14:03:14,-24.7194,27.23584
1309078408,AM124,Challenger,Male,2006-09-17,18:03:56,-24.76155,27.11749
1309078409,Rak,Rakhee,Male,2006-09-18,14:26:20,-24.73845,27.15911
1309078410,AM124,Challenger,Male,2006-09-15,00:02:49,-24.69983,27.22605
1309078411,AM124,Challenger,Male,2006-09-14,19:03:34,-24.69913,27.22562
1309078412,Rak,Rakhee,Male,2006-09-14,2:27:45,-24.79597,27.20022
1309078413,AM124,Challenger,Male,2006-09-13,08:05:30,-24.81883,27.24237
1309078414,AM124,Challenger,Male,2006-09-15,05:03:14,-24.71172,27.20019
1309078415,AM124,Challenger,Male,2006-09-19,10:04:43,-24.66781,27.05571
1309078416,AM124,Challenger,Male,2006-09-16,07:01:49,-24.71171,27.2001
1309078417,Rak,Rakhee,Male,2006-09-16,14:28:58,-24.86572,27.17043
1309078418,Rak,Rakhee,Male,2006-09-17,14:26:49,-24.85838,27.14682
1309078419,Rak,Rakhee,Male,2006-09-17,2:26:21,-24.86616,27.15817
1309078420,Rak,Rakhee,Male,2006-09-15,2:26:49,-24.82058,27.2012
1309078421,AM124,Challenger,Male,2006-09-15,21:05:37,-24.71176,27.20013
1309078422,Rak,Rakhee,Male,2006-09-13,2:27:14,-24.81379,27.19916
1309078423,Rak,Rakhee,Male,2006-09-16,2:26:20,-24.85037,27.18761
1309078424,Rak,Rakhee,Male,2006-09-21,14:26:19,-24.65396,27.32394
1309078425,AM124,Challenger,Male,2006-09-16,12:05:26,-24.71161,27.19965
1309078426,Rak,Rakhee,Male,2006-09-20,2:25:50,-24.71108,27.2017
1309078427,AM124,Challenger,Male,2006-09-23,05:01:20,-24.67995,27.13642
1309078428,AM124,Challenger,Male,2006-09-26,07:01:19,-24.83613,27.075
1309078429,Rak,Rakhee,Male,2006-09-19,2:26:19,-24.7294,27.16897
1309078430,AM124,Challenger,Male,2006-09-26,12:01:49,-24.83477,27.07006
1309078431,Rak,Rakhee,Male,2006-09-20,14:27:43,-24.70537,27.22354
1309078432,AM124,Challenger,Male,2006-09-21,07:02:19,-24.65383,27.13796
1309078433,AM124,Challenger,Male,2006-09-21,22:02:07,-24.65352,27.13785
1309078434,AM124,Challenger,Male,2006-09-25,02:01:19,-24.73373,27.15406
1309078435,AM124,Challenger,Male,2006-09-21,23:05:33,-24.65366,27.13769
1309078436,Rak,Rakhee,Male,2006-09-19,14:26:37,-24.72039,27.18232
1309078437,AM124,Challenger,Male,2006-09-21,12:03:19,-24.65345,27.13832
1309078438,AM124,Challenger,Male,2006-09-21,17:02:49,-24.65385,27.13791
1309078439,AM124,Challenger,Male,2006-09-25,07:02:25,-24.77553,27.13884
1309078440,Rak,Rakhee,Male,2006-09-24,14:26:19,-24.69377,27.35958
1309078441,Rak,Rakhee,Male,2006-09-23,2:25:50,-24.64801,27.36665
1309078442,Rak,Rakhee,Male,2006-09-25,2:25:49,-24.70978,27.36761
1309078443,AM124,Challenger,Male,2006-09-23,00:05:21,-24.66525,27.14715
1309078444,AM124,Challenger,Male,2006-09-29,15:03:07,-24.85101,27.22671
1309078445,AM124,Challenger,Male,2006-09-26,22:05:39,-24.83689,27.07367
1309078446,Rak,Rakhee,Male,2006-09-21,2:25:50,-24.69369,27.23711
1309078447,Rak,Rakhee,Male,2006-09-22,2:26:19,-24.65211,27.33271
1309078448,Rak,Rakhee,Male,2006-09-24,2:25:50,-24.6766,27.39291
1309078449,AM124,Challenger,Male,2006-09-20,06:05:22,-24.64836,27.09377
1309078450,AM124,Challenger,Male,2006-09-27,18:05:30,-24.86035,27.16979
1309078451,AM124,Challenger,Male,2006-09-24,06:04:07,-24.71716,27.13628
1309078453,Rak,Rakhee,Male,2006-09-27,2:26:08,-24.69853,27.35713
1309078454,AM124,Challenger,Male,2006-09-27,23:05:13,-24.86002,27.16965
1309078455,Rak,Rakhee,Male,2006-09-30,14:28:20,-24.8846,27.60055
1309078456,Rak,Rakhee,Male,2006-09-26,2:25:49,-24.71076,27.37564
1309078457,AM124,Challenger,Male,2006-09-30,01:01:20,-24.85094,27.22667
1309078458,AM124,Challenger,Male,2006-09-28,09:01:49,-24.85283,27.18634
1309078459,AM124,Challenger,Male,2006-09-28,14:02:40,-24.84987,27.18725
1309078460,Rak,Rakhee,Male,2006-09-28,14:25:44,-24.79141,27.54555
1309078463,AM124,Challenger,Male,2006-09-29,10:01:19,-24.85098,27.22677
1309078464,Rak,Rakhee,Male,2006-09-27,14:26:10,-24.72115,27.41939
1309078465,AM124,Challenger,Male,2006-09-30,06:01:49,-24.85108,27.22645
1309078466,Rak,Rakhee,Male,2006-09-30,2:25:37,-24.90637,27.58972
1309078467,Rak,Rakhee,Male,2006-09-29,14:25:49,-24.89838,27.57556
1309078471,Rak,Rakhee,Male,2006-09-26,14:25:39,-24.69851,27.35727
1309078472,AM124,Challenger,Male,2006-09-30,21:02:19,-24.85098,27.22563
1309078473,AM124,Challenger,Male,2006-09-27,08:05:20,-24.86311,27.16426
1309078474,Rak,Rakhee,Male,2006-09-29,2:25:20,-24.82382,27.55473
1309078477,AM124,Challenger,Male,2006-09-30,22:01:27,-24.85096,27.22564
1309078452,Rak,Rakhee,Male,2006-10-01,2:25:20,-24.88537,27.60012
1309078461,Rak,Rakhee,Male,2006-10-01,14:25:21,-24.88865,27.59669
1309078462,AM124,Challenger,Male,2006-10-01,14:04:12,-24.84662,27.22837
1309078468,AM124,Challenger,Male,2006-10-02,06:02:20,-24.84933,27.24015
1309078469,AM124,Challenger,Male,2006-10-01,19:01:19,-24.84663,27.22825
1309078470,Rak,Rakhee,Male,2006-10-04,2:25:08,-24.99164,27.67938
1309078475,Rak,Rakhee,Male,2006-10-02,14:24:20,-25.00047,27.68103
1309078476,AM124,Challenger,Male,2006-10-02,23:01:20,-24.8341,27.22972
1309078478,Rak,Rakhee,Male,2006-10-02,2:24:49,-24.91816,27.63033
1309078479,AM124,Challenger,Male,2006-10-05,11:05:35,-24.84947,27.22308
1309078480,Rak,Rakhee,Male,2006-10-07,14:25:13,-25.00664,27.70622
1309078481,AM124,Challenger,Male,2006-10-02,11:05:13,-24.83684,27.2326
1309078482,AM124,Challenger,Male,2006-10-08,09:01:49,-24.77027,27.14453
1309078483,AM124,Challenger,Male,2006-10-03,09:02:07,-24.84444,27.22521
1309078484,Rak,Rakhee,Male,2006-10-06,14:23:50,-24.99193,27.68073
1309078485,AM124,Challenger,Male,2006-10-03,14:02:49,-24.84457,27.22517
1309078486,Rak,Rakhee,Male,2006-10-03,14:25:07,-24.98915,27.68267
1309078487,AM124,Challenger,Male,2006-10-07,08:03:19,-24.84695,27.21804
1309078488,Rak,Rakhee,Male,2006-10-05,2:24:13,-24.99356,27.67994
1309078489,Rak,Rakhee,Male,2006-10-03,2:25:10,-25.00469,27.67392
1309078490,Rak,Rakhee,Male,2006-10-06,2:24:19,-24.96123,27.68517
1309078491,Rak,Rakhee,Male,2006-10-07,2:24:19,-24.98974,27.68289
1309078492,AM124,Challenger,Male,2006-10-08,19:01:49,-24.7732,27.1456
1309078493,AM124,Challenger,Male,2006-10-02,22:00:56,-24.83401,27.22958
1309078494,AM124,Challenger,Male,2006-10-03,00:01:26,-24.8341,27.22967
1309078495,Rak,Rakhee,Male,2006-10-10,2:23:43,-24.97658,27.78747
1309078496,AM124,Challenger,Male,2006-10-05,01:02:44,-24.84943,27.22298
1309078497,Rak,Rakhee,Male,2006-10-05,14:25:37,-24.99702,27.68677
1309078498,AM124,Challenger,Male,2006-10-08,23:01:28,-24.77324,27.14575
1309078499,AM124,Challenger,Male,2006-10-02,21:02:43,-24.83403,27.22964
1309078500,Rak,Rakhee,Male,2006-10-04,14:24:50,-24.99287,27.67933
1309078501,Rak,Rakhee,Male,2006-10-08,14:23:51,-24.99055,27.80721
1309078502,AM124,Challenger,Male,2006-10-06,17:04:03,-24.8467,27.21796
1309078503,Rak,Rakhee,Male,2006-10-13,14:24:44,-24.95264,27.67166
1309078504,AM124,Challenger,Male,2006-10-08,20:03:49,-24.77323,27.14568
1309078505,Rak,Rakhee,Male,2006-10-09,2:23:44,-24.97294,27.77077
1309078506,Rak,Rakhee,Male,2006-10-12,14:25:55,-24.95478,27.67151
1309078507,Rak,Rakhee,Male,2006-10-13,2:23:20,-24.95944,27.67621
1309078508,Rak,Rakhee,Male,2006-10-11,14:24:07,-24.99655,27.68538
1309078509,Rak,Rakhee,Male,2006-10-08,2:23:50,-25.00015,27.79334
1309078510,AM124,Challenger,Male,2006-10-09,14:02:43,-24.75085,27.08651
1309078511,AM124,Challenger,Male,2006-10-08,22:02:19,-24.77324,27.14576
1309078512,Rak,Rakhee,Male,2006-10-12,2:23:50,-24.98229,27.68676
1309078513,AM124,Challenger,Male,2006-10-09,00:05:11,-24.77328,27.14562
1309078514,AM124,Challenger,Male,2006-10-13,08:02:19,-24.6664,27.14271
1309078515,AM124,Challenger,Male,2006-10-13,13:02:49,-24.66649,27.14278
1309078516,AM124,Challenger,Male,2006-10-10,00:01:49,-24.75278,27.08408
1309078517,Rak,Rakhee,Male,2006-10-11,2:23:20,-24.99605,27.69946
1309078518,AM124,Challenger,Male,2006-10-15,00:02:38,-24.65518,27.12807
1309078519,AM124,Challenger,Male,2006-10-12,07:03:20,-24.6595,27.0947
1309078520,AM124,Challenger,Male,2006-10-12,12:02:21,-24.65568,27.09578
1309078521,AM124,Challenger,Male,2006-10-24,09:02:19,-24.69027,27.0809
1309078522,Rak,Rakhee,Male,2006-10-09,14:24:38,-24.97342,27.78146
1309078523,AM124,Challenger,Male,2006-10-20,00:03:07,-24.6582,27.13334
1309078524,AM124,Challenger,Male,2006-10-08,21:00:51,-24.77313,27.14577
1309078525,Rak,Rakhee,Male,2006-10-10,14:24:07,-24.9958,27.70188
1309078526,AM124,Challenger,Male,2006-10-21,06:01:50,-24.69273,27.08455
1309078527,AM124,Challenger,Male,2006-10-12,17:01:50,-24.64815,27.10581
1309078528,AM124,Challenger,Male,2006-10-22,12:03:19,-24.72782,27.07813
1309078529,AM124,Challenger,Male,2006-10-15,15:02:50,-24.65487,27.13042
1309078530,AM124,Challenger,Male,2006-10-29,08:05:16,-24.701,27.22627
1309078531,AM124,Challenger,Male,2006-10-27,20:04:49,-24.77223,27.13009
1309078532,AM124,Challenger,Male,2006-10-25,21:04:46,-24.7515,27.07763
1309078533,AM124,Challenger,Male,2006-10-27,00:04:50,-24.79406,27.09975
1309078534,AM124,Challenger,Male,2006-10-22,07:05:32,-24.72774,27.07848
1309078535,AM124,Challenger,Male,2006-10-20,05:05:41,-24.65489,27.10962
1309078536,AM124,Challenger,Male,2006-10-19,04:05:34,-24.66606,27.1397
1309078537,AM124,Challenger,Male,2006-10-26,19:05:42,-24.7939,27.09916
1309078538,AM124,Challenger,Male,2006-10-21,11:02:13,-24.68914,27.09275
1309078539,AM124,Challenger,Male,2006-10-27,15:03:49,-24.77269,27.13023
1309078540,AM124,Challenger,Male,2006-10-26,04:05:36,-24.79268,27.09931
1309078541,AM124,Challenger,Male,2006-10-22,22:05:41,-24.72787,27.07852
1309078543,AM124,Challenger,Male,2006-10-22,17:03:56,-24.7278,27.07842
1309078544,AM124,Challenger,Male,2006-10-29,18:01:49,-24.70024,27.22665
1309078545,AM124,Challenger,Male,2006-10-27,10:02:50,-24.77273,27.1302
1309078546,AM124,Challenger,Male,2006-10-25,20:01:19,-24.7514,27.07772
1309078547,AM124,Challenger,Male,2006-10-25,22:00:55,-24.75144,27.07765
1309078548,AM124,Challenger,Male,2006-10-30,14:01:49,-24.70167,27.24943
1309078549,AM124,Challenger,Male,2006-10-26,14:04:10,-24.79394,27.09983
1309078550,AM124,Challenger,Male,2006-10-18,13:02:49,-24.68296,27.12187
1309078551,AM124,Challenger,Male,2006-10-25,15:05:19,-24.72423,27.05701
1309078552,AM124,Challenger,Male,2006-10-31,15:01:49,-24.75708,27.26433
1309078553,AM124,Challenger,Male,2006-10-31,22:02:08,-24.75427,27.25499
1309078555,AM124,Challenger,Male,2006-10-31,21:04:50,-24.75427,27.255
1309078557,AM124,Challenger,Male,2006-10-29,23:04:20,-24.70036,27.22646
1309078560,AM124,Challenger,Male,2006-10-30,04:02:58,-24.69981,27.23109
1309078561,AM124,Challenger,Male,2006-10-31,05:05:33,-24.72557,27.25595
1309078564,AM124,Challenger,Male,2006-10-31,20:01:19,-24.75427,27.25492
1309078576,AM124,Challenger,Male,2006-10-30,00:05:08,-24.70041,27.22617
1309078542,AM124,Challenger,Male,2006-11-02,15:02:20,-24.72416,27.23283
1309078554,AM124,Challenger,Male,2006-11-05,21:03:16,-24.80052,27.10513
1309078556,AM124,Challenger,Male,2006-11-05,22:01:55,-24.80049,27.10516
1309078558,AM124,Challenger,Male,2006-11-03,12:05:37,-24.71141,27.19535
1309078559,AM124,Challenger,Male,2006-11-05,14:01:19,-24.80052,27.10541
1309078562,AM124,Challenger,Male,2006-11-04,03:02:19,-24.74326,27.15687
1309078563,AM196,GeorgeJoss,Male,2006-11-12,20:00:49,-24.46053,26.63386
1309078565,AM124,Challenger,Male,2006-11-04,23:05:25,-24.79304,27.11713
1309078566,AM124,Challenger,Male,2006-11-05,20:01:20,-24.80061,27.10549
1309078567,AM124,Challenger,Male,2006-11-03,07:02:08,-24.70566,27.20498
1309078568,AM124,Challenger,Male,2006-11-03,17:01:49,-24.72847,27.17961
1309078569,AM124,Challenger,Male,2006-11-01,14:05:27,-24.75416,27.25541
1309078570,AM124,Challenger,Male,2006-11-05,23:01:20,-24.80055,27.10505
1309078571,AM124,Challenger,Male,2006-11-05,19:01:19,-24.80062,27.10542
1309078572,AM124,Challenger,Male,2006-11-01,19:05:33,-24.7492,27.25324
1309078573,AM124,Challenger,Male,2006-11-04,08:03:10,-24.7432,27.15699
1309078574,AM124,Challenger,Male,2006-11-09,22:02:20,-24.65211,27.12071
1309078575,AM124,Challenger,Male,2006-11-02,20:01:19,-24.72409,27.23299
1309078577,AM124,Challenger,Male,2006-11-10,19:01:49,-24.66164,27.14658
1309078578,AM124,Challenger,Male,2006-11-14,20:02:44,-24.64502,27.195
1309078579,AM124,Challenger,Male,2006-11-11,07:05:43,-24.65945,27.14242
1309078580,AM196,GeorgeJoss,Male,2006-11-13,23:11:08,-24.4805,26.63318
1309078581,AM196,GeorgeJoss,Male,2006-11-12,23:11:20,-24.46027,26.63407
1309078582,AM196,GeorgeJoss,Male,2006-11-13,20:03:17,-24.48072,26.63306
1309078583,AM124,Challenger,Male,2006-11-11,02:01:20,-24.66165,27.14662
1309078584,AM124,Challenger,Male,2006-11-10,09:01:49,-24.66664,27.14306
1309078585,AM124,Challenger,Male,2006-11-07,15:05:20,-24.73071,26.96339
1309078586,AM124,Challenger,Male,2006-11-09,17:01:44,-24.65017,27.10787
1309078587,AM124,Challenger,Male,2006-11-10,20:01:19,-24.66156,27.14661
1309078588,AM196,GeorgeJoss,Male,2006-11-13,19:05:17,-24.48084,26.63309
1309078589,AM196,GeorgeJoss,Male,2006-11-13,22:06:57,-24.48062,26.63317
1309078590,AM196,GeorgeJoss,Male,2006-11-16,08:02:44,-24.61979,26.54789
1309078591,AM196,GeorgeJoss,Male,2006-11-13,04:01:12,-24.46801,26.62465
1309078592,AM196,GeorgeJoss,Male,2006-11-12,22:01:19,-24.46076,26.6337
1309078593,AM196,GeorgeJoss,Male,2006-11-13,09:03:20,-24.47026,26.62654
1309078594,AM196,GeorgeJoss,Male,2006-11-12,19:00:50,-24.46052,26.63394
1309078595,AM196,GeorgeJoss,Male,2006-11-14,04:03:44,-24.49747,26.64035
1309078596,AM196,GeorgeJoss,Male,2006-11-13,00:04:55,-24.46049,26.63389
1309078597,AM196,GeorgeJoss,Male,2006-11-13,21:08:50,-24.48067,26.633
1309078598,AM196,GeorgeJoss,Male,2006-11-12,14:13:00,-24.43171,26.68193
1309078599,AM124,Challenger,Male,2006-11-15,02:05:32,-24.6464,27.19199
1309078600,AM196,GeorgeJoss,Male,2006-11-15,06:02:07,-24.58243,26.58819
1309078601,AM124,Challenger,Male,2006-11-09,07:00:49,-24.65023,27.10812
1309078602,AM196,GeorgeJoss,Male,2006-11-12,21:00:38,-24.46062,26.63382
1309078603,AM196,GeorgeJoss,Male,2006-11-15,21:09:44,-24.62179,26.5257
1309078604,AM196,GeorgeJoss,Male,2006-11-18,01:01:19,-24.62769,26.52739
1309078605,AM196,GeorgeJoss,Male,2006-11-17,14:01:49,-24.61151,26.54162
1309078606,AM124,Challenger,Male,2006-11-18,15:05:35,-24.65078,27.11119
1309078607,AM196,GeorgeJoss,Male,2006-11-14,19:02:55,-24.52229,26.65672
1309078608,AM196,GeorgeJoss,Male,2006-11-15,16:11:13,-24.57924,26.58585
1309078609,AM196,GeorgeJoss,Male,2006-11-16,23:04:19,-24.62375,26.53864
1309078610,AM196,GeorgeJoss,Male,2006-11-14,09:06:19,-24.49805,26.64102
1309078611,AM124,Challenger,Male,2006-11-15,07:01:19,-24.64805,27.18348
1309078612,AM196,GeorgeJoss,Male,2006-11-17,09:06:19,-24.62827,26.54273
1309078613,AM124,Challenger,Male,2006-11-20,12:05:43,-24.64794,27.14193
1309078614,AM124,Challenger,Male,2006-11-18,05:01:37,-24.65028,27.10816
1309078615,AM196,GeorgeJoss,Male,2006-11-17,00:12:07,-24.62404,26.53845
1309078616,AM196,GeorgeJoss,Male,2006-11-15,11:04:14,-24.58123,26.58887
1309078617,AM196,GeorgeJoss,Male,2006-11-16,18:04:19,-24.62365,26.53855
1309078618,AM124,Challenger,Male,2006-11-17,04:02:13,-24.6197,27.13816
1309078619,AM196,GeorgeJoss,Male,2006-11-17,04:02:08,-24.62363,26.53856
1309078620,AM196,GeorgeJoss,Male,2006-11-18,22:03:50,-24.58498,26.59816
1309078621,AM124,Challenger,Male,2006-11-16,18:02:20,-24.60449,27.16356
1309078622,AM124,Challenger,Male,2006-11-16,23:03:07,-24.60416,27.16383
1309078623,AM124,Challenger,Male,2006-11-19,01:03:25,-24.65206,27.11006
1309078624,AM196,GeorgeJoss,Male,2006-11-17,19:08:25,-24.62772,26.52743
1309078625,AM124,Challenger,Male,2006-11-22,14:04:21,-24.66788,27.08653
1309078626,AM196,GeorgeJoss,Male,2006-11-18,06:01:20,-24.64248,26.5349
1309078627,AM196,GeorgeJoss,Male,2006-11-14,14:05:29,-24.49793,26.64096
1309078628,AM196,GeorgeJoss,Male,2006-11-21,16:04:43,-24.54678,26.66779
1309078629,AM196,GeorgeJoss,Male,2006-11-16,13:02:13,-24.62006,26.54832
1309078630,AM196,GeorgeJoss,Male,2006-11-19,04:04:41,-24.58205,26.61012
1309078631,AM196,GeorgeJoss,Male,2006-11-18,21:01:50,-24.58497,26.59821
1309078632,AM196,GeorgeJoss,Male,2006-11-18,11:04:08,-24.63218,26.54411
1309078633,AM196,GeorgeJoss,Male,2006-11-21,23:00:39,-24.55768,26.68592
1309078634,AM124,Challenger,Male,2006-11-21,03:05:19,-24.65216,27.11014
1309078635,AM196,GeorgeJoss,Male,2006-11-19,00:08:05,-24.58498,26.59822
1309078636,AM196,GeorgeJoss,Male,2006-11-18,23:00:51,-24.58499,26.59821
1309078637,AM196,GeorgeJoss,Male,2006-11-21,22:01:33,-24.5575,26.68609
1309078638,AM196,GeorgeJoss,Male,2006-11-21,01:01:19,-24.54231,26.66528
1309078639,AM196,GeorgeJoss,Male,2006-11-21,11:04:14,-24.53994,26.67305
1309078640,AM196,GeorgeJoss,Male,2006-11-23,04:13:02,-24.61145,26.55284
1309078641,AM124,Challenger,Male,2006-11-21,13:02:43,-24.67122,27.08337
1309078642,AM196,GeorgeJoss,Male,2006-11-20,15:01:49,-24.54249,26.66528
1309078643,AM124,Challenger,Male,2006-11-19,16:02:19,-24.66481,27.14687
1309078644,AM196,GeorgeJoss,Male,2006-11-21,06:04:22,-24.53972,26.67222
1309078645,AM196,GeorgeJoss,Male,2006-11-21,21:04:50,-24.55773,26.68602
1309078646,AM196,GeorgeJoss,Male,2006-11-19,09:02:26,-24.5687,26.62645
1309078647,AM196,GeorgeJoss,Male,2006-11-22,19:05:13,-24.5685,26.66801
1309078648,AM196,GeorgeJoss,Male,2006-11-22,21:03:26,-24.56838,26.66801
1309078649,AM196,GeorgeJoss,Male,2006-11-19,14:02:19,-24.56792,26.62483
1309078650,AM196,GeorgeJoss,Male,2006-11-24,22:01:20,-24.61583,26.52039
1309078651,AM196,GeorgeJoss,Male,2006-11-18,16:03:25,-24.61,26.58412
1309078652,AM196,GeorgeJoss,Male,2006-11-22,00:00:49,-24.55775,26.68615
1309078653,AM124,Challenger,Male,2006-11-23,00:01:19,-24.66963,27.08706
1309078654,AM196,GeorgeJoss,Male,2006-11-24,10:01:49,-24.66725,26.56133
1309078655,AM124,Challenger,Male,2006-11-24,01:01:41,-24.67902,27.08555
1309078656,AM196,GeorgeJoss,Male,2006-11-22,14:10:49,-24.57585,26.68117
1309078657,AM196,GeorgeJoss,Male,2006-11-20,10:01:37,-24.54305,26.66349
1309078658,AM196,GeorgeJoss,Male,2006-11-22,20:01:21,-24.56842,26.668
1309078659,AM196,GeorgeJoss,Male,2006-11-24,20:01:43,-24.62536,26.52592
1309078660,AM124,Challenger,Male,2006-11-24,16:02:44,-24.68007,27.08489
1309078661,AM196,GeorgeJoss,Male,2006-11-22,04:01:20,-24.5731,26.6832
1309078662,AM196,GeorgeJoss,Male,2006-11-24,21:00:49,-24.6159,26.52008
1309078663,AM124,Challenger,Male,2006-11-26,09:01:49,-24.65942,27.09467
1309078664,AM196,GeorgeJoss,Male,2006-11-22,23:00:33,-24.5684,26.66797
1309078665,AM196,GeorgeJoss,Male,2006-11-24,05:07:10,-24.66719,26.56144
1309078666,AM124,Challenger,Male,2006-11-24,06:01:49,-24.68003,27.08476
1309078667,AM196,GeorgeJoss,Male,2006-11-23,14:05:22,-24.61604,26.55173
1309078668,AM196,GeorgeJoss,Male,2006-11-22,22:10:38,-24.56857,26.66802
1309078669,AM196,GeorgeJoss,Male,2006-11-24,00:13:07,-24.62647,26.52581
1309078670,AM124,Challenger,Male,2006-11-25,22:04:49,-24.67298,27.09182
1309078671,AM196,GeorgeJoss,Male,2006-11-25,00:01:18,-24.61704,26.52887
1309078672,AM196,GeorgeJoss,Male,2006-11-24,15:05:29,-24.66727,26.56125
1309078673,AM196,GeorgeJoss,Male,2006-11-23,00:01:50,-24.5673,26.66666
1309078674,AM124,Challenger,Male,2006-11-23,10:01:20,-24.68008,27.08488
1309078675,AM196,GeorgeJoss,Male,2006-11-22,09:01:49,-24.57339,26.68375
1309078676,AM196,GeorgeJoss,Male,2006-11-24,23:02:20,-24.61563,26.52037
1309078677,AM196,GeorgeJoss,Male,2006-11-27,09:13:18,-24.55597,26.66353
1309078678,AM196,GeorgeJoss,Male,2006-11-26,23:03:13,-24.55888,26.68578
1309078679,AM124,Challenger,Male,2006-11-26,20:03:12,-24.64933,27.11266
1309078680,AM196,GeorgeJoss,Male,2006-11-25,19:01:49,-24.5954,26.59344
1309078681,AM124,Challenger,Male,2006-11-25,17:05:41,-24.67303,27.0917
1309078682,AM196,GeorgeJoss,Male,2006-11-25,14:12:14,-24.61077,26.54624
1309078683,AM196,GeorgeJoss,Male,2006-11-28,21:01:40,-24.59048,26.59044
1309078684,AM196,GeorgeJoss,Male,2006-11-27,00:00:33,-24.55841,26.68608
1309078685,AM196,GeorgeJoss,Male,2006-11-23,09:10:51,-24.61606,26.5517
1309078686,AM124,Challenger,Male,2006-11-25,23:01:50,-24.6729,27.09188
1309078687,AM124,Challenger,Male,2006-11-25,02:01:20,-24.68011,27.08491
1309078688,AM196,GeorgeJoss,Male,2006-11-26,08:09:16,-24.57123,26.62612
1309078689,AM196,GeorgeJoss,Male,2006-11-27,04:01:20,-24.56252,26.6657
1309078690,AM196,GeorgeJoss,Male,2006-11-26,18:02:19,-24.56847,26.62569
1309078691,AM196,GeorgeJoss,Male,2006-11-26,13:01:49,-24.56945,26.62493
1309078692,AM124,Challenger,Male,2006-11-26,19:05:15,-24.64957,27.11281
1309078693,AM196,GeorgeJoss,Male,2006-11-25,04:02:13,-24.62182,26.53531
1309078694,AM196,GeorgeJoss,Male,2006-11-26,03:09:13,-24.58684,26.60042
1309078695,AM196,GeorgeJoss,Male,2006-11-28,00:00:56,-24.58965,26.66396
1309078696,AM196,GeorgeJoss,Male,2006-11-25,20:00:49,-24.59221,26.59362
1309078697,AM124,Challenger,Male,2006-11-27,16:01:20,-24.65461,27.11096
1309078698,AM196,GeorgeJoss,Male,2006-11-25,21:03:16,-24.59094,26.59459
1309078699,AM196,GeorgeJoss,Male,2006-11-27,22:01:37,-24.58972,26.66389
1309078700,AM196,GeorgeJoss,Male,2006-11-27,14:01:20,-24.55195,26.66354
1309078701,AM124,Challenger,Male,2006-11-25,12:02:19,-24.67707,27.08427
1309078702,AM196,GeorgeJoss,Male,2006-11-30,09:05:31,-24.61424,26.514
1309078703,AM196,GeorgeJoss,Male,2006-11-28,14:01:37,-24.57732,26.64925
1309078704,AM196,GeorgeJoss,Male,2006-11-27,21:01:19,-24.58972,26.66389
1309078705,AM196,GeorgeJoss,Male,2006-11-30,22:00:46,-24.67625,26.56452
1309078706,AM196,GeorgeJoss,Male,2006-11-29,03:01:44,-24.60539,26.56279
1309078707,AM196,GeorgeJoss,Male,2006-11-27,19:02:09,-24.58129,26.6554
1309078708,AM196,GeorgeJoss,Male,2006-11-30,20:01:04,-24.65342,26.55398
1309078709,AM196,GeorgeJoss,Male,2006-11-27,23:00:49,-24.58973,26.66399
1309078711,AM196,GeorgeJoss,Male,2006-11-29,18:01:32,-24.62139,26.52586
1309078712,AM196,GeorgeJoss,Male,2006-11-30,21:03:50,-24.66124,26.55876
1309078713,AM124,Challenger,Male,2006-11-26,14:03:54,-24.65103,27.11061
1309078714,AM196,GeorgeJoss,Male,2006-11-30,04:05:50,-24.60901,26.51407
1309078715,AM196,GeorgeJoss,Male,2006-11-28,09:02:43,-24.57726,26.64932
1309078716,AM124,Challenger,Male,2006-11-29,08:04:49,-24.66565,27.14624
1309078717,AM196,GeorgeJoss,Male,2006-11-28,04:01:13,-24.58331,26.66114
1309078718,AM196,GeorgeJoss,Male,2006-11-28,19:01:49,-24.59043,26.59036
1309078719,AM196,GeorgeJoss,Male,2006-11-28,20:00:45,-24.5905,26.59041
1309078720,AM196,GeorgeJoss,Male,2006-11-29,08:02:19,-24.6159,26.55156
1309078721,AM124,Challenger,Male,2006-11-30,19:02:37,-24.65768,27.1361
1309078723,AM196,GeorgeJoss,Male,2006-11-30,19:01:50,-24.64289,26.54258
1309078724,AM196,GeorgeJoss,Male,2006-11-30,23:01:52,-24.66283,26.55623
1309078727,AM196,GeorgeJoss,Male,2006-11-27,20:01:19,-24.58966,26.66167
1309078732,AM196,GeorgeJoss,Male,2006-11-28,22:13:11,-24.59051,26.5905
1309078710,AM196,GeorgeJoss,Male,2006-12-02,04:02:49,-24.59904,26.65439
1309078722,AM196,GeorgeJoss,Male,2006-12-01,19:01:14,-24.57557,26.60344
1309078725,AM196,GeorgeJoss,Male,2006-12-01,09:12:37,-24.61591,26.55171
1309078726,AM196,GeorgeJoss,Male,2006-12-05,10:10:19,-24.6224,26.52805
1309078728,AM196,GeorgeJoss,Male,2006-12-01,04:00:49,-24.62153,26.54387
1309078729,AM196,GeorgeJoss,Male,2006-12-01,22:02:19,-24.5931,26.6246
1309078730,AM196,GeorgeJoss,Male,2006-12-02,19:00:50,-24.58922,26.66121
1309078731,AM124,Challenger,Male,2006-12-01,01:04:20,-24.65777,27.13607
1309078733,AM196,GeorgeJoss,Male,2006-12-06,14:03:20,-24.64042,26.54856
1309078734,AM196,GeorgeJoss,Male,2006-12-01,14:04:46,-24.61602,26.55173
1309078735,AM196,GeorgeJoss,Male,2006-12-03,07:06:43,-24.54315,26.66319
1309078736,AM124,Challenger,Male,2006-12-05,16:04:35,-24.74655,27.09366
1309078737,AM196,GeorgeJoss,Male,2006-12-02,21:11:30,-24.58913,26.66125
1309078738,AM196,GeorgeJoss,Male,2006-12-03,12:01:49,-24.54309,26.6633
1309078739,AM124,Challenger,Male,2006-12-04,19:03:08,-24.75291,27.08415
1309078740,AM196,GeorgeJoss,Male,2006-12-02,14:08:20,-24.5965,26.66503
1309078741,AM196,GeorgeJoss,Male,2006-12-01,21:01:08,-24.5741,26.60981
1309078742,AM196,GeorgeJoss,Male,2006-12-03,02:02:08,-24.57641,26.6552
1309078743,AM124,Challenger,Male,2006-12-06,07:05:36,-24.75319,27.08368
1309078744,AM196,GeorgeJoss,Male,2006-12-08,14:07:19,-24.56806,26.64244
1309078745,AM196,GeorgeJoss,Male,2006-12-01,23:03:03,-24.60216,26.62557
1309078746,AM196,GeorgeJoss,Male,2006-12-01,20:01:01,-24.57492,26.60354
1309078747,AM196,GeorgeJoss,Male,2006-12-05,23:01:14,-24.65614,26.54341
1309078748,AM196,GeorgeJoss,Male,2006-12-02,00:00:50,-24.60324,26.62821
1309078749,AM196,GeorgeJoss,Male,2006-12-05,15:01:20,-24.62237,26.52853
1309078750,AM196,GeorgeJoss,Male,2006-12-02,20:01:44,-24.58914,26.66118
1309078751,AM196,GeorgeJoss,Male,2006-12-03,17:00:49,-24.54314,26.66362
1309078752,AM196,GeorgeJoss,Male,2006-12-05,22:01:29,-24.64588,26.54559
1309078753,AM196,GeorgeJoss,Male,2006-12-01,00:00:59,-24.64666,26.53901
1309078754,AM196,GeorgeJoss,Male,2006-12-09,23:00:49,-24.54999,26.63948
1309078755,AM196,GeorgeJoss,Male,2006-12-02,09:08:38,-24.59865,26.65471
1309078756,AM196,GeorgeJoss,Male,2006-12-07,12:08:19,-24.61939,26.5303
1309078757,AM196,GeorgeJoss,Male,2006-12-06,00:00:49,-24.66193,26.55107
1309078758,AM124,Challenger,Male,2006-12-07,08:02:20,-24.77827,27.14908
1309078759,AM196,GeorgeJoss,Male,2006-12-05,20:01:19,-24.64369,26.53506
1309078760,AM196,GeorgeJoss,Male,2006-12-08,09:02:19,-24.56815,26.64773
1309078761,AM196,GeorgeJoss,Male,2006-12-08,04:10:49,-24.56389,26.65202
1309078762,AM196,GeorgeJoss,Male,2006-12-07,22:05:19,-24.62357,26.52822
1309078763,AM124,Challenger,Male,2006-12-06,02:04:15,-24.75196,27.08514
1309078764,AM196,GeorgeJoss,Male,2006-12-07,23:00:32,-24.60972,26.54397
1309078765,AM196,GeorgeJoss,Male,2006-12-06,20:00:50,-24.63875,26.53821
1309078766,AM124,Challenger,Male,2006-12-06,17:04:05,-24.75635,27.08255
1309078767,AM124,Challenger,Male,2006-12-06,12:11:09,-24.75634,27.08388
1309078768,AM196,GeorgeJoss,Male,2006-12-09,09:05:49,-24.55052,26.64237
1309078769,AM196,GeorgeJoss,Male,2006-12-06,09:01:19,-24.64067,26.54877
1309078770,AM196,GeorgeJoss,Male,2006-12-08,00:00:50,-24.59956,26.57322
1309078771,AM196,GeorgeJoss,Male,2006-12-08,19:00:50,-24.55777,26.64459
1309078772,AM196,GeorgeJoss,Male,2006-12-07,17:00:50,-24.61824,26.52586
1309078773,AM196,GeorgeJoss,Male,2006-12-05,21:00:26,-24.64315,26.53826
1309078774,AM196,GeorgeJoss,Male,2006-12-06,04:05:19,-24.64979,26.55221
1309078775,AM196,GeorgeJoss,Male,2006-12-11,00:00:59,-24.56192,26.65657
1309078776,AM196,GeorgeJoss,Male,2006-12-07,07:03:13,-24.61935,26.53021
1309078777,AM124,Challenger,Male,2006-12-09,05:04:20,-24.66891,27.01923
1309078778,AM196,GeorgeJoss,Male,2006-12-08,22:08:12,-24.5576,26.64462
1309078779,AM196,GeorgeJoss,Male,2006-12-10,04:05:14,-24.55009,26.63712
1309078780,AM196,GeorgeJoss,Male,2006-12-12,00:07:27,-24.54602,26.70779
1309078781,AM196,GeorgeJoss,Male,2006-12-10,14:01:50,-24.55434,26.66268
1309078782,AM196,GeorgeJoss,Male,2006-12-09,20:01:09,-24.55035,26.63941
1309078783,AM124,Challenger,Male,2006-12-11,17:05:19,-24.66598,27.14618
1309078784,AM196,GeorgeJoss,Male,2006-12-06,19:02:50,-24.63879,26.53822
1309078785,AM196,GeorgeJoss,Male,2006-12-08,20:00:38,-24.55773,26.64456
1309078786,AM196,GeorgeJoss,Male,2006-12-10,20:00:32,-24.55696,26.66431
1309078787,AM196,GeorgeJoss,Male,2006-12-10,21:00:49,-24.55687,26.66433
1309078788,AM196,GeorgeJoss,Male,2006-12-09,04:03:45,-24.55786,26.64475
1309078789,AM196,GeorgeJoss,Male,2006-12-10,23:01:19,-24.55919,26.66053
1309078790,AM196,GeorgeJoss,Male,2006-12-09,19:01:19,-24.55035,26.63943
1309078791,AM196,GeorgeJoss,Male,2006-12-10,00:01:14,-24.54996,26.63912
1309078792,AM196,GeorgeJoss,Male,2006-12-09,14:01:19,-24.55059,26.64204
1309078793,AM196,GeorgeJoss,Male,2006-12-11,22:00:50,-24.55671,26.68952
1309078794,AM196,GeorgeJoss,Male,2006-12-10,22:01:26,-24.55611,26.66258
1309078795,AM196,GeorgeJoss,Male,2006-12-09,22:01:09,-24.55012,26.63985
1309078796,AM196,GeorgeJoss,Male,2006-12-09,21:11:19,-24.55046,26.63947
1309078797,AM196,GeorgeJoss,Male,2006-12-13,23:11:43,-24.58499,26.60471
1309078798,AM196,GeorgeJoss,Male,2006-12-10,19:05:07,-24.56273,26.65872
1309078799,AM196,GeorgeJoss,Male,2006-12-11,04:10:13,-24.5654,26.65057
1309078800,AM196,GeorgeJoss,Male,2006-12-08,21:01:37,-24.55772,26.64449
1309078801,AM196,GeorgeJoss,Male,2006-12-11,20:00:56,-24.56233,26.66188
1309078802,AM196,GeorgeJoss,Male,2006-12-12,14:11:44,-24.54305,26.66331
1309078803,AM196,GeorgeJoss,Male,2006-12-11,19:09:27,-24.56236,26.65792
1309078804,AM196,GeorgeJoss,Male,2006-12-10,09:06:19,-24.55313,26.66333
1309078805,AM124,Challenger,Male,2006-12-12,08:04:43,-24.67892,27.13691
1309078806,AM196,GeorgeJoss,Male,2006-12-12,20:12:13,-24.57228,26.62737
1309078807,AM196,GeorgeJoss,Male,2006-12-16,09:05:19,-24.57196,26.64988
1309078808,AM196,GeorgeJoss,Male,2006-12-11,09:05:50,-24.56599,26.65089
1309078809,AM124,Challenger,Male,2006-12-10,11:02:15,-24.66664,27.08605
1309078810,AM124,Challenger,Male,2006-12-13,04:04:10,-24.66617,27.14444
1309078811,AM196,GeorgeJoss,Male,2006-12-13,18:04:51,-24.56285,26.65886
1309078812,AM124,Challenger,Male,2006-12-13,14:05:40,-24.66618,27.14453
1309078813,AM124,Challenger,Male,2006-12-12,03:03:44,-24.66653,27.14507
1309078814,AM196,GeorgeJoss,Male,2006-12-11,21:00:33,-24.56415,26.67924
1309078815,AM196,GeorgeJoss,Male,2006-12-12,09:01:19,-24.54305,26.66301
1309078816,AM196,GeorgeJoss,Male,2006-12-13,08:11:50,-24.54555,26.66642
1309078817,AM196,GeorgeJoss,Male,2006-12-11,23:01:46,-24.54815,26.70336
1309078818,AM196,GeorgeJoss,Male,2006-12-14,21:08:21,-24.58196,26.60224
1309078819,AM196,GeorgeJoss,Male,2006-12-13,03:06:37,-24.55242,26.66338
1309078820,AM124,Challenger,Male,2006-12-12,18:01:19,-24.67836,27.13405
1309078821,AM196,GeorgeJoss,Male,2006-12-12,21:00:26,-24.57224,26.62743
1309078822,AM196,GeorgeJoss,Male,2006-12-18,21:11:43,-24.57239,26.62735
1309078823,AM196,GeorgeJoss,Male,2006-12-14,00:00:58,-24.59326,26.58555
1309078824,AM196,GeorgeJoss,Male,2006-12-11,14:02:43,-24.56573,26.65077
1309078825,AM124,Challenger,Male,2006-12-12,13:03:07,-24.67852,27.13397
1309078826,AM196,GeorgeJoss,Male,2006-12-14,14:01:19,-24.61876,26.53049
1309078827,AM196,GeorgeJoss,Male,2006-12-17,00:01:38,-24.60463,26.64824
1309078828,AM196,GeorgeJoss,Male,2006-12-14,19:06:28,-24.59656,26.58593
1309078829,AM196,GeorgeJoss,Male,2006-12-12,19:08:20,-24.5727,26.62952
1309078830,AM196,GeorgeJoss,Male,2006-12-14,04:01:19,-24.61812,26.52986
1309078831,AM196,GeorgeJoss,Male,2006-12-17,10:01:20,-24.54704,26.66537
1309078832,AM124,Challenger,Male,2006-12-20,16:01:45,-24.60754,27.1488
1309078833,AM196,GeorgeJoss,Male,2006-12-15,23:01:43,-24.56709,26.66946
1309078834,AM196,GeorgeJoss,Male,2006-12-17,20:06:36,-24.54367,26.66562
1309078835,AM196,GeorgeJoss,Male,2006-12-12,04:13:13,-24.55478,26.66356
1309078836,AM196,GeorgeJoss,Male,2006-12-18,16:01:21,-24.54036,26.65866
1309078837,AM196,GeorgeJoss,Male,2006-12-15,08:12:51,-24.54697,26.6653
1309078838,AM196,GeorgeJoss,Male,2006-12-16,19:13:22,-24.59881,26.63553
1309078839,AM196,GeorgeJoss,Male,2006-12-19,14:03:19,-24.59816,26.5917
1309078840,AM196,GeorgeJoss,Male,2006-12-18,11:01:21,-24.54293,26.66262
1309078841,AM196,GeorgeJoss,Male,2006-12-14,20:04:14,-24.58899,26.59642
1309078842,AM196,GeorgeJoss,Male,2006-12-15,18:01:19,-24.55901,26.66474
1309078843,AM196,GeorgeJoss,Male,2006-12-18,01:11:50,-24.5437,26.66561
1309078844,AM124,Challenger,Male,2006-12-22,08:05:47,-24.60229,27.12712
1309078845,AM196,GeorgeJoss,Male,2006-12-16,04:01:08,-24.56838,26.65052
1309078846,AM196,GeorgeJoss,Male,2006-12-17,15:01:21,-24.54682,26.6657
1309078847,AM196,GeorgeJoss,Male,2006-12-19,04:02:14,-24.59999,26.59831
1309078848,AM196,GeorgeJoss,Male,2006-12-19,00:00:33,-24.58313,26.60844
1309078849,AM196,GeorgeJoss,Male,2006-12-18,22:00:53,-24.57225,26.62753
1309078850,AM196,GeorgeJoss,Male,2006-12-14,09:03:19,-24.61871,26.53025
1309078851,AM196,GeorgeJoss,Male,2006-12-18,06:02:38,-24.54284,26.66257
1309078852,AM196,GeorgeJoss,Male,2006-12-16,00:01:13,-24.56286,26.65882
1309078853,AM196,GeorgeJoss,Male,2006-12-20,09:01:49,-24.61935,26.54842
1309078854,AM196,GeorgeJoss,Male,2006-12-18,23:00:32,-24.57467,26.61948
1309078855,AM196,GeorgeJoss,Male,2006-12-17,05:09:49,-24.57336,26.65517
1309078856,AM196,GeorgeJoss,Male,2006-12-20,19:01:37,-24.59905,26.59452
1309078857,AM196,GeorgeJoss,Male,2006-12-24,05:08:37,-24.60868,26.54245
1309078858,AM196,GeorgeJoss,Male,2006-12-19,21:01:02,-24.62429,26.52861
1309078859,AM124,Challenger,Male,2006-12-21,12:04:15,-24.60752,27.13029
1309078860,AM124,Challenger,Male,2006-12-22,03:03:20,-24.60192,27.1205
1309078861,AM196,GeorgeJoss,Male,2006-12-21,17:03:49,-24.59485,26.59529
1309078862,AM196,GeorgeJoss,Male,2006-12-16,14:02:19,-24.5722,26.6495
1309078863,AM196,GeorgeJoss,Male,2006-12-20,04:03:16,-24.62379,26.53733
1309078864,AM196,GeorgeJoss,Male,2006-12-19,19:02:38,-24.61536,26.53641
1309078865,AM196,GeorgeJoss,Male,2006-12-19,09:01:49,-24.60159,26.59604
1309078866,AM124,Challenger,Male,2006-12-23,14:05:36,-24.60126,27.16482
1309078867,AM196,GeorgeJoss,Male,2006-12-19,20:00:49,-24.62423,26.52861
1309078868,AM196,GeorgeJoss,Male,2006-12-21,07:01:37,-24.59618,26.59518
1309078869,AM196,GeorgeJoss,Male,2006-12-20,20:04:29,-24.59904,26.59492
1309078870,AM196,GeorgeJoss,Male,2006-12-25,21:01:43,-24.66183,26.55485
1309078871,AM196,GeorgeJoss,Male,2006-12-19,23:00:32,-24.62346,26.52775
1309078872,AM196,GeorgeJoss,Male,2006-12-22,18:02:20,-24.57163,26.65734
1309078873,AM124,Challenger,Male,2006-12-22,13:02:07,-24.60596,27.12898
1309078874,AM196,GeorgeJoss,Male,2006-12-22,13:02:49,-24.57273,26.65964
1309078875,AM124,Challenger,Male,2006-12-19,15:00:50,-24.6196,27.18987
1309078876,AM196,GeorgeJoss,Male,2006-12-21,12:03:08,-24.5964,26.59489
1309078877,AM196,GeorgeJoss,Male,2006-12-19,22:04:38,-24.62394,26.52825
1309078878,AM196,GeorgeJoss,Male,2006-12-22,03:02:19,-24.56901,26.67113
1309078879,AM196,GeorgeJoss,Male,2006-12-27,09:01:21,-24.6296,26.54243
1309078880,AM196,GeorgeJoss,Male,2006-12-23,09:07:49,-24.56847,26.64494
1309078881,AM196,GeorgeJoss,Male,2006-12-20,14:00:49,-24.61927,26.54847
1309078882,AM196,GeorgeJoss,Male,2006-12-24,20:02:43,-24.64292,26.54223
1309078883,AM196,GeorgeJoss,Male,2006-12-24,22:01:03,-24.64341,26.54297
1309078884,AM196,GeorgeJoss,Male,2006-12-25,04:01:25,-24.66594,26.56158
1309078885,AM196,GeorgeJoss,Male,2006-12-20,00:00:47,-24.62365,26.52776
1309078886,AM196,GeorgeJoss,Male,2006-12-25,20:04:05,-24.66183,26.55478
1309078887,AM196,GeorgeJoss,Male,2006-12-25,19:09:37,-24.66177,26.55459
1309078888,AM196,GeorgeJoss,Male,2006-12-22,23:03:10,-24.57158,26.65717
1309078889,AM196,GeorgeJoss,Male,2006-12-23,00:00:55,-24.57166,26.65718
1309078890,AM196,GeorgeJoss,Male,2006-12-26,19:01:54,-24.6553,26.55588
1309078891,AM196,GeorgeJoss,Male,2006-12-24,15:04:43,-24.62178,26.53595
1309078892,AM196,GeorgeJoss,Male,2006-12-25,09:01:20,-24.66591,26.56159
1309078893,AM196,GeorgeJoss,Male,2006-12-25,22:00:39,-24.66029,26.55735
1309078894,AM124,Challenger,Male,2006-12-29,17:04:19,-24.79277,27.11819
1309078895,AM196,GeorgeJoss,Male,2006-12-24,23:03:21,-24.64349,26.54305
1309078896,AM124,Challenger,Male,2006-12-24,15:05:27,-24.60889,27.14968
1309078897,AM196,GeorgeJoss,Male,2006-12-23,04:03:49,-24.56494,26.64987
1309078898,AM196,GeorgeJoss,Male,2006-12-22,08:02:19,-24.57253,26.65965
1309078899,AM196,GeorgeJoss,Male,2006-12-26,09:02:08,-24.64181,26.54963
1309078900,AM196,GeorgeJoss,Male,2006-12-26,04:05:19,-24.65456,26.55686
1309078901,AM196,GeorgeJoss,Male,2006-12-25,14:02:07,-24.66592,26.56164
1309078902,AM196,GeorgeJoss,Male,2006-12-23,14:03:07,-24.56858,26.64499
1309078903,AM196,GeorgeJoss,Male,2006-12-28,06:02:43,-24.58112,26.57745
1309078904,AM196,GeorgeJoss,Male,2006-12-30,19:10:50,-24.55111,26.69813
1309078905,AM196,GeorgeJoss,Male,2006-12-27,20:12:54,-24.61521,26.52105
1309078906,AM124,Challenger,Male,2006-12-28,05:05:25,-24.71437,27.07604
1309078907,AM124,Challenger,Male,2006-12-26,22:01:19,-24.70882,27.08294
1309078908,AM196,GeorgeJoss,Male,2006-12-26,22:01:25,-24.65626,26.55696
1309078909,AM196,GeorgeJoss,Male,2006-12-24,21:00:49,-24.64292,26.54257
1309078910,AM196,GeorgeJoss,Male,2006-12-24,10:02:19,-24.62173,26.53616
1309078911,AM124,Challenger,Male,2006-12-29,12:01:49,-24.78262,27.1184
1309078912,AM124,Challenger,Male,2006-12-29,02:01:20,-24.75379,27.0827
1309078913,AM196,GeorgeJoss,Male,2006-12-27,19:02:49,-24.61521,26.52108
1309078914,AM124,Challenger,Male,2006-12-30,08:02:07,-24.79519,27.11305
1309078915,AM196,GeorgeJoss,Male,2006-12-26,14:01:13,-24.64263,26.54653
1309078916,AM196,GeorgeJoss,Male,2006-12-26,20:01:28,-24.65629,26.55678
1309078917,AM196,GeorgeJoss,Male,2006-12-28,11:11:08,-24.57737,26.5869
1309078918,AM124,Challenger,Male,2006-12-28,20:02:43,-24.7518,27.08323
1309078919,AM196,GeorgeJoss,Male,2006-12-31,20:00:47,-24.3904,26.80777
1309078920,AM196,GeorgeJoss,Male,2006-12-29,02:01:19,-24.57434,26.59126
1309078921,AM196,GeorgeJoss,Male,2006-12-27,04:06:14,-24.63747,26.5415
1309078922,AM196,GeorgeJoss,Male,2006-12-26,21:01:03,-24.65608,26.5565
1309078923,AM124,Challenger,Male,2006-12-26,23:02:16,-24.70803,27.08122
1309078924,AM196,GeorgeJoss,Male,2006-12-29,23:00:33,-24.57219,26.62729
1309078925,AM196,GeorgeJoss,Male,2006-12-29,22:01:37,-24.57222,26.62735
1309078926,AM196,GeorgeJoss,Male,2006-12-28,16:02:14,-24.57736,26.58678
1309078927,AM196,GeorgeJoss,Male,2006-12-26,23:05:23,-24.65629,26.55676
1309078929,AM124,Challenger,Male,2006-12-31,14:02:19,-24.79258,27.12345
1309078930,AM124,Challenger,Male,2006-12-31,04:03:43,-24.79354,27.1239
1309078931,AM196,GeorgeJoss,Male,2006-12-30,04:13:20,-24.56649,26.64612
1309078932,AM196,GeorgeJoss,Male,2006-12-29,12:07:49,-24.56987,26.62008
1309078933,AM196,GeorgeJoss,Male,2006-12-30,22:01:43,-24.52063,26.763
1309078934,AM124,Challenger,Male,2006-12-28,00:05:30,-24.71434,27.07608
1309078935,AM196,GeorgeJoss,Male,2006-12-27,14:10:38,-24.62968,26.54242
1309078937,AM124,Challenger,Male,2006-12-31,09:01:19,-24.79199,27.12349
1309078938,AM196,GeorgeJoss,Male,2006-12-31,14:01:49,-24.45737,26.76359
1309078940,AM124,Challenger,Male,2006-12-30,03:02:43,-24.79159,27.11533
1309078941,AM196,GeorgeJoss,Male,2006-12-31,19:11:37,-24.4125,26.78563
1309078942,AM196,GeorgeJoss,Male,2006-12-30,21:00:55,-24.52928,26.72558
1309078943,AM124,Challenger,Male,2006-12-30,18:02:50,-24.78819,27.13183
1309078944,AM196,GeorgeJoss,Male,2006-12-31,04:00:50,-24.45593,26.76477
1309078946,AM196,GeorgeJoss,Male,2006-12-30,14:06:14,-24.54287,26.66279
1309078947,AM196,GeorgeJoss,Male,2006-12-31,21:01:13,-24.38628,26.81986
1309078949,AM196,GeorgeJoss,Male,2006-12-30,00:05:51,-24.57223,26.62731
1309078950,AM196,GeorgeJoss,Male,2006-12-29,17:03:20,-24.57094,26.62466
1309078951,AM196,GeorgeJoss,Male,2006-12-31,09:12:19,-24.4559,26.76413
1309078952,AM196,GeorgeJoss,Male,2006-12-30,09:04:39,-24.56072,26.65666
1309078957,AM196,GeorgeJoss,Male,2006-12-31,22:01:48,-24.38626,26.81974
1309078959,AM196,GeorgeJoss,Male,2006-12-30,23:13:14,-24.49939,26.77106
1309078960,AM196,GeorgeJoss,Male,2006-12-30,20:00:47,-24.54823,26.70729
1309078251,-9999,CBU,Male,2005-01-24,-9999,-24.42047,26.77483
1309078258,AM196,GeorgeJoss,Male,2005-01-25,-9999,-24.35886,26.82372
1309078259,AM196,GeorgeJoss,Male,2005-01-18,-9999,-24.40542,26.75642
1309078263,-9999,CBU,Male,2005-01-25,-9999,-24.35886,26.82372
1309078272,AM196,GeorgeJoss,Male,2005-01-24,-9999,-24.42047,26.77483
1309078200,AM196,GeorgeJoss,Male,2004-01-28,-9999,-24.49275,26.75744
1309078215,AM196,GeorgeJoss,Male,2004-01-29,-9999,-24.50303,26.78811
1309078223,AM196,GeorgeJoss,Male,2004-01-29,-9999,-24.52167,26.78067
1309078207,AM196,GeorgeJoss,Male,2004-02-17,-9999,-24.44447,26.63717
1309078210,AM196,GeorgeJoss,Male,2004-02-17,-9999,-24.5275,26.66939
1309078216,AM196,GeorgeJoss,Male,2004-02-18,-9999,-24.58161,26.69003
1309078231,AM196,GeorgeJoss,Male,2004-02-18,-9999,-24.56728,26.68889
1309078230,AM196,GeorgeJoss,Male,2004-03-30,-9999,-24.42953,26.7895
1309078232,AM196,GeorgeJoss,Male,2004-03-29,-9999,-24.42858,26.801
1309078239,AM196,GeorgeJoss,Male,2004-03-30,-9999,-24.42228,26.73483
1309078240,AM196,GeorgeJoss,Male,2004-03-01,-9999,-24.48494,26.81578
1309078245,AM196,GeorgeJoss,Male,2004-03-01,-9999,-24.49453,26.82742
1309078246,AM196,GeorgeJoss,Male,2004-03-31,-9999,-24.42975,26.73383
1309078228,AM196,GeorgeJoss,Male,2004-04-01,-9999,-24.43308,26.74192
1309078234,AM196,GeorgeJoss,Male,2004-04-06,-9999,-24.51897,26.81517
1309078242,AM196,GeorgeJoss,Male,2004-04-05,-9999,-24.51681,26.81494
1309078226,-9999,CBU,Male,2004-05-03,-9999,-24.53342,26.79681
1309078233,AM196,GeorgeJoss,Male,2004-05-04,-9999,-24.49386,26.77436
1309078237,AM196,GeorgeJoss,Male,2004-05-24,-9999,-24.43256,26.67142
1309078238,AM196,GeorgeJoss,Male,2004-05-04,-9999,-24.51528,26.7935
1309078244,AM196,GeorgeJoss,Male,2004-05-24,-9999,-24.44328,26.65408
1309078247,AM196,GeorgeJoss,Male,2004-05-03,-9999,-24.53342,26.79681
1309078227,-9999,CBU,Male,2004-06-23,-9999,-24.43544,26.77636
1309078235,-9999,CBU,Male,2004-06-22,-9999,-24.43858,26.77411
1309078241,-9999,CBU,Male,2004-06-23,-9999,-24.42275,26.78247
1309078250,-9999,CBU,Male,2004-06-22,-9999,-24.44122,26.78883
1309078249,-9999,CBU,Male,2004-07-23,-9999,-24.46406,26.63906
1309078225,AM196,GeorgeJoss,Male,2004-09-14,-9999,-24.57758,26.69156
1309078236,-9999,CBU,Male,2004-09-15,-9999,-24.46306,26.71411
1309078243,-9999,CBU,Male,2004-09-15,-9999,-24.41661,26.68567
1309078257,AM196,GeorgeJoss,Male,2004-09-15,-9999,-24.56867,26.68075
1309078268,-9999,CBU,Male,2004-09-17,-9999,-24.40075,26.66717
1309078252,AM196,GeorgeJoss,Male,2004-10-13,-9999,-24.53144,26.66481
1309078253,AM196,GeorgeJoss,Male,2004-10-24,-9999,-24.53144,26.66483
1309078255,AM196,GeorgeJoss,Male,2004-10-26,-9999,-24.52964,26.66467
1309078256,AM196,GeorgeJoss,Male,2004-10-14,-9999,-24.52564,26.66564
1309078262,AM196,GeorgeJoss,Male,2004-10-25,-9999,-24.41389,26.61578
1309078270,-9999,CBU,Male,2004-10-26,-9999,-24.42147,26.80475
1309078275,AM196,GeorgeJoss,Male,2004-10-12,-9999,-24.57717,26.62831
1309078265,AM196,GeorgeJoss,Male,2004-11-24,-9999,-24.41586,26.70625
1309078229,AM196,GeorgeJoss,Male,2004,-9999,-24.58894,26.68572
1309078205,AM196,GeorgeJoss,Male,2003-09-18,-9999,-24.55788,26.6645
1309078206,AM196,GeorgeJoss,Male,2003-09-30,-9999,-24.55581,26.67081
1309078218,AM196,GeorgeJoss,Male,2003-09-29,-9999,-24.55433,26.66861
1309078219,AM196,GeorgeJoss,Male,2003-09-22,-9999,-24.47206,26.70517
1309078201,AM196,GeorgeJoss,Male,2003-10-30,-9999,-24.50019,26.83797
1309078202,AM196,GeorgeJoss,Male,2003-10-01,-9999,-24.52342,26.72219
1309078203,AM196,GeorgeJoss,Male,2003-10-29,-9999,-24.53269,26.73053
1309078204,AM196,GeorgeJoss,Male,2003-10-27,-9999,-24.54072,26.67108
1309078208,AM196,GeorgeJoss,Male,2003-10-30,-9999,-24.49908,26.83364
1309078209,AM196,GeorgeJoss,Male,2003-10-01,-9999,-24.54189,26.66911
1309078212,AM196,GeorgeJoss,Male,2003-10-28,-9999,-24.55139,26.72031
1309078213,AM196,GeorgeJoss,Male,2003-10-28,-9999,-24.55783,26.70708
1309078214,AM196,GeorgeJoss,Male,2003-10-31,-9999,-24.47381,26.84175
1309078221,AM196,GeorgeJoss,Male,2003-10-23,-9999,-24.47194,26.76022
1309078222,AM196,GeorgeJoss,Male,2003-10-24,-9999,-24.485,26.72414
1309078224,AM196,GeorgeJoss,Male,2003-10-29,-9999,-24.52528,26.76703
1309078211,AM196,GeorgeJoss,Male,2003-11-04,-9999,-24.45242,26.71228
1309078217,AM196,GeorgeJoss,Male,2003-11-25,-9999,-24.57631,26.69056
1309078220,AM196,GeorgeJoss,Male,2003-11-05,-9999,-24.55569,26.67353
