row,column,easting_m,northing_m,center_classification_evidence
93,2024,581089.81329282,-1837596.102480766,mixed_or_disagreeing
96,2027,584089.81329282,-1840596.102480766,mixed_or_disagreeing
97,2036,593089.81329282,-1841596.102480766,water_agreement_all_years
97,2037,594089.81329282,-1841596.102480766,water_agreement_all_years
97,2038,595089.81329282,-1841596.102480766,water_agreement_all_years
97,2039,596089.81329282,-1841596.102480766,water_agreement_all_years
97,2040,597089.81329282,-1841596.102480766,water_agreement_all_years
98,2044,601089.81329282,-1842596.102480766,water_agreement_all_years
100,2041,598089.81329282,-1844596.102480766,water_agreement_all_years
101,2035,592089.81329282,-1845596.102480766,water_agreement_all_years
102,2044,601089.81329282,-1846596.102480766,water_agreement_all_years
103,1904,461089.81329282,-1847596.102480766,mixed_or_disagreeing
197,1822,379089.81329282,-1941596.102480766,mixed_or_disagreeing
198,1810,367089.81329282,-1942596.102480766,water_agreement_all_years
199,1809,366089.81329282,-1943596.102480766,mixed_or_disagreeing
199,1810,367089.81329282,-1943596.102480766,water_agreement_all_years
199,1811,368089.81329282,-1943596.102480766,water_agreement_all_years
199,1812,369089.81329282,-1943596.102480766,mixed_or_disagreeing
201,1782,339089.81329282,-1945596.102480766,mixed_or_disagreeing
201,1787,344089.81329282,-1945596.102480766,mixed_or_disagreeing
201,1788,345089.81329282,-1945596.102480766,mixed_or_disagreeing
201,1798,355089.81329282,-1945596.102480766,mixed_or_disagreeing
201,1799,356089.81329282,-1945596.102480766,mixed_or_disagreeing
201,1809,366089.81329282,-1945596.102480766,mixed_or_disagreeing
201,1810,367089.81329282,-1945596.102480766,water_agreement_all_years
201,1836,393089.81329282,-1945596.102480766,water_agreement_all_years
203,1783,340089.81329282,-1947596.102480766,mixed_or_disagreeing
203,1819,376089.81329282,-1947596.102480766,water_agreement_all_years
203,1820,377089.81329282,-1947596.102480766,water_agreement_all_years
203,1821,378089.81329282,-1947596.102480766,water_agreement_all_years
203,1822,379089.81329282,-1947596.102480766,water_agreement_all_years
203,1842,399089.81329282,-1947596.102480766,mixed_or_disagreeing
203,1846,403089.81329282,-1947596.102480766,mixed_or_disagreeing
204,1795,352089.81329282,-1948596.102480766,mixed_or_disagreeing
204,1796,353089.81329282,-1948596.102480766,water_agreement_all_years
204,1804,361089.81329282,-1948596.102480766,mixed_or_disagreeing
204,1821,378089.81329282,-1948596.102480766,mixed_or_disagreeing
204,1822,379089.81329282,-1948596.102480766,land_agreement_all_years
205,1786,343089.81329282,-1949596.102480766,water_agreement_all_years
205,1819,376089.81329282,-1949596.102480766,water_agreement_all_years
205,1820,377089.81329282,-1949596.102480766,water_agreement_all_years
205,1821,378089.81329282,-1949596.102480766,water_agreement_all_years
206,1799,356089.81329282,-1950596.102480766,mixed_or_disagreeing
206,1800,357089.81329282,-1950596.102480766,mixed_or_disagreeing
206,1834,391089.81329282,-1950596.102480766,mixed_or_disagreeing
206,1835,392089.81329282,-1950596.102480766,water_agreement_all_years
206,1847,404089.81329282,-1950596.102480766,water_agreement_all_years
206,1848,405089.81329282,-1950596.102480766,mixed_or_disagreeing
207,1798,355089.81329282,-1951596.102480766,water_agreement_all_years
208,1781,338089.81329282,-1952596.102480766,mixed_or_disagreeing
208,1782,339089.81329282,-1952596.102480766,mixed_or_disagreeing
208,1791,348089.81329282,-1952596.102480766,water_agreement_all_years
208,1792,349089.81329282,-1952596.102480766,mixed_or_disagreeing
208,1793,350089.81329282,-1952596.102480766,water_agreement_all_years
208,1798,355089.81329282,-1952596.102480766,water_agreement_all_years
209,1780,337089.81329282,-1953596.102480766,mixed_or_disagreeing
211,1847,404089.81329282,-1955596.102480766,water_agreement_all_years
211,1849,406089.81329282,-1955596.102480766,mixed_or_disagreeing
211,1850,407089.81329282,-1955596.102480766,water_agreement_all_years
211,1851,408089.81329282,-1955596.102480766,mixed_or_disagreeing
211,1855,412089.81329282,-1955596.102480766,mixed_or_disagreeing
213,1769,326089.81329282,-1957596.102480766,mixed_or_disagreeing
213,1778,335089.81329282,-1957596.102480766,water_agreement_all_years
213,1822,379089.81329282,-1957596.102480766,land_agreement_all_years
213,1823,380089.81329282,-1957596.102480766,mixed_or_disagreeing
215,1775,332089.81329282,-1959596.102480766,mixed_or_disagreeing
217,1841,398089.81329282,-1961596.102480766,mixed_or_disagreeing
218,1773,330089.81329282,-1962596.102480766,water_agreement_all_years
219,1771,328089.81329282,-1963596.102480766,water_agreement_all_years
219,1843,400089.81329282,-1963596.102480766,mixed_or_disagreeing
222,1765,322089.81329282,-1966596.102480766,water_agreement_all_years
222,1820,377089.81329282,-1966596.102480766,mixed_or_disagreeing
223,1807,364089.81329282,-1967596.102480766,mixed_or_disagreeing
223,1813,370089.81329282,-1967596.102480766,mixed_or_disagreeing
223,1814,371089.81329282,-1967596.102480766,mixed_or_disagreeing
223,1821,378089.81329282,-1967596.102480766,mixed_or_disagreeing
223,1842,399089.81329282,-1967596.102480766,mixed_or_disagreeing
224,1764,321089.81329282,-1968596.102480766,mixed_or_disagreeing
224,1765,322089.81329282,-1968596.102480766,water_agreement_all_years
224,1813,370089.81329282,-1968596.102480766,mixed_or_disagreeing
224,1822,379089.81329282,-1968596.102480766,mixed_or_disagreeing
225,1760,317089.81329282,-1969596.102480766,water_agreement_all_years
225,1761,318089.81329282,-1969596.102480766,water_agreement_all_years
225,1764,321089.81329282,-1969596.102480766,land_agreement_all_years
225,1765,322089.81329282,-1969596.102480766,water_agreement_all_years
225,1811,368089.81329282,-1969596.102480766,mixed_or_disagreeing
225,1821,378089.81329282,-1969596.102480766,mixed_or_disagreeing
226,1819,376089.81329282,-1970596.102480766,mixed_or_disagreeing
226,1820,377089.81329282,-1970596.102480766,mixed_or_disagreeing
227,1789,346089.81329282,-1971596.102480766,mixed_or_disagreeing
227,1800,357089.81329282,-1971596.102480766,water_agreement_all_years
227,1802,359089.81329282,-1971596.102480766,mixed_or_disagreeing
227,1803,360089.81329282,-1971596.102480766,mixed_or_disagreeing
227,1805,362089.81329282,-1971596.102480766,mixed_or_disagreeing
227,1819,376089.81329282,-1971596.102480766,mixed_or_disagreeing
227,1841,398089.81329282,-1971596.102480766,mixed_or_disagreeing
228,1755,312089.81329282,-1972596.102480766,mixed_or_disagreeing
228,1767,324089.81329282,-1972596.102480766,water_agreement_all_years
228,1768,325089.81329282,-1972596.102480766,water_agreement_all_years
229,1758,315089.81329282,-1973596.102480766,mixed_or_disagreeing
229,1767,324089.81329282,-1973596.102480766,mixed_or_disagreeing
229,1768,325089.81329282,-1973596.102480766,mixed_or_disagreeing
229,1800,357089.81329282,-1973596.102480766,mixed_or_disagreeing
230,1762,319089.81329282,-1974596.102480766,water_agreement_all_years
230,1763,320089.81329282,-1974596.102480766,water_agreement_all_years
230,1779,336089.81329282,-1974596.102480766,water_agreement_all_years
230,1781,338089.81329282,-1974596.102480766,water_agreement_all_years
230,1782,339089.81329282,-1974596.102480766,water_agreement_all_years
230,1800,357089.81329282,-1974596.102480766,mixed_or_disagreeing
230,1823,380089.81329282,-1974596.102480766,mixed_or_disagreeing
231,1758,315089.81329282,-1975596.102480766,mixed_or_disagreeing
231,1760,317089.81329282,-1975596.102480766,mixed_or_disagreeing
231,1775,332089.81329282,-1975596.102480766,mixed_or_disagreeing
231,1776,333089.81329282,-1975596.102480766,mixed_or_disagreeing
231,1779,336089.81329282,-1975596.102480766,mixed_or_disagreeing
231,1780,337089.81329282,-1975596.102480766,mixed_or_disagreeing
231,1781,338089.81329282,-1975596.102480766,land_agreement_all_years
231,1782,339089.81329282,-1975596.102480766,mixed_or_disagreeing
231,1824,381089.81329282,-1975596.102480766,mixed_or_disagreeing
232,1771,328089.81329282,-1976596.102480766,water_agreement_all_years
232,1772,329089.81329282,-1976596.102480766,water_agreement_all_years
232,1773,330089.81329282,-1976596.102480766,water_agreement_all_years
232,1785,342089.81329282,-1976596.102480766,mixed_or_disagreeing
232,1798,355089.81329282,-1976596.102480766,mixed_or_disagreeing
232,1825,382089.81329282,-1976596.102480766,mixed_or_disagreeing
232,1826,383089.81329282,-1976596.102480766,water_agreement_all_years
232,1827,384089.81329282,-1976596.102480766,water_agreement_all_years
233,1739,296089.81329282,-1977596.102480766,mixed_or_disagreeing
233,1742,299089.81329282,-1977596.102480766,water_agreement_all_years
233,1771,328089.81329282,-1977596.102480766,water_agreement_all_years
233,1778,335089.81329282,-1977596.102480766,water_agreement_all_years
233,1779,336089.81329282,-1977596.102480766,water_agreement_all_years
234,1735,292089.81329282,-1978596.102480766,mixed_or_disagreeing
234,1739,296089.81329282,-1978596.102480766,mixed_or_disagreeing
234,1768,325089.81329282,-1978596.102480766,water_agreement_all_years
234,1791,348089.81329282,-1978596.102480766,water_agreement_all_years
235,1735,292089.81329282,-1979596.102480766,mixed_or_disagreeing
235,1736,293089.81329282,-1979596.102480766,mixed_or_disagreeing
235,1737,294089.81329282,-1979596.102480766,water_agreement_all_years
235,1793,350089.81329282,-1979596.102480766,mixed_or_disagreeing
235,1794,351089.81329282,-1979596.102480766,mixed_or_disagreeing
235,1795,352089.81329282,-1979596.102480766,water_agreement_all_years
236,1735,292089.81329282,-1980596.102480766,mixed_or_disagreeing
237,1729,286089.81329282,-1981596.102480766,mixed_or_disagreeing
238,1730,287089.81329282,-1982596.102480766,water_agreement_all_years
238,1731,288089.81329282,-1982596.102480766,water_agreement_all_years
238,1745,302089.81329282,-1982596.102480766,water_agreement_all_years
238,1799,356089.81329282,-1982596.102480766,mixed_or_disagreeing
243,1760,317089.81329282,-1987596.102480766,water_agreement_all_years
244,1763,320089.81329282,-1988596.102480766,mixed_or_disagreeing
247,1760,317089.81329282,-1991596.102480766,mixed_or_disagreeing
247,1761,318089.81329282,-1991596.102480766,mixed_or_disagreeing
248,1719,276089.81329282,-1992596.102480766,mixed_or_disagreeing
248,1721,278089.81329282,-1992596.102480766,mixed_or_disagreeing
248,1722,279089.81329282,-1992596.102480766,mixed_or_disagreeing
248,1759,316089.81329282,-1992596.102480766,mixed_or_disagreeing
249,1719,276089.81329282,-1993596.102480766,mixed_or_disagreeing
249,1723,280089.81329282,-1993596.102480766,mixed_or_disagreeing
249,1759,316089.81329282,-1993596.102480766,mixed_or_disagreeing
250,1723,280089.81329282,-1994596.102480766,mixed_or_disagreeing
250,1759,316089.81329282,-1994596.102480766,mixed_or_disagreeing
253,1722,279089.81329282,-1997596.102480766,mixed_or_disagreeing
257,1748,305089.81329282,-2001596.102480766,mixed_or_disagreeing
257,1749,306089.81329282,-2001596.102480766,mixed_or_disagreeing
257,1760,317089.81329282,-2001596.102480766,water_agreement_all_years
258,1753,310089.81329282,-2002596.102480766,mixed_or_disagreeing
258,1759,316089.81329282,-2002596.102480766,mixed_or_disagreeing
259,1714,271089.81329282,-2003596.102480766,mixed_or_disagreeing
260,1713,270089.81329282,-2004596.102480766,mixed_or_disagreeing
260,1714,271089.81329282,-2004596.102480766,mixed_or_disagreeing
261,1716,273089.81329282,-2005596.102480766,mixed_or_disagreeing
261,1756,313089.81329282,-2005596.102480766,mixed_or_disagreeing
262,1756,313089.81329282,-2006596.102480766,mixed_or_disagreeing
264,1709,266089.81329282,-2008596.102480766,mixed_or_disagreeing
264,1717,274089.81329282,-2008596.102480766,mixed_or_disagreeing
265,1741,298089.81329282,-2009596.102480766,mixed_or_disagreeing
267,1707,264089.81329282,-2011596.102480766,mixed_or_disagreeing
267,1715,272089.81329282,-2011596.102480766,mixed_or_disagreeing
268,1710,267089.81329282,-2012596.102480766,mixed_or_disagreeing
268,1733,290089.81329282,-2012596.102480766,water_agreement_all_years
269,1705,262089.81329282,-2013596.102480766,mixed_or_disagreeing
269,1713,270089.81329282,-2013596.102480766,water_agreement_all_years
270,1711,268089.81329282,-2014596.102480766,water_agreement_all_years
272,1706,263089.81329282,-2016596.102480766,water_agreement_all_years
275,1703,260089.81329282,-2019596.102480766,mixed_or_disagreeing
275,1719,276089.81329282,-2019596.102480766,water_agreement_all_years
276,1703,260089.81329282,-2020596.102480766,mixed_or_disagreeing
276,1719,276089.81329282,-2020596.102480766,land_agreement_all_years
277,1703,260089.81329282,-2021596.102480766,mixed_or_disagreeing
277,1708,265089.81329282,-2021596.102480766,water_agreement_all_years
277,1709,266089.81329282,-2021596.102480766,water_agreement_all_years
278,1708,265089.81329282,-2022596.102480766,land_agreement_all_years
278,1709,266089.81329282,-2022596.102480766,water_agreement_all_years
278,1710,267089.81329282,-2022596.102480766,water_agreement_all_years
278,1711,268089.81329282,-2022596.102480766,water_agreement_all_years
279,1705,262089.81329282,-2023596.102480766,mixed_or_disagreeing
279,1706,263089.81329282,-2023596.102480766,water_agreement_all_years
279,1708,265089.81329282,-2023596.102480766,water_agreement_all_years
279,1709,266089.81329282,-2023596.102480766,water_agreement_all_years
280,1703,260089.81329282,-2024596.102480766,mixed_or_disagreeing
280,1704,261089.81329282,-2024596.102480766,water_agreement_all_years
283,1699,256089.81329282,-2027596.102480766,mixed_or_disagreeing
283,1717,274089.81329282,-2027596.102480766,water_agreement_all_years
284,1698,255089.81329282,-2028596.102480766,water_agreement_all_years
286,1694,251089.81329282,-2030596.102480766,mixed_or_disagreeing
286,1712,269089.81329282,-2030596.102480766,water_agreement_all_years
286,1713,270089.81329282,-2030596.102480766,water_agreement_all_years
288,1711,268089.81329282,-2032596.102480766,mixed_or_disagreeing
290,1710,267089.81329282,-2034596.102480766,water_agreement_all_years
291,1714,271089.81329282,-2035596.102480766,water_agreement_all_years
294,1702,259089.81329282,-2038596.102480766,mixed_or_disagreeing
295,1701,258089.81329282,-2039596.102480766,water_agreement_all_years
295,1702,259089.81329282,-2039596.102480766,mixed_or_disagreeing
297,1701,258089.81329282,-2041596.102480766,water_agreement_all_years
298,1696,253089.81329282,-2042596.102480766,water_agreement_all_years
298,1697,254089.81329282,-2042596.102480766,water_agreement_all_years
298,1700,257089.81329282,-2042596.102480766,water_agreement_all_years
299,1693,250089.81329282,-2043596.102480766,water_agreement_all_years
300,1695,252089.81329282,-2044596.102480766,mixed_or_disagreeing
301,1694,251089.81329282,-2045596.102480766,water_agreement_all_years
301,1705,262089.81329282,-2045596.102480766,mixed_or_disagreeing
302,1690,247089.81329282,-2046596.102480766,mixed_or_disagreeing
303,1689,246089.81329282,-2047596.102480766,mixed_or_disagreeing
303,1706,263089.81329282,-2047596.102480766,water_agreement_all_years
304,1689,246089.81329282,-2048596.102480766,mixed_or_disagreeing
304,1690,247089.81329282,-2048596.102480766,mixed_or_disagreeing
304,1692,249089.81329282,-2048596.102480766,mixed_or_disagreeing
305,1690,247089.81329282,-2049596.102480766,mixed_or_disagreeing
305,1691,248089.81329282,-2049596.102480766,land_agreement_all_years
309,1688,245089.81329282,-2053596.102480766,water_agreement_all_years
311,1694,251089.81329282,-2055596.102480766,water_agreement_all_years
311,1699,256089.81329282,-2055596.102480766,water_agreement_all_years
311,1701,258089.81329282,-2055596.102480766,mixed_or_disagreeing
312,1694,251089.81329282,-2056596.102480766,land_agreement_all_years
315,1685,242089.81329282,-2059596.102480766,mixed_or_disagreeing
315,1693,250089.81329282,-2059596.102480766,water_agreement_all_years
316,1685,242089.81329282,-2060596.102480766,water_agreement_all_years
319,1681,238089.81329282,-2063596.102480766,water_agreement_all_years
321,1680,237089.81329282,-2065596.102480766,water_agreement_all_years
322,1680,237089.81329282,-2066596.102480766,mixed_or_disagreeing
323,1677,234089.81329282,-2067596.102480766,water_agreement_all_years
323,1678,235089.81329282,-2067596.102480766,water_agreement_all_years
324,1674,231089.81329282,-2068596.102480766,mixed_or_disagreeing
324,1675,232089.81329282,-2068596.102480766,water_agreement_all_years
327,1679,236089.81329282,-2071596.102480766,water_agreement_all_years
327,1680,237089.81329282,-2071596.102480766,water_agreement_all_years
331,1668,225089.81329282,-2075596.102480766,mixed_or_disagreeing
332,1667,224089.81329282,-2076596.102480766,mixed_or_disagreeing
333,1667,224089.81329282,-2077596.102480766,water_agreement_all_years
341,1669,226089.81329282,-2085596.102480766,water_agreement_all_years
342,1661,218089.81329282,-2086596.102480766,water_agreement_all_years
342,1669,226089.81329282,-2086596.102480766,mixed_or_disagreeing
344,1665,222089.81329282,-2088596.102480766,water_agreement_all_years
349,1664,221089.81329282,-2093596.102480766,water_agreement_all_years
350,1663,220089.81329282,-2094596.102480766,water_agreement_all_years
350,1664,221089.81329282,-2094596.102480766,water_agreement_all_years
351,1661,218089.81329282,-2095596.102480766,water_agreement_all_years
352,1663,220089.81329282,-2096596.102480766,water_agreement_all_years
352,1664,221089.81329282,-2096596.102480766,mixed_or_disagreeing
353,1662,219089.81329282,-2097596.102480766,water_agreement_all_years
356,1656,213089.81329282,-2100596.102480766,mixed_or_disagreeing
358,2039,596089.81329282,-2102596.102480766,water_agreement_all_years
363,1655,212089.81329282,-2107596.102480766,mixed_or_disagreeing
384,497,-945910.18670718,-2128596.102480766,land_agreement_all_years
385,496,-946910.18670718,-2129596.102480766,land_agreement_all_years
385,497,-945910.18670718,-2129596.102480766,mixed_or_disagreeing
386,496,-946910.18670718,-2130596.102480766,land_agreement_all_years
386,497,-945910.18670718,-2130596.102480766,mixed_or_disagreeing
386,498,-944910.18670718,-2130596.102480766,mixed_or_disagreeing
447,463,-979910.18670718,-2191596.102480766,land_agreement_all_years
447,521,-921910.18670718,-2191596.102480766,mixed_or_disagreeing
450,476,-966910.18670718,-2194596.102480766,land_agreement_all_years
451,476,-966910.18670718,-2195596.102480766,water_agreement_all_years
453,475,-967910.18670718,-2197596.102480766,land_agreement_all_years
480,507,-935910.18670718,-2224596.102480766,land_agreement_all_years
481,507,-935910.18670718,-2225596.102480766,land_agreement_all_years
482,507,-935910.18670718,-2226596.102480766,mixed_or_disagreeing
483,507,-935910.18670718,-2227596.102480766,land_agreement_all_years
484,507,-935910.18670718,-2228596.102480766,land_agreement_all_years
484,1981,538089.81329282,-2228596.102480766,mixed_or_disagreeing
487,1984,541089.81329282,-2231596.102480766,mixed_or_disagreeing
490,512,-930910.18670718,-2234596.102480766,mixed_or_disagreeing
492,513,-929910.18670718,-2236596.102480766,mixed_or_disagreeing
493,513,-929910.18670718,-2237596.102480766,mixed_or_disagreeing
500,2266,823089.81329282,-2244596.102480766,mixed_or_disagreeing
500,2267,824089.81329282,-2244596.102480766,mixed_or_disagreeing
590,2007,564089.81329282,-2334596.102480766,mixed_or_disagreeing
609,1418,-24910.186707179993,-2353596.102480766,mixed_or_disagreeing
609,1419,-23910.186707179993,-2353596.102480766,mixed_or_disagreeing
610,1418,-24910.186707179993,-2354596.102480766,mixed_or_disagreeing
612,1418,-24910.186707179993,-2356596.102480766,mixed_or_disagreeing
613,1420,-22910.186707179993,-2357596.102480766,mixed_or_disagreeing
615,1513,70089.81329282,-2359596.102480766,mixed_or_disagreeing
615,1514,71089.81329282,-2359596.102480766,mixed_or_disagreeing
616,1512,69089.81329282,-2360596.102480766,mixed_or_disagreeing
616,1513,70089.81329282,-2360596.102480766,mixed_or_disagreeing
616,1514,71089.81329282,-2360596.102480766,mixed_or_disagreeing
616,2063,620089.81329282,-2360596.102480766,mixed_or_disagreeing
617,1512,69089.81329282,-2361596.102480766,mixed_or_disagreeing
617,2061,618089.81329282,-2361596.102480766,mixed_or_disagreeing
618,2052,609089.81329282,-2362596.102480766,mixed_or_disagreeing
618,2061,618089.81329282,-2362596.102480766,mixed_or_disagreeing
618,2062,619089.81329282,-2362596.102480766,mixed_or_disagreeing
618,2063,620089.81329282,-2362596.102480766,water_agreement_all_years
619,2055,612089.81329282,-2363596.102480766,mixed_or_disagreeing
619,2065,622089.81329282,-2363596.102480766,mixed_or_disagreeing
621,2065,622089.81329282,-2365596.102480766,mixed_or_disagreeing
622,2059,616089.81329282,-2366596.102480766,water_agreement_all_years
626,1498,55089.81329282001,-2370596.102480766,mixed_or_disagreeing
626,1499,56089.81329282001,-2370596.102480766,mixed_or_disagreeing
627,1498,55089.81329282001,-2371596.102480766,mixed_or_disagreeing
628,1497,54089.81329282001,-2372596.102480766,mixed_or_disagreeing
628,1498,55089.81329282001,-2372596.102480766,mixed_or_disagreeing
628,1499,56089.81329282001,-2372596.102480766,mixed_or_disagreeing
629,1495,52089.81329282001,-2373596.102480766,water_agreement_all_years
629,1496,53089.81329282001,-2373596.102480766,water_agreement_all_years
629,1497,54089.81329282001,-2373596.102480766,mixed_or_disagreeing
629,1498,55089.81329282001,-2373596.102480766,mixed_or_disagreeing
629,1499,56089.81329282001,-2373596.102480766,mixed_or_disagreeing
629,1500,57089.81329282001,-2373596.102480766,mixed_or_disagreeing
629,1546,103089.81329282,-2373596.102480766,water_agreement_all_years
629,1547,104089.81329282,-2373596.102480766,water_agreement_all_years
629,1548,105089.81329282,-2373596.102480766,water_agreement_all_years
629,1549,106089.81329282,-2373596.102480766,water_agreement_all_years
630,1492,49089.81329282001,-2374596.102480766,mixed_or_disagreeing
630,1493,50089.81329282001,-2374596.102480766,water_agreement_all_years
630,1494,51089.81329282001,-2374596.102480766,water_agreement_all_years
630,1495,52089.81329282001,-2374596.102480766,water_agreement_all_years
630,1496,53089.81329282001,-2374596.102480766,water_agreement_all_years
630,1497,54089.81329282001,-2374596.102480766,mixed_or_disagreeing
630,1498,55089.81329282001,-2374596.102480766,mixed_or_disagreeing
630,1499,56089.81329282001,-2374596.102480766,mixed_or_disagreeing
630,1500,57089.81329282001,-2374596.102480766,mixed_or_disagreeing
630,1548,105089.81329282,-2374596.102480766,water_agreement_all_years
630,1549,106089.81329282,-2374596.102480766,water_agreement_all_years
631,1492,49089.81329282001,-2375596.102480766,mixed_or_disagreeing
631,1493,50089.81329282001,-2375596.102480766,mixed_or_disagreeing
631,1496,53089.81329282001,-2375596.102480766,mixed_or_disagreeing
631,1497,54089.81329282001,-2375596.102480766,water_agreement_all_years
631,1498,55089.81329282001,-2375596.102480766,mixed_or_disagreeing
631,1499,56089.81329282001,-2375596.102480766,mixed_or_disagreeing
631,1500,57089.81329282001,-2375596.102480766,mixed_or_disagreeing
631,1548,105089.81329282,-2375596.102480766,mixed_or_disagreeing
631,1549,106089.81329282,-2375596.102480766,mixed_or_disagreeing
631,1550,107089.81329282,-2375596.102480766,mixed_or_disagreeing
632,1497,54089.81329282001,-2376596.102480766,water_agreement_all_years
632,1498,55089.81329282001,-2376596.102480766,mixed_or_disagreeing
632,1499,56089.81329282001,-2376596.102480766,mixed_or_disagreeing
632,1500,57089.81329282001,-2376596.102480766,mixed_or_disagreeing
632,1501,58089.81329282001,-2376596.102480766,mixed_or_disagreeing
632,1543,100089.81329282,-2376596.102480766,water_agreement_all_years
632,1548,105089.81329282,-2376596.102480766,mixed_or_disagreeing
632,1549,106089.81329282,-2376596.102480766,mixed_or_disagreeing
632,1550,107089.81329282,-2376596.102480766,mixed_or_disagreeing
632,1551,108089.81329282,-2376596.102480766,water_agreement_all_years
632,1552,109089.81329282,-2376596.102480766,mixed_or_disagreeing
632,1553,110089.81329282,-2376596.102480766,mixed_or_disagreeing
633,1496,53089.81329282001,-2377596.102480766,water_agreement_all_years
633,1497,54089.81329282001,-2377596.102480766,mixed_or_disagreeing
633,1498,55089.81329282001,-2377596.102480766,mixed_or_disagreeing
633,1499,56089.81329282001,-2377596.102480766,water_agreement_all_years
633,1500,57089.81329282001,-2377596.102480766,water_agreement_all_years
633,1501,58089.81329282001,-2377596.102480766,mixed_or_disagreeing
633,1502,59089.81329282001,-2377596.102480766,water_agreement_all_years
633,1541,98089.81329282,-2377596.102480766,water_agreement_all_years
633,1542,99089.81329282,-2377596.102480766,water_agreement_all_years
633,1543,100089.81329282,-2377596.102480766,water_agreement_all_years
633,1548,105089.81329282,-2377596.102480766,mixed_or_disagreeing
633,1549,106089.81329282,-2377596.102480766,mixed_or_disagreeing
633,1550,107089.81329282,-2377596.102480766,mixed_or_disagreeing
633,1551,108089.81329282,-2377596.102480766,mixed_or_disagreeing
633,1552,109089.81329282,-2377596.102480766,mixed_or_disagreeing
633,1553,110089.81329282,-2377596.102480766,mixed_or_disagreeing
633,1554,111089.81329282,-2377596.102480766,land_agreement_all_years
633,1571,128089.81329282,-2377596.102480766,land_agreement_all_years
634,1495,52089.81329282001,-2378596.102480766,mixed_or_disagreeing
634,1496,53089.81329282001,-2378596.102480766,mixed_or_disagreeing
634,1497,54089.81329282001,-2378596.102480766,water_agreement_all_years
634,1498,55089.81329282001,-2378596.102480766,mixed_or_disagreeing
634,1499,56089.81329282001,-2378596.102480766,mixed_or_disagreeing
634,1500,57089.81329282001,-2378596.102480766,mixed_or_disagreeing
634,1501,58089.81329282001,-2378596.102480766,mixed_or_disagreeing
634,1502,59089.81329282001,-2378596.102480766,mixed_or_disagreeing
634,1541,98089.81329282,-2378596.102480766,water_agreement_all_years
634,1542,99089.81329282,-2378596.102480766,water_agreement_all_years
634,1547,104089.81329282,-2378596.102480766,mixed_or_disagreeing
634,1548,105089.81329282,-2378596.102480766,mixed_or_disagreeing
634,1549,106089.81329282,-2378596.102480766,mixed_or_disagreeing
634,1550,107089.81329282,-2378596.102480766,mixed_or_disagreeing
634,1551,108089.81329282,-2378596.102480766,mixed_or_disagreeing
634,1552,109089.81329282,-2378596.102480766,mixed_or_disagreeing
634,1553,110089.81329282,-2378596.102480766,mixed_or_disagreeing
634,1554,111089.81329282,-2378596.102480766,mixed_or_disagreeing
634,1555,112089.81329282,-2378596.102480766,mixed_or_disagreeing
634,1556,113089.81329282,-2378596.102480766,mixed_or_disagreeing
634,1557,114089.81329282,-2378596.102480766,mixed_or_disagreeing
634,1566,123089.81329282,-2378596.102480766,land_agreement_all_years
634,1569,126089.81329282,-2378596.102480766,mixed_or_disagreeing
634,1570,127089.81329282,-2378596.102480766,mixed_or_disagreeing
634,1571,128089.81329282,-2378596.102480766,mixed_or_disagreeing
634,1572,129089.81329282,-2378596.102480766,mixed_or_disagreeing
634,1573,130089.81329282,-2378596.102480766,land_agreement_all_years
635,1495,52089.81329282001,-2379596.102480766,water_agreement_all_years
635,1496,53089.81329282001,-2379596.102480766,water_agreement_all_years
635,1497,54089.81329282001,-2379596.102480766,mixed_or_disagreeing
635,1498,55089.81329282001,-2379596.102480766,mixed_or_disagreeing
635,1499,56089.81329282001,-2379596.102480766,mixed_or_disagreeing
635,1500,57089.81329282001,-2379596.102480766,mixed_or_disagreeing
635,1501,58089.81329282001,-2379596.102480766,mixed_or_disagreeing
635,1502,59089.81329282001,-2379596.102480766,mixed_or_disagreeing
635,1541,98089.81329282,-2379596.102480766,water_agreement_all_years
635,1542,99089.81329282,-2379596.102480766,water_agreement_all_years
635,1543,100089.81329282,-2379596.102480766,mixed_or_disagreeing
635,1548,105089.81329282,-2379596.102480766,mixed_or_disagreeing
635,1549,106089.81329282,-2379596.102480766,mixed_or_disagreeing
635,1550,107089.81329282,-2379596.102480766,mixed_or_disagreeing
635,1551,108089.81329282,-2379596.102480766,mixed_or_disagreeing
635,1552,109089.81329282,-2379596.102480766,mixed_or_disagreeing
635,1553,110089.81329282,-2379596.102480766,mixed_or_disagreeing
635,1554,111089.81329282,-2379596.102480766,mixed_or_disagreeing
635,1555,112089.81329282,-2379596.102480766,mixed_or_disagreeing
635,1556,113089.81329282,-2379596.102480766,mixed_or_disagreeing
635,1557,114089.81329282,-2379596.102480766,mixed_or_disagreeing
635,1558,115089.81329282,-2379596.102480766,mixed_or_disagreeing
635,1562,119089.81329282,-2379596.102480766,mixed_or_disagreeing
635,1563,120089.81329282,-2379596.102480766,mixed_or_disagreeing
635,1564,121089.81329282,-2379596.102480766,mixed_or_disagreeing
635,1565,122089.81329282,-2379596.102480766,mixed_or_disagreeing
635,1566,123089.81329282,-2379596.102480766,mixed_or_disagreeing
635,1567,124089.81329282,-2379596.102480766,mixed_or_disagreeing
635,1568,125089.81329282,-2379596.102480766,mixed_or_disagreeing
635,1569,126089.81329282,-2379596.102480766,water_agreement_all_years
635,1570,127089.81329282,-2379596.102480766,mixed_or_disagreeing
635,1571,128089.81329282,-2379596.102480766,water_agreement_all_years
635,1572,129089.81329282,-2379596.102480766,mixed_or_disagreeing
635,1573,130089.81329282,-2379596.102480766,mixed_or_disagreeing
635,1574,131089.81329282,-2379596.102480766,mixed_or_disagreeing
636,1492,49089.81329282001,-2380596.102480766,mixed_or_disagreeing
636,1493,50089.81329282001,-2380596.102480766,water_agreement_all_years
636,1494,51089.81329282001,-2380596.102480766,mixed_or_disagreeing
636,1495,52089.81329282001,-2380596.102480766,water_agreement_all_years
636,1496,53089.81329282001,-2380596.102480766,water_agreement_all_years
636,1497,54089.81329282001,-2380596.102480766,mixed_or_disagreeing
636,1498,55089.81329282001,-2380596.102480766,mixed_or_disagreeing
636,1499,56089.81329282001,-2380596.102480766,mixed_or_disagreeing
636,1501,58089.81329282001,-2380596.102480766,mixed_or_disagreeing
636,1541,98089.81329282,-2380596.102480766,water_agreement_all_years
636,1542,99089.81329282,-2380596.102480766,mixed_or_disagreeing
636,1547,104089.81329282,-2380596.102480766,mixed_or_disagreeing
636,1548,105089.81329282,-2380596.102480766,mixed_or_disagreeing
636,1549,106089.81329282,-2380596.102480766,mixed_or_disagreeing
636,1550,107089.81329282,-2380596.102480766,mixed_or_disagreeing
636,1551,108089.81329282,-2380596.102480766,mixed_or_disagreeing
636,1552,109089.81329282,-2380596.102480766,mixed_or_disagreeing
636,1553,110089.81329282,-2380596.102480766,mixed_or_disagreeing
636,1554,111089.81329282,-2380596.102480766,mixed_or_disagreeing
636,1555,112089.81329282,-2380596.102480766,mixed_or_disagreeing
636,1556,113089.81329282,-2380596.102480766,mixed_or_disagreeing
636,1557,114089.81329282,-2380596.102480766,mixed_or_disagreeing
636,1558,115089.81329282,-2380596.102480766,mixed_or_disagreeing
636,1559,116089.81329282,-2380596.102480766,mixed_or_disagreeing
636,1560,117089.81329282,-2380596.102480766,mixed_or_disagreeing
636,1561,118089.81329282,-2380596.102480766,mixed_or_disagreeing
636,1562,119089.81329282,-2380596.102480766,mixed_or_disagreeing
636,1563,120089.81329282,-2380596.102480766,mixed_or_disagreeing
636,1564,121089.81329282,-2380596.102480766,water_agreement_all_years
636,1565,122089.81329282,-2380596.102480766,mixed_or_disagreeing
636,1566,123089.81329282,-2380596.102480766,mixed_or_disagreeing
636,1567,124089.81329282,-2380596.102480766,water_agreement_all_years
636,1568,125089.81329282,-2380596.102480766,water_agreement_all_years
636,1569,126089.81329282,-2380596.102480766,water_agreement_all_years
636,1570,127089.81329282,-2380596.102480766,water_agreement_all_years
636,1571,128089.81329282,-2380596.102480766,water_agreement_all_years
636,1572,129089.81329282,-2380596.102480766,mixed_or_disagreeing
636,1573,130089.81329282,-2380596.102480766,water_agreement_all_years
636,1574,131089.81329282,-2380596.102480766,mixed_or_disagreeing
636,1575,132089.81329282,-2380596.102480766,land_agreement_all_years
637,1487,44089.81329282001,-2381596.102480766,water_agreement_all_years
637,1492,49089.81329282001,-2381596.102480766,water_agreement_all_years
637,1493,50089.81329282001,-2381596.102480766,water_agreement_all_years
637,1494,51089.81329282001,-2381596.102480766,water_agreement_all_years
637,1495,52089.81329282001,-2381596.102480766,mixed_or_disagreeing
637,1496,53089.81329282001,-2381596.102480766,water_agreement_all_years
637,1497,54089.81329282001,-2381596.102480766,mixed_or_disagreeing
637,1541,98089.81329282,-2381596.102480766,water_agreement_all_years
637,1542,99089.81329282,-2381596.102480766,mixed_or_disagreeing
637,1547,104089.81329282,-2381596.102480766,mixed_or_disagreeing
637,1548,105089.81329282,-2381596.102480766,mixed_or_disagreeing
637,1549,106089.81329282,-2381596.102480766,mixed_or_disagreeing
637,1550,107089.81329282,-2381596.102480766,mixed_or_disagreeing
637,1551,108089.81329282,-2381596.102480766,mixed_or_disagreeing
637,1552,109089.81329282,-2381596.102480766,mixed_or_disagreeing
637,1553,110089.81329282,-2381596.102480766,mixed_or_disagreeing
637,1554,111089.81329282,-2381596.102480766,mixed_or_disagreeing
637,1555,112089.81329282,-2381596.102480766,mixed_or_disagreeing
637,1556,113089.81329282,-2381596.102480766,mixed_or_disagreeing
637,1557,114089.81329282,-2381596.102480766,mixed_or_disagreeing
637,1558,115089.81329282,-2381596.102480766,mixed_or_disagreeing
637,1559,116089.81329282,-2381596.102480766,mixed_or_disagreeing
637,1560,117089.81329282,-2381596.102480766,mixed_or_disagreeing
637,1561,118089.81329282,-2381596.102480766,mixed_or_disagreeing
637,1562,119089.81329282,-2381596.102480766,mixed_or_disagreeing
637,1563,120089.81329282,-2381596.102480766,mixed_or_disagreeing
637,1564,121089.81329282,-2381596.102480766,water_agreement_all_years
637,1565,122089.81329282,-2381596.102480766,mixed_or_disagreeing
637,1566,123089.81329282,-2381596.102480766,water_agreement_all_years
637,1567,124089.81329282,-2381596.102480766,mixed_or_disagreeing
637,1568,125089.81329282,-2381596.102480766,water_agreement_all_years
637,1569,126089.81329282,-2381596.102480766,water_agreement_all_years
637,1570,127089.81329282,-2381596.102480766,water_agreement_all_years
637,1571,128089.81329282,-2381596.102480766,water_agreement_all_years
637,1572,129089.81329282,-2381596.102480766,mixed_or_disagreeing
637,1573,130089.81329282,-2381596.102480766,mixed_or_disagreeing
637,1574,131089.81329282,-2381596.102480766,mixed_or_disagreeing
638,1486,43089.81329282001,-2382596.102480766,water_agreement_all_years
638,1487,44089.81329282001,-2382596.102480766,water_agreement_all_years
638,1488,45089.81329282001,-2382596.102480766,water_agreement_all_years
638,1489,46089.81329282001,-2382596.102480766,water_agreement_all_years
638,1490,47089.81329282001,-2382596.102480766,water_agreement_all_years
638,1492,49089.81329282001,-2382596.102480766,water_agreement_all_years
638,1493,50089.81329282001,-2382596.102480766,water_agreement_all_years
638,1494,51089.81329282001,-2382596.102480766,mixed_or_disagreeing
638,1495,52089.81329282001,-2382596.102480766,mixed_or_disagreeing
638,1496,53089.81329282001,-2382596.102480766,mixed_or_disagreeing
638,1497,54089.81329282001,-2382596.102480766,mixed_or_disagreeing
638,1540,97089.81329282,-2382596.102480766,water_agreement_all_years
638,1541,98089.81329282,-2382596.102480766,mixed_or_disagreeing
638,1542,99089.81329282,-2382596.102480766,mixed_or_disagreeing
638,1547,104089.81329282,-2382596.102480766,mixed_or_disagreeing
638,1548,105089.81329282,-2382596.102480766,mixed_or_disagreeing
638,1549,106089.81329282,-2382596.102480766,mixed_or_disagreeing
638,1550,107089.81329282,-2382596.102480766,mixed_or_disagreeing
638,1551,108089.81329282,-2382596.102480766,mixed_or_disagreeing
638,1552,109089.81329282,-2382596.102480766,mixed_or_disagreeing
638,1553,110089.81329282,-2382596.102480766,mixed_or_disagreeing
638,1554,111089.81329282,-2382596.102480766,mixed_or_disagreeing
638,1555,112089.81329282,-2382596.102480766,mixed_or_disagreeing
638,1556,113089.81329282,-2382596.102480766,mixed_or_disagreeing
638,1557,114089.81329282,-2382596.102480766,mixed_or_disagreeing
638,1558,115089.81329282,-2382596.102480766,mixed_or_disagreeing
638,1559,116089.81329282,-2382596.102480766,mixed_or_disagreeing
638,1560,117089.81329282,-2382596.102480766,water_agreement_all_years
638,1561,118089.81329282,-2382596.102480766,water_agreement_all_years
638,1562,119089.81329282,-2382596.102480766,water_agreement_all_years
638,1563,120089.81329282,-2382596.102480766,water_agreement_all_years
638,1564,121089.81329282,-2382596.102480766,water_agreement_all_years
638,1565,122089.81329282,-2382596.102480766,water_agreement_all_years
638,1566,123089.81329282,-2382596.102480766,water_agreement_all_years
638,1567,124089.81329282,-2382596.102480766,water_agreement_all_years
638,1568,125089.81329282,-2382596.102480766,water_agreement_all_years
638,1569,126089.81329282,-2382596.102480766,water_agreement_all_years
638,1570,127089.81329282,-2382596.102480766,water_agreement_all_years
638,1571,128089.81329282,-2382596.102480766,water_agreement_all_years
638,1572,129089.81329282,-2382596.102480766,mixed_or_disagreeing
638,1573,130089.81329282,-2382596.102480766,mixed_or_disagreeing
638,1574,131089.81329282,-2382596.102480766,mixed_or_disagreeing
639,1486,43089.81329282001,-2383596.102480766,water_agreement_all_years
639,1487,44089.81329282001,-2383596.102480766,water_agreement_all_years
639,1488,45089.81329282001,-2383596.102480766,water_agreement_all_years
639,1489,46089.81329282001,-2383596.102480766,water_agreement_all_years
639,1490,47089.81329282001,-2383596.102480766,mixed_or_disagreeing
639,1491,48089.81329282001,-2383596.102480766,water_agreement_all_years
639,1492,49089.81329282001,-2383596.102480766,water_agreement_all_years
639,1493,50089.81329282001,-2383596.102480766,water_agreement_all_years
639,1494,51089.81329282001,-2383596.102480766,water_agreement_all_years
639,1495,52089.81329282001,-2383596.102480766,mixed_or_disagreeing
639,1496,53089.81329282001,-2383596.102480766,mixed_or_disagreeing
639,1497,54089.81329282001,-2383596.102480766,mixed_or_disagreeing
639,1540,97089.81329282,-2383596.102480766,water_agreement_all_years
639,1541,98089.81329282,-2383596.102480766,mixed_or_disagreeing
639,1547,104089.81329282,-2383596.102480766,mixed_or_disagreeing
639,1548,105089.81329282,-2383596.102480766,mixed_or_disagreeing
639,1549,106089.81329282,-2383596.102480766,mixed_or_disagreeing
639,1550,107089.81329282,-2383596.102480766,mixed_or_disagreeing
639,1551,108089.81329282,-2383596.102480766,mixed_or_disagreeing
639,1552,109089.81329282,-2383596.102480766,mixed_or_disagreeing
639,1553,110089.81329282,-2383596.102480766,mixed_or_disagreeing
639,1554,111089.81329282,-2383596.102480766,mixed_or_disagreeing
639,1555,112089.81329282,-2383596.102480766,mixed_or_disagreeing
639,1556,113089.81329282,-2383596.102480766,mixed_or_disagreeing
639,1557,114089.81329282,-2383596.102480766,mixed_or_disagreeing
639,1558,115089.81329282,-2383596.102480766,mixed_or_disagreeing
639,1559,116089.81329282,-2383596.102480766,mixed_or_disagreeing
639,1560,117089.81329282,-2383596.102480766,water_agreement_all_years
639,1561,118089.81329282,-2383596.102480766,water_agreement_all_years
639,1562,119089.81329282,-2383596.102480766,water_agreement_all_years
639,1563,120089.81329282,-2383596.102480766,mixed_or_disagreeing
639,1564,121089.81329282,-2383596.102480766,mixed_or_disagreeing
639,1565,122089.81329282,-2383596.102480766,water_agreement_all_years
639,1566,123089.81329282,-2383596.102480766,water_agreement_all_years
639,1567,124089.81329282,-2383596.102480766,water_agreement_all_years
639,1568,125089.81329282,-2383596.102480766,water_agreement_all_years
639,1569,126089.81329282,-2383596.102480766,water_agreement_all_years
639,1570,127089.81329282,-2383596.102480766,water_agreement_all_years
639,1571,128089.81329282,-2383596.102480766,mixed_or_disagreeing
639,1572,129089.81329282,-2383596.102480766,mixed_or_disagreeing
640,1486,43089.81329282001,-2384596.102480766,water_agreement_all_years
640,1488,45089.81329282001,-2384596.102480766,water_agreement_all_years
640,1489,46089.81329282001,-2384596.102480766,water_agreement_all_years
640,1490,47089.81329282001,-2384596.102480766,water_agreement_all_years
640,1491,48089.81329282001,-2384596.102480766,water_agreement_all_years
640,1492,49089.81329282001,-2384596.102480766,water_agreement_all_years
640,1493,50089.81329282001,-2384596.102480766,water_agreement_all_years
640,1494,51089.81329282001,-2384596.102480766,mixed_or_disagreeing
640,1495,52089.81329282001,-2384596.102480766,mixed_or_disagreeing
640,1496,53089.81329282001,-2384596.102480766,water_agreement_all_years
640,1497,54089.81329282001,-2384596.102480766,mixed_or_disagreeing
640,1539,96089.81329282,-2384596.102480766,water_agreement_all_years
640,1540,97089.81329282,-2384596.102480766,mixed_or_disagreeing
640,1541,98089.81329282,-2384596.102480766,mixed_or_disagreeing
640,1544,101089.81329282,-2384596.102480766,water_agreement_all_years
640,1545,102089.81329282,-2384596.102480766,mixed_or_disagreeing
640,1546,103089.81329282,-2384596.102480766,mixed_or_disagreeing
640,1547,104089.81329282,-2384596.102480766,mixed_or_disagreeing
640,1548,105089.81329282,-2384596.102480766,mixed_or_disagreeing
640,1549,106089.81329282,-2384596.102480766,mixed_or_disagreeing
640,1550,107089.81329282,-2384596.102480766,mixed_or_disagreeing
640,1551,108089.81329282,-2384596.102480766,mixed_or_disagreeing
640,1552,109089.81329282,-2384596.102480766,mixed_or_disagreeing
640,1553,110089.81329282,-2384596.102480766,mixed_or_disagreeing
640,1554,111089.81329282,-2384596.102480766,mixed_or_disagreeing
640,1555,112089.81329282,-2384596.102480766,mixed_or_disagreeing
640,1556,113089.81329282,-2384596.102480766,mixed_or_disagreeing
640,1557,114089.81329282,-2384596.102480766,mixed_or_disagreeing
640,1558,115089.81329282,-2384596.102480766,mixed_or_disagreeing
640,1559,116089.81329282,-2384596.102480766,water_agreement_all_years
640,1560,117089.81329282,-2384596.102480766,water_agreement_all_years
640,1561,118089.81329282,-2384596.102480766,water_agreement_all_years
640,1562,119089.81329282,-2384596.102480766,water_agreement_all_years
640,1563,120089.81329282,-2384596.102480766,water_agreement_all_years
640,1564,121089.81329282,-2384596.102480766,water_agreement_all_years
640,1565,122089.81329282,-2384596.102480766,water_agreement_all_years
640,1566,123089.81329282,-2384596.102480766,water_agreement_all_years
640,1567,124089.81329282,-2384596.102480766,water_agreement_all_years
640,1568,125089.81329282,-2384596.102480766,water_agreement_all_years
640,1569,126089.81329282,-2384596.102480766,water_agreement_all_years
640,1570,127089.81329282,-2384596.102480766,water_agreement_all_years
640,1571,128089.81329282,-2384596.102480766,mixed_or_disagreeing
641,1485,42089.81329282001,-2385596.102480766,water_agreement_all_years
641,1486,43089.81329282001,-2385596.102480766,water_agreement_all_years
641,1487,44089.81329282001,-2385596.102480766,water_agreement_all_years
641,1489,46089.81329282001,-2385596.102480766,water_agreement_all_years
641,1490,47089.81329282001,-2385596.102480766,water_agreement_all_years
641,1491,48089.81329282001,-2385596.102480766,water_agreement_all_years
641,1492,49089.81329282001,-2385596.102480766,water_agreement_all_years
641,1493,50089.81329282001,-2385596.102480766,mixed_or_disagreeing
641,1494,51089.81329282001,-2385596.102480766,mixed_or_disagreeing
641,1495,52089.81329282001,-2385596.102480766,mixed_or_disagreeing
641,1496,53089.81329282001,-2385596.102480766,water_agreement_all_years
641,1497,54089.81329282001,-2385596.102480766,mixed_or_disagreeing
641,1538,95089.81329282,-2385596.102480766,water_agreement_all_years
641,1539,96089.81329282,-2385596.102480766,water_agreement_all_years
641,1540,97089.81329282,-2385596.102480766,water_agreement_all_years
641,1541,98089.81329282,-2385596.102480766,land_agreement_all_years
641,1542,99089.81329282,-2385596.102480766,water_agreement_all_years
641,1543,100089.81329282,-2385596.102480766,mixed_or_disagreeing
641,1544,101089.81329282,-2385596.102480766,mixed_or_disagreeing
641,1545,102089.81329282,-2385596.102480766,water_agreement_all_years
641,1546,103089.81329282,-2385596.102480766,mixed_or_disagreeing
641,1547,104089.81329282,-2385596.102480766,mixed_or_disagreeing
641,1548,105089.81329282,-2385596.102480766,mixed_or_disagreeing
641,1549,106089.81329282,-2385596.102480766,mixed_or_disagreeing
641,1550,107089.81329282,-2385596.102480766,mixed_or_disagreeing
641,1551,108089.81329282,-2385596.102480766,mixed_or_disagreeing
641,1552,109089.81329282,-2385596.102480766,mixed_or_disagreeing
641,1553,110089.81329282,-2385596.102480766,mixed_or_disagreeing
641,1554,111089.81329282,-2385596.102480766,mixed_or_disagreeing
641,1555,112089.81329282,-2385596.102480766,mixed_or_disagreeing
641,1556,113089.81329282,-2385596.102480766,water_agreement_all_years
641,1557,114089.81329282,-2385596.102480766,mixed_or_disagreeing
641,1558,115089.81329282,-2385596.102480766,mixed_or_disagreeing
641,1559,116089.81329282,-2385596.102480766,mixed_or_disagreeing
641,1560,117089.81329282,-2385596.102480766,water_agreement_all_years
641,1561,118089.81329282,-2385596.102480766,water_agreement_all_years
641,1562,119089.81329282,-2385596.102480766,water_agreement_all_years
641,1563,120089.81329282,-2385596.102480766,water_agreement_all_years
641,1564,121089.81329282,-2385596.102480766,water_agreement_all_years
641,1565,122089.81329282,-2385596.102480766,water_agreement_all_years
641,1566,123089.81329282,-2385596.102480766,water_agreement_all_years
641,1567,124089.81329282,-2385596.102480766,water_agreement_all_years
641,1568,125089.81329282,-2385596.102480766,mixed_or_disagreeing
641,1569,126089.81329282,-2385596.102480766,mixed_or_disagreeing
641,1570,127089.81329282,-2385596.102480766,land_agreement_all_years
642,1484,41089.81329282001,-2386596.102480766,water_agreement_all_years
642,1485,42089.81329282001,-2386596.102480766,water_agreement_all_years
642,1486,43089.81329282001,-2386596.102480766,water_agreement_all_years
642,1487,44089.81329282001,-2386596.102480766,water_agreement_all_years
642,1488,45089.81329282001,-2386596.102480766,water_agreement_all_years
642,1489,46089.81329282001,-2386596.102480766,water_agreement_all_years
642,1490,47089.81329282001,-2386596.102480766,water_agreement_all_years
642,1491,48089.81329282001,-2386596.102480766,water_agreement_all_years
642,1492,49089.81329282001,-2386596.102480766,mixed_or_disagreeing
642,1493,50089.81329282001,-2386596.102480766,mixed_or_disagreeing
642,1494,51089.81329282001,-2386596.102480766,mixed_or_disagreeing
642,1495,52089.81329282001,-2386596.102480766,water_agreement_all_years
642,1496,53089.81329282001,-2386596.102480766,water_agreement_all_years
642,1497,54089.81329282001,-2386596.102480766,water_agreement_all_years
642,1537,94089.81329282,-2386596.102480766,water_agreement_all_years
642,1538,95089.81329282,-2386596.102480766,water_agreement_all_years
642,1539,96089.81329282,-2386596.102480766,water_agreement_all_years
642,1540,97089.81329282,-2386596.102480766,water_agreement_all_years
642,1541,98089.81329282,-2386596.102480766,water_agreement_all_years
642,1542,99089.81329282,-2386596.102480766,water_agreement_all_years
642,1543,100089.81329282,-2386596.102480766,mixed_or_disagreeing
642,1544,101089.81329282,-2386596.102480766,water_agreement_all_years
642,1545,102089.81329282,-2386596.102480766,water_agreement_all_years
642,1546,103089.81329282,-2386596.102480766,water_agreement_all_years
642,1547,104089.81329282,-2386596.102480766,mixed_or_disagreeing
642,1548,105089.81329282,-2386596.102480766,mixed_or_disagreeing
642,1549,106089.81329282,-2386596.102480766,mixed_or_disagreeing
642,1550,107089.81329282,-2386596.102480766,mixed_or_disagreeing
642,1551,108089.81329282,-2386596.102480766,mixed_or_disagreeing
642,1552,109089.81329282,-2386596.102480766,mixed_or_disagreeing
642,1553,110089.81329282,-2386596.102480766,mixed_or_disagreeing
642,1554,111089.81329282,-2386596.102480766,water_agreement_all_years
642,1555,112089.81329282,-2386596.102480766,mixed_or_disagreeing
642,1556,113089.81329282,-2386596.102480766,mixed_or_disagreeing
642,1557,114089.81329282,-2386596.102480766,mixed_or_disagreeing
642,1558,115089.81329282,-2386596.102480766,mixed_or_disagreeing
642,1559,116089.81329282,-2386596.102480766,water_agreement_all_years
642,1560,117089.81329282,-2386596.102480766,water_agreement_all_years
642,1561,118089.81329282,-2386596.102480766,water_agreement_all_years
642,1562,119089.81329282,-2386596.102480766,mixed_or_disagreeing
642,1563,120089.81329282,-2386596.102480766,water_agreement_all_years
642,1564,121089.81329282,-2386596.102480766,water_agreement_all_years
642,1565,122089.81329282,-2386596.102480766,water_agreement_all_years
642,1566,123089.81329282,-2386596.102480766,mixed_or_disagreeing
642,1567,124089.81329282,-2386596.102480766,mixed_or_disagreeing
643,1484,41089.81329282001,-2387596.102480766,water_agreement_all_years
643,1485,42089.81329282001,-2387596.102480766,water_agreement_all_years
643,1486,43089.81329282001,-2387596.102480766,mixed_or_disagreeing
643,1487,44089.81329282001,-2387596.102480766,water_agreement_all_years
643,1488,45089.81329282001,-2387596.102480766,water_agreement_all_years
643,1489,46089.81329282001,-2387596.102480766,water_agreement_all_years
643,1490,47089.81329282001,-2387596.102480766,water_agreement_all_years
643,1491,48089.81329282001,-2387596.102480766,water_agreement_all_years
643,1492,49089.81329282001,-2387596.102480766,mixed_or_disagreeing
643,1493,50089.81329282001,-2387596.102480766,mixed_or_disagreeing
643,1494,51089.81329282001,-2387596.102480766,water_agreement_all_years
643,1495,52089.81329282001,-2387596.102480766,water_agreement_all_years
643,1496,53089.81329282001,-2387596.102480766,water_agreement_all_years
643,1497,54089.81329282001,-2387596.102480766,mixed_or_disagreeing
643,1537,94089.81329282,-2387596.102480766,water_agreement_all_years
643,1538,95089.81329282,-2387596.102480766,water_agreement_all_years
643,1539,96089.81329282,-2387596.102480766,water_agreement_all_years
643,1540,97089.81329282,-2387596.102480766,water_agreement_all_years
643,1541,98089.81329282,-2387596.102480766,water_agreement_all_years
643,1542,99089.81329282,-2387596.102480766,water_agreement_all_years
643,1543,100089.81329282,-2387596.102480766,mixed_or_disagreeing
643,1544,101089.81329282,-2387596.102480766,mixed_or_disagreeing
643,1545,102089.81329282,-2387596.102480766,water_agreement_all_years
643,1546,103089.81329282,-2387596.102480766,water_agreement_all_years
643,1547,104089.81329282,-2387596.102480766,water_agreement_all_years
643,1548,105089.81329282,-2387596.102480766,water_agreement_all_years
643,1549,106089.81329282,-2387596.102480766,water_agreement_all_years
643,1550,107089.81329282,-2387596.102480766,mixed_or_disagreeing
643,1551,108089.81329282,-2387596.102480766,mixed_or_disagreeing
643,1552,109089.81329282,-2387596.102480766,mixed_or_disagreeing
643,1553,110089.81329282,-2387596.102480766,mixed_or_disagreeing
643,1554,111089.81329282,-2387596.102480766,mixed_or_disagreeing
643,1555,112089.81329282,-2387596.102480766,water_agreement_all_years
643,1556,113089.81329282,-2387596.102480766,water_agreement_all_years
643,1557,114089.81329282,-2387596.102480766,mixed_or_disagreeing
643,1558,115089.81329282,-2387596.102480766,mixed_or_disagreeing
643,1559,116089.81329282,-2387596.102480766,water_agreement_all_years
643,1560,117089.81329282,-2387596.102480766,water_agreement_all_years
643,1561,118089.81329282,-2387596.102480766,water_agreement_all_years
643,1562,119089.81329282,-2387596.102480766,water_agreement_all_years
643,1563,120089.81329282,-2387596.102480766,water_agreement_all_years
643,1564,121089.81329282,-2387596.102480766,mixed_or_disagreeing
643,1565,122089.81329282,-2387596.102480766,mixed_or_disagreeing
643,1566,123089.81329282,-2387596.102480766,mixed_or_disagreeing
644,1484,41089.81329282001,-2388596.102480766,water_agreement_all_years
644,1485,42089.81329282001,-2388596.102480766,water_agreement_all_years
644,1486,43089.81329282001,-2388596.102480766,water_agreement_all_years
644,1487,44089.81329282001,-2388596.102480766,water_agreement_all_years
644,1488,45089.81329282001,-2388596.102480766,water_agreement_all_years
644,1489,46089.81329282001,-2388596.102480766,water_agreement_all_years
644,1490,47089.81329282001,-2388596.102480766,water_agreement_all_years
644,1491,48089.81329282001,-2388596.102480766,mixed_or_disagreeing
644,1492,49089.81329282001,-2388596.102480766,mixed_or_disagreeing
644,1493,50089.81329282001,-2388596.102480766,mixed_or_disagreeing
644,1494,51089.81329282001,-2388596.102480766,water_agreement_all_years
644,1495,52089.81329282001,-2388596.102480766,water_agreement_all_years
644,1496,53089.81329282001,-2388596.102480766,water_agreement_all_years
644,1497,54089.81329282001,-2388596.102480766,water_agreement_all_years
644,1535,92089.81329282,-2388596.102480766,water_agreement_all_years
644,1537,94089.81329282,-2388596.102480766,water_agreement_all_years
644,1538,95089.81329282,-2388596.102480766,water_agreement_all_years
644,1539,96089.81329282,-2388596.102480766,water_agreement_all_years
644,1540,97089.81329282,-2388596.102480766,mixed_or_disagreeing
644,1541,98089.81329282,-2388596.102480766,water_agreement_all_years
644,1542,99089.81329282,-2388596.102480766,mixed_or_disagreeing
644,1543,100089.81329282,-2388596.102480766,mixed_or_disagreeing
644,1544,101089.81329282,-2388596.102480766,water_agreement_all_years
644,1545,102089.81329282,-2388596.102480766,water_agreement_all_years
644,1546,103089.81329282,-2388596.102480766,water_agreement_all_years
644,1547,104089.81329282,-2388596.102480766,mixed_or_disagreeing
644,1548,105089.81329282,-2388596.102480766,mixed_or_disagreeing
644,1549,106089.81329282,-2388596.102480766,water_agreement_all_years
644,1550,107089.81329282,-2388596.102480766,water_agreement_all_years
644,1551,108089.81329282,-2388596.102480766,water_agreement_all_years
644,1552,109089.81329282,-2388596.102480766,mixed_or_disagreeing
644,1553,110089.81329282,-2388596.102480766,mixed_or_disagreeing
644,1554,111089.81329282,-2388596.102480766,mixed_or_disagreeing
644,1555,112089.81329282,-2388596.102480766,mixed_or_disagreeing
644,1556,113089.81329282,-2388596.102480766,water_agreement_all_years
644,1557,114089.81329282,-2388596.102480766,mixed_or_disagreeing
644,1558,115089.81329282,-2388596.102480766,water_agreement_all_years
644,1559,116089.81329282,-2388596.102480766,mixed_or_disagreeing
644,1560,117089.81329282,-2388596.102480766,water_agreement_all_years
644,1561,118089.81329282,-2388596.102480766,water_agreement_all_years
644,1562,119089.81329282,-2388596.102480766,water_agreement_all_years
644,1563,120089.81329282,-2388596.102480766,water_agreement_all_years
644,1564,121089.81329282,-2388596.102480766,water_agreement_all_years
644,1565,122089.81329282,-2388596.102480766,mixed_or_disagreeing
645,1485,42089.81329282001,-2389596.102480766,water_agreement_all_years
645,1486,43089.81329282001,-2389596.102480766,water_agreement_all_years
645,1487,44089.81329282001,-2389596.102480766,water_agreement_all_years
645,1488,45089.81329282001,-2389596.102480766,water_agreement_all_years
645,1489,46089.81329282001,-2389596.102480766,water_agreement_all_years
645,1490,47089.81329282001,-2389596.102480766,water_agreement_all_years
645,1491,48089.81329282001,-2389596.102480766,mixed_or_disagreeing
645,1492,49089.81329282001,-2389596.102480766,mixed_or_disagreeing
645,1493,50089.81329282001,-2389596.102480766,mixed_or_disagreeing
645,1494,51089.81329282001,-2389596.102480766,water_agreement_all_years
645,1495,52089.81329282001,-2389596.102480766,water_agreement_all_years
645,1496,53089.81329282001,-2389596.102480766,water_agreement_all_years
645,1497,54089.81329282001,-2389596.102480766,mixed_or_disagreeing
645,1498,55089.81329282001,-2389596.102480766,mixed_or_disagreeing
645,1535,92089.81329282,-2389596.102480766,water_agreement_all_years
645,1536,93089.81329282,-2389596.102480766,water_agreement_all_years
645,1537,94089.81329282,-2389596.102480766,water_agreement_all_years
645,1538,95089.81329282,-2389596.102480766,water_agreement_all_years
645,1539,96089.81329282,-2389596.102480766,water_agreement_all_years
645,1540,97089.81329282,-2389596.102480766,water_agreement_all_years
645,1541,98089.81329282,-2389596.102480766,water_agreement_all_years
645,1542,99089.81329282,-2389596.102480766,water_agreement_all_years
645,1543,100089.81329282,-2389596.102480766,water_agreement_all_years
645,1544,101089.81329282,-2389596.102480766,water_agreement_all_years
645,1545,102089.81329282,-2389596.102480766,water_agreement_all_years
645,1546,103089.81329282,-2389596.102480766,water_agreement_all_years
645,1547,104089.81329282,-2389596.102480766,water_agreement_all_years
645,1548,105089.81329282,-2389596.102480766,water_agreement_all_years
645,1549,106089.81329282,-2389596.102480766,water_agreement_all_years
645,1550,107089.81329282,-2389596.102480766,mixed_or_disagreeing
645,1551,108089.81329282,-2389596.102480766,water_agreement_all_years
645,1552,109089.81329282,-2389596.102480766,mixed_or_disagreeing
645,1553,110089.81329282,-2389596.102480766,mixed_or_disagreeing
645,1554,111089.81329282,-2389596.102480766,mixed_or_disagreeing
645,1555,112089.81329282,-2389596.102480766,mixed_or_disagreeing
645,1556,113089.81329282,-2389596.102480766,water_agreement_all_years
645,1557,114089.81329282,-2389596.102480766,water_agreement_all_years
645,1558,115089.81329282,-2389596.102480766,mixed_or_disagreeing
645,1559,116089.81329282,-2389596.102480766,mixed_or_disagreeing
645,1560,117089.81329282,-2389596.102480766,mixed_or_disagreeing
645,1561,118089.81329282,-2389596.102480766,water_agreement_all_years
645,1562,119089.81329282,-2389596.102480766,water_agreement_all_years
645,1563,120089.81329282,-2389596.102480766,water_agreement_all_years
645,1564,121089.81329282,-2389596.102480766,mixed_or_disagreeing
646,1481,38089.81329282001,-2390596.102480766,mixed_or_disagreeing
646,1486,43089.81329282001,-2390596.102480766,mixed_or_disagreeing
646,1487,44089.81329282001,-2390596.102480766,water_agreement_all_years
646,1488,45089.81329282001,-2390596.102480766,water_agreement_all_years
646,1489,46089.81329282001,-2390596.102480766,water_agreement_all_years
646,1490,47089.81329282001,-2390596.102480766,water_agreement_all_years
646,1491,48089.81329282001,-2390596.102480766,mixed_or_disagreeing
646,1492,49089.81329282001,-2390596.102480766,mixed_or_disagreeing
646,1493,50089.81329282001,-2390596.102480766,water_agreement_all_years
646,1494,51089.81329282001,-2390596.102480766,water_agreement_all_years
646,1495,52089.81329282001,-2390596.102480766,mixed_or_disagreeing
646,1496,53089.81329282001,-2390596.102480766,mixed_or_disagreeing
646,1535,92089.81329282,-2390596.102480766,water_agreement_all_years
646,1536,93089.81329282,-2390596.102480766,water_agreement_all_years
646,1537,94089.81329282,-2390596.102480766,water_agreement_all_years
646,1538,95089.81329282,-2390596.102480766,water_agreement_all_years
646,1539,96089.81329282,-2390596.102480766,water_agreement_all_years
646,1540,97089.81329282,-2390596.102480766,water_agreement_all_years
646,1541,98089.81329282,-2390596.102480766,water_agreement_all_years
646,1542,99089.81329282,-2390596.102480766,water_agreement_all_years
646,1543,100089.81329282,-2390596.102480766,water_agreement_all_years
646,1544,101089.81329282,-2390596.102480766,water_agreement_all_years
646,1545,102089.81329282,-2390596.102480766,water_agreement_all_years
646,1546,103089.81329282,-2390596.102480766,water_agreement_all_years
646,1547,104089.81329282,-2390596.102480766,water_agreement_all_years
646,1548,105089.81329282,-2390596.102480766,water_agreement_all_years
646,1549,106089.81329282,-2390596.102480766,water_agreement_all_years
646,1550,107089.81329282,-2390596.102480766,mixed_or_disagreeing
646,1551,108089.81329282,-2390596.102480766,water_agreement_all_years
646,1552,109089.81329282,-2390596.102480766,water_agreement_all_years
646,1553,110089.81329282,-2390596.102480766,water_agreement_all_years
646,1554,111089.81329282,-2390596.102480766,mixed_or_disagreeing
646,1555,112089.81329282,-2390596.102480766,mixed_or_disagreeing
646,1556,113089.81329282,-2390596.102480766,water_agreement_all_years
646,1557,114089.81329282,-2390596.102480766,water_agreement_all_years
646,1558,115089.81329282,-2390596.102480766,mixed_or_disagreeing
646,1559,116089.81329282,-2390596.102480766,mixed_or_disagreeing
646,1560,117089.81329282,-2390596.102480766,mixed_or_disagreeing
646,1561,118089.81329282,-2390596.102480766,mixed_or_disagreeing
646,1562,119089.81329282,-2390596.102480766,mixed_or_disagreeing
646,1563,120089.81329282,-2390596.102480766,mixed_or_disagreeing
647,1482,39089.81329282001,-2391596.102480766,water_agreement_all_years
647,1488,45089.81329282001,-2391596.102480766,water_agreement_all_years
647,1489,46089.81329282001,-2391596.102480766,water_agreement_all_years
647,1490,47089.81329282001,-2391596.102480766,water_agreement_all_years
647,1491,48089.81329282001,-2391596.102480766,mixed_or_disagreeing
647,1492,49089.81329282001,-2391596.102480766,mixed_or_disagreeing
647,1493,50089.81329282001,-2391596.102480766,mixed_or_disagreeing
647,1494,51089.81329282001,-2391596.102480766,mixed_or_disagreeing
647,1495,52089.81329282001,-2391596.102480766,mixed_or_disagreeing
647,1517,74089.81329282,-2391596.102480766,mixed_or_disagreeing
647,1518,75089.81329282,-2391596.102480766,mixed_or_disagreeing
647,1535,92089.81329282,-2391596.102480766,water_agreement_all_years
647,1536,93089.81329282,-2391596.102480766,water_agreement_all_years
647,1537,94089.81329282,-2391596.102480766,water_agreement_all_years
647,1538,95089.81329282,-2391596.102480766,water_agreement_all_years
647,1539,96089.81329282,-2391596.102480766,water_agreement_all_years
647,1540,97089.81329282,-2391596.102480766,water_agreement_all_years
647,1541,98089.81329282,-2391596.102480766,water_agreement_all_years
647,1544,101089.81329282,-2391596.102480766,water_agreement_all_years
647,1545,102089.81329282,-2391596.102480766,water_agreement_all_years
647,1546,103089.81329282,-2391596.102480766,land_agreement_all_years
647,1547,104089.81329282,-2391596.102480766,water_agreement_all_years
647,1548,105089.81329282,-2391596.102480766,water_agreement_all_years
647,1549,106089.81329282,-2391596.102480766,water_agreement_all_years
647,1550,107089.81329282,-2391596.102480766,water_agreement_all_years
647,1551,108089.81329282,-2391596.102480766,water_agreement_all_years
647,1552,109089.81329282,-2391596.102480766,water_agreement_all_years
647,1553,110089.81329282,-2391596.102480766,water_agreement_all_years
647,1554,111089.81329282,-2391596.102480766,water_agreement_all_years
647,1555,112089.81329282,-2391596.102480766,mixed_or_disagreeing
647,1556,113089.81329282,-2391596.102480766,mixed_or_disagreeing
647,1557,114089.81329282,-2391596.102480766,mixed_or_disagreeing
647,1558,115089.81329282,-2391596.102480766,mixed_or_disagreeing
647,1559,116089.81329282,-2391596.102480766,mixed_or_disagreeing
647,1560,117089.81329282,-2391596.102480766,mixed_or_disagreeing
647,1561,118089.81329282,-2391596.102480766,mixed_or_disagreeing
647,1562,119089.81329282,-2391596.102480766,water_agreement_all_years
647,1563,120089.81329282,-2391596.102480766,mixed_or_disagreeing
648,1482,39089.81329282001,-2392596.102480766,water_agreement_all_years
648,1483,40089.81329282001,-2392596.102480766,water_agreement_all_years
648,1484,41089.81329282001,-2392596.102480766,water_agreement_all_years
648,1488,45089.81329282001,-2392596.102480766,mixed_or_disagreeing
648,1489,46089.81329282001,-2392596.102480766,water_agreement_all_years
648,1490,47089.81329282001,-2392596.102480766,water_agreement_all_years
648,1491,48089.81329282001,-2392596.102480766,mixed_or_disagreeing
648,1492,49089.81329282001,-2392596.102480766,mixed_or_disagreeing
648,1493,50089.81329282001,-2392596.102480766,mixed_or_disagreeing
648,1494,51089.81329282001,-2392596.102480766,mixed_or_disagreeing
648,1495,52089.81329282001,-2392596.102480766,mixed_or_disagreeing
648,1519,76089.81329282,-2392596.102480766,mixed_or_disagreeing
648,1520,77089.81329282,-2392596.102480766,mixed_or_disagreeing
648,1534,91089.81329282,-2392596.102480766,water_agreement_all_years
648,1535,92089.81329282,-2392596.102480766,water_agreement_all_years
648,1536,93089.81329282,-2392596.102480766,water_agreement_all_years
648,1537,94089.81329282,-2392596.102480766,water_agreement_all_years
648,1538,95089.81329282,-2392596.102480766,water_agreement_all_years
648,1539,96089.81329282,-2392596.102480766,water_agreement_all_years
648,1540,97089.81329282,-2392596.102480766,water_agreement_all_years
648,1541,98089.81329282,-2392596.102480766,water_agreement_all_years
648,1546,103089.81329282,-2392596.102480766,water_agreement_all_years
648,1547,104089.81329282,-2392596.102480766,water_agreement_all_years
648,1548,105089.81329282,-2392596.102480766,water_agreement_all_years
648,1549,106089.81329282,-2392596.102480766,water_agreement_all_years
648,1550,107089.81329282,-2392596.102480766,mixed_or_disagreeing
648,1551,108089.81329282,-2392596.102480766,water_agreement_all_years
648,1552,109089.81329282,-2392596.102480766,mixed_or_disagreeing
648,1553,110089.81329282,-2392596.102480766,water_agreement_all_years
648,1554,111089.81329282,-2392596.102480766,water_agreement_all_years
648,1555,112089.81329282,-2392596.102480766,mixed_or_disagreeing
648,1556,113089.81329282,-2392596.102480766,mixed_or_disagreeing
648,1557,114089.81329282,-2392596.102480766,mixed_or_disagreeing
648,1558,115089.81329282,-2392596.102480766,mixed_or_disagreeing
648,1559,116089.81329282,-2392596.102480766,water_agreement_all_years
648,1560,117089.81329282,-2392596.102480766,water_agreement_all_years
648,1561,118089.81329282,-2392596.102480766,mixed_or_disagreeing
648,1562,119089.81329282,-2392596.102480766,mixed_or_disagreeing
648,1563,120089.81329282,-2392596.102480766,mixed_or_disagreeing
648,1564,121089.81329282,-2392596.102480766,mixed_or_disagreeing
649,1482,39089.81329282001,-2393596.102480766,water_agreement_all_years
649,1483,40089.81329282001,-2393596.102480766,water_agreement_all_years
649,1484,41089.81329282001,-2393596.102480766,water_agreement_all_years
649,1487,44089.81329282001,-2393596.102480766,mixed_or_disagreeing
649,1488,45089.81329282001,-2393596.102480766,mixed_or_disagreeing
649,1489,46089.81329282001,-2393596.102480766,water_agreement_all_years
649,1490,47089.81329282001,-2393596.102480766,water_agreement_all_years
649,1491,48089.81329282001,-2393596.102480766,water_agreement_all_years
649,1492,49089.81329282001,-2393596.102480766,mixed_or_disagreeing
649,1493,50089.81329282001,-2393596.102480766,mixed_or_disagreeing
649,1494,51089.81329282001,-2393596.102480766,mixed_or_disagreeing
649,1534,91089.81329282,-2393596.102480766,water_agreement_all_years
649,1535,92089.81329282,-2393596.102480766,water_agreement_all_years
649,1536,93089.81329282,-2393596.102480766,water_agreement_all_years
649,1537,94089.81329282,-2393596.102480766,water_agreement_all_years
649,1538,95089.81329282,-2393596.102480766,water_agreement_all_years
649,1539,96089.81329282,-2393596.102480766,water_agreement_all_years
649,1540,97089.81329282,-2393596.102480766,water_agreement_all_years
649,1541,98089.81329282,-2393596.102480766,water_agreement_all_years
649,1548,105089.81329282,-2393596.102480766,mixed_or_disagreeing
649,1549,106089.81329282,-2393596.102480766,water_agreement_all_years
649,1550,107089.81329282,-2393596.102480766,mixed_or_disagreeing
649,1551,108089.81329282,-2393596.102480766,mixed_or_disagreeing
649,1552,109089.81329282,-2393596.102480766,land_agreement_all_years
649,1553,110089.81329282,-2393596.102480766,water_agreement_all_years
649,1554,111089.81329282,-2393596.102480766,mixed_or_disagreeing
649,1555,112089.81329282,-2393596.102480766,mixed_or_disagreeing
649,1556,113089.81329282,-2393596.102480766,mixed_or_disagreeing
649,1557,114089.81329282,-2393596.102480766,mixed_or_disagreeing
649,1558,115089.81329282,-2393596.102480766,mixed_or_disagreeing
649,1559,116089.81329282,-2393596.102480766,water_agreement_all_years
649,1560,117089.81329282,-2393596.102480766,mixed_or_disagreeing
649,1561,118089.81329282,-2393596.102480766,mixed_or_disagreeing
649,1562,119089.81329282,-2393596.102480766,mixed_or_disagreeing
649,1563,120089.81329282,-2393596.102480766,mixed_or_disagreeing
650,1481,38089.81329282001,-2394596.102480766,water_agreement_all_years
650,1482,39089.81329282001,-2394596.102480766,water_agreement_all_years
650,1483,40089.81329282001,-2394596.102480766,water_agreement_all_years
650,1484,41089.81329282001,-2394596.102480766,water_agreement_all_years
650,1489,46089.81329282001,-2394596.102480766,mixed_or_disagreeing
650,1490,47089.81329282001,-2394596.102480766,mixed_or_disagreeing
650,1491,48089.81329282001,-2394596.102480766,water_agreement_all_years
650,1492,49089.81329282001,-2394596.102480766,mixed_or_disagreeing
650,1493,50089.81329282001,-2394596.102480766,mixed_or_disagreeing
650,1494,51089.81329282001,-2394596.102480766,mixed_or_disagreeing
650,1534,91089.81329282,-2394596.102480766,water_agreement_all_years
650,1535,92089.81329282,-2394596.102480766,water_agreement_all_years
650,1536,93089.81329282,-2394596.102480766,water_agreement_all_years
650,1537,94089.81329282,-2394596.102480766,water_agreement_all_years
650,1538,95089.81329282,-2394596.102480766,water_agreement_all_years
650,1539,96089.81329282,-2394596.102480766,water_agreement_all_years
650,1540,97089.81329282,-2394596.102480766,water_agreement_all_years
650,1541,98089.81329282,-2394596.102480766,water_agreement_all_years
650,1542,99089.81329282,-2394596.102480766,water_agreement_all_years
650,1549,106089.81329282,-2394596.102480766,mixed_or_disagreeing
650,1550,107089.81329282,-2394596.102480766,water_agreement_all_years
650,1551,108089.81329282,-2394596.102480766,mixed_or_disagreeing
650,1552,109089.81329282,-2394596.102480766,mixed_or_disagreeing
650,1553,110089.81329282,-2394596.102480766,mixed_or_disagreeing
650,1554,111089.81329282,-2394596.102480766,water_agreement_all_years
650,1555,112089.81329282,-2394596.102480766,mixed_or_disagreeing
650,1556,113089.81329282,-2394596.102480766,mixed_or_disagreeing
650,1557,114089.81329282,-2394596.102480766,mixed_or_disagreeing
650,1558,115089.81329282,-2394596.102480766,mixed_or_disagreeing
650,1559,116089.81329282,-2394596.102480766,mixed_or_disagreeing
650,1560,117089.81329282,-2394596.102480766,mixed_or_disagreeing
650,1561,118089.81329282,-2394596.102480766,mixed_or_disagreeing
650,1562,119089.81329282,-2394596.102480766,mixed_or_disagreeing
651,1480,37089.81329282001,-2395596.102480766,water_agreement_all_years
651,1481,38089.81329282001,-2395596.102480766,water_agreement_all_years
651,1482,39089.81329282001,-2395596.102480766,water_agreement_all_years
651,1483,40089.81329282001,-2395596.102480766,water_agreement_all_years
651,1484,41089.81329282001,-2395596.102480766,mixed_or_disagreeing
651,1491,48089.81329282001,-2395596.102480766,mixed_or_disagreeing
651,1492,49089.81329282001,-2395596.102480766,mixed_or_disagreeing
651,1493,50089.81329282001,-2395596.102480766,mixed_or_disagreeing
651,1534,91089.81329282,-2395596.102480766,water_agreement_all_years
651,1535,92089.81329282,-2395596.102480766,water_agreement_all_years
651,1536,93089.81329282,-2395596.102480766,water_agreement_all_years
651,1537,94089.81329282,-2395596.102480766,water_agreement_all_years
651,1538,95089.81329282,-2395596.102480766,water_agreement_all_years
651,1539,96089.81329282,-2395596.102480766,water_agreement_all_years
651,1540,97089.81329282,-2395596.102480766,water_agreement_all_years
651,1541,98089.81329282,-2395596.102480766,water_agreement_all_years
651,1542,99089.81329282,-2395596.102480766,water_agreement_all_years
651,1543,100089.81329282,-2395596.102480766,water_agreement_all_years
651,1550,107089.81329282,-2395596.102480766,mixed_or_disagreeing
651,1551,108089.81329282,-2395596.102480766,mixed_or_disagreeing
651,1552,109089.81329282,-2395596.102480766,mixed_or_disagreeing
651,1553,110089.81329282,-2395596.102480766,mixed_or_disagreeing
651,1554,111089.81329282,-2395596.102480766,water_agreement_all_years
651,1555,112089.81329282,-2395596.102480766,water_agreement_all_years
651,1556,113089.81329282,-2395596.102480766,mixed_or_disagreeing
651,1557,114089.81329282,-2395596.102480766,mixed_or_disagreeing
651,1558,115089.81329282,-2395596.102480766,mixed_or_disagreeing
651,1559,116089.81329282,-2395596.102480766,mixed_or_disagreeing
651,1560,117089.81329282,-2395596.102480766,mixed_or_disagreeing
651,1561,118089.81329282,-2395596.102480766,mixed_or_disagreeing
652,1480,37089.81329282001,-2396596.102480766,water_agreement_all_years
652,1481,38089.81329282001,-2396596.102480766,water_agreement_all_years
652,1482,39089.81329282001,-2396596.102480766,water_agreement_all_years
652,1483,40089.81329282001,-2396596.102480766,water_agreement_all_years
652,1484,41089.81329282001,-2396596.102480766,mixed_or_disagreeing
652,1492,49089.81329282001,-2396596.102480766,mixed_or_disagreeing
652,1504,61089.81329282001,-2396596.102480766,mixed_or_disagreeing
652,1534,91089.81329282,-2396596.102480766,water_agreement_all_years
652,1535,92089.81329282,-2396596.102480766,water_agreement_all_years
652,1536,93089.81329282,-2396596.102480766,water_agreement_all_years
652,1537,94089.81329282,-2396596.102480766,water_agreement_all_years
652,1538,95089.81329282,-2396596.102480766,water_agreement_all_years
652,1539,96089.81329282,-2396596.102480766,water_agreement_all_years
652,1540,97089.81329282,-2396596.102480766,water_agreement_all_years
652,1541,98089.81329282,-2396596.102480766,water_agreement_all_years
652,1542,99089.81329282,-2396596.102480766,water_agreement_all_years
652,1543,100089.81329282,-2396596.102480766,water_agreement_all_years
652,1544,101089.81329282,-2396596.102480766,water_agreement_all_years
652,1545,102089.81329282,-2396596.102480766,mixed_or_disagreeing
652,1551,108089.81329282,-2396596.102480766,mixed_or_disagreeing
652,1552,109089.81329282,-2396596.102480766,mixed_or_disagreeing
652,1553,110089.81329282,-2396596.102480766,mixed_or_disagreeing
652,1554,111089.81329282,-2396596.102480766,mixed_or_disagreeing
652,1555,112089.81329282,-2396596.102480766,water_agreement_all_years
652,1556,113089.81329282,-2396596.102480766,water_agreement_all_years
652,1557,114089.81329282,-2396596.102480766,mixed_or_disagreeing
652,1558,115089.81329282,-2396596.102480766,mixed_or_disagreeing
652,1559,116089.81329282,-2396596.102480766,mixed_or_disagreeing
653,1480,37089.81329282001,-2397596.102480766,water_agreement_all_years
653,1481,38089.81329282001,-2397596.102480766,water_agreement_all_years
653,1482,39089.81329282001,-2397596.102480766,water_agreement_all_years
653,1483,40089.81329282001,-2397596.102480766,water_agreement_all_years
653,1484,41089.81329282001,-2397596.102480766,mixed_or_disagreeing
653,1503,60089.81329282001,-2397596.102480766,mixed_or_disagreeing
653,1504,61089.81329282001,-2397596.102480766,mixed_or_disagreeing
653,1505,62089.81329282001,-2397596.102480766,mixed_or_disagreeing
653,1506,63089.81329282001,-2397596.102480766,mixed_or_disagreeing
653,1534,91089.81329282,-2397596.102480766,water_agreement_all_years
653,1535,92089.81329282,-2397596.102480766,water_agreement_all_years
653,1536,93089.81329282,-2397596.102480766,water_agreement_all_years
653,1537,94089.81329282,-2397596.102480766,water_agreement_all_years
653,1538,95089.81329282,-2397596.102480766,water_agreement_all_years
653,1539,96089.81329282,-2397596.102480766,water_agreement_all_years
653,1540,97089.81329282,-2397596.102480766,water_agreement_all_years
653,1541,98089.81329282,-2397596.102480766,water_agreement_all_years
653,1542,99089.81329282,-2397596.102480766,water_agreement_all_years
653,1543,100089.81329282,-2397596.102480766,water_agreement_all_years
653,1544,101089.81329282,-2397596.102480766,mixed_or_disagreeing
653,1545,102089.81329282,-2397596.102480766,mixed_or_disagreeing
653,1546,103089.81329282,-2397596.102480766,mixed_or_disagreeing
653,1553,110089.81329282,-2397596.102480766,mixed_or_disagreeing
653,1554,111089.81329282,-2397596.102480766,mixed_or_disagreeing
653,1555,112089.81329282,-2397596.102480766,water_agreement_all_years
653,1556,113089.81329282,-2397596.102480766,mixed_or_disagreeing
653,1557,114089.81329282,-2397596.102480766,mixed_or_disagreeing
653,1558,115089.81329282,-2397596.102480766,mixed_or_disagreeing
653,1559,116089.81329282,-2397596.102480766,land_agreement_all_years
654,1480,37089.81329282001,-2398596.102480766,water_agreement_all_years
654,1481,38089.81329282001,-2398596.102480766,water_agreement_all_years
654,1482,39089.81329282001,-2398596.102480766,water_agreement_all_years
654,1483,40089.81329282001,-2398596.102480766,water_agreement_all_years
654,1484,41089.81329282001,-2398596.102480766,water_agreement_all_years
654,1485,42089.81329282001,-2398596.102480766,water_agreement_all_years
654,1503,60089.81329282001,-2398596.102480766,mixed_or_disagreeing
654,1504,61089.81329282001,-2398596.102480766,mixed_or_disagreeing
654,1505,62089.81329282001,-2398596.102480766,mixed_or_disagreeing
654,1506,63089.81329282001,-2398596.102480766,mixed_or_disagreeing
654,1507,64089.81329282001,-2398596.102480766,mixed_or_disagreeing
654,1534,91089.81329282,-2398596.102480766,water_agreement_all_years
654,1535,92089.81329282,-2398596.102480766,mixed_or_disagreeing
654,1536,93089.81329282,-2398596.102480766,water_agreement_all_years
654,1537,94089.81329282,-2398596.102480766,water_agreement_all_years
654,1538,95089.81329282,-2398596.102480766,water_agreement_all_years
654,1539,96089.81329282,-2398596.102480766,water_agreement_all_years
654,1540,97089.81329282,-2398596.102480766,water_agreement_all_years
654,1541,98089.81329282,-2398596.102480766,water_agreement_all_years
654,1542,99089.81329282,-2398596.102480766,water_agreement_all_years
654,1543,100089.81329282,-2398596.102480766,water_agreement_all_years
654,1544,101089.81329282,-2398596.102480766,water_agreement_all_years
654,1545,102089.81329282,-2398596.102480766,water_agreement_all_years
654,1546,103089.81329282,-2398596.102480766,mixed_or_disagreeing
654,1547,104089.81329282,-2398596.102480766,water_agreement_all_years
654,1556,113089.81329282,-2398596.102480766,mixed_or_disagreeing
654,1557,114089.81329282,-2398596.102480766,mixed_or_disagreeing
655,1459,16089.813292820007,-2399596.102480766,water_agreement_all_years
655,1480,37089.81329282001,-2399596.102480766,water_agreement_all_years
655,1481,38089.81329282001,-2399596.102480766,water_agreement_all_years
655,1482,39089.81329282001,-2399596.102480766,water_agreement_all_years
655,1483,40089.81329282001,-2399596.102480766,water_agreement_all_years
655,1484,41089.81329282001,-2399596.102480766,water_agreement_all_years
655,1485,42089.81329282001,-2399596.102480766,water_agreement_all_years
655,1487,44089.81329282001,-2399596.102480766,mixed_or_disagreeing
655,1503,60089.81329282001,-2399596.102480766,mixed_or_disagreeing
655,1504,61089.81329282001,-2399596.102480766,mixed_or_disagreeing
655,1505,62089.81329282001,-2399596.102480766,mixed_or_disagreeing
655,1506,63089.81329282001,-2399596.102480766,mixed_or_disagreeing
655,1507,64089.81329282001,-2399596.102480766,mixed_or_disagreeing
655,1508,65089.81329282001,-2399596.102480766,mixed_or_disagreeing
655,1509,66089.81329282,-2399596.102480766,mixed_or_disagreeing
655,1534,91089.81329282,-2399596.102480766,water_agreement_all_years
655,1535,92089.81329282,-2399596.102480766,water_agreement_all_years
655,1536,93089.81329282,-2399596.102480766,water_agreement_all_years
655,1537,94089.81329282,-2399596.102480766,water_agreement_all_years
655,1538,95089.81329282,-2399596.102480766,water_agreement_all_years
655,1539,96089.81329282,-2399596.102480766,water_agreement_all_years
655,1540,97089.81329282,-2399596.102480766,water_agreement_all_years
655,1541,98089.81329282,-2399596.102480766,water_agreement_all_years
655,1542,99089.81329282,-2399596.102480766,water_agreement_all_years
655,1543,100089.81329282,-2399596.102480766,mixed_or_disagreeing
655,1544,101089.81329282,-2399596.102480766,water_agreement_all_years
655,1545,102089.81329282,-2399596.102480766,water_agreement_all_years
655,1546,103089.81329282,-2399596.102480766,water_agreement_all_years
655,1547,104089.81329282,-2399596.102480766,water_agreement_all_years
655,1548,105089.81329282,-2399596.102480766,mixed_or_disagreeing
656,1453,10089.813292820007,-2400596.102480766,mixed_or_disagreeing
656,1458,15089.813292820007,-2400596.102480766,water_agreement_all_years
656,1459,16089.813292820007,-2400596.102480766,water_agreement_all_years
656,1460,17089.813292820007,-2400596.102480766,water_agreement_all_years
656,1461,18089.813292820007,-2400596.102480766,water_agreement_all_years
656,1479,36089.81329282001,-2400596.102480766,water_agreement_all_years
656,1480,37089.81329282001,-2400596.102480766,water_agreement_all_years
656,1481,38089.81329282001,-2400596.102480766,water_agreement_all_years
656,1482,39089.81329282001,-2400596.102480766,water_agreement_all_years
656,1483,40089.81329282001,-2400596.102480766,water_agreement_all_years
656,1484,41089.81329282001,-2400596.102480766,water_agreement_all_years
656,1485,42089.81329282001,-2400596.102480766,mixed_or_disagreeing
656,1488,45089.81329282001,-2400596.102480766,mixed_or_disagreeing
656,1501,58089.81329282001,-2400596.102480766,mixed_or_disagreeing
656,1503,60089.81329282001,-2400596.102480766,mixed_or_disagreeing
656,1504,61089.81329282001,-2400596.102480766,mixed_or_disagreeing
656,1505,62089.81329282001,-2400596.102480766,mixed_or_disagreeing
656,1506,63089.81329282001,-2400596.102480766,mixed_or_disagreeing
656,1509,66089.81329282,-2400596.102480766,mixed_or_disagreeing
656,1510,67089.81329282,-2400596.102480766,mixed_or_disagreeing
656,1533,90089.81329282,-2400596.102480766,water_agreement_all_years
656,1534,91089.81329282,-2400596.102480766,mixed_or_disagreeing
656,1535,92089.81329282,-2400596.102480766,water_agreement_all_years
656,1536,93089.81329282,-2400596.102480766,water_agreement_all_years
656,1537,94089.81329282,-2400596.102480766,water_agreement_all_years
656,1538,95089.81329282,-2400596.102480766,water_agreement_all_years
656,1539,96089.81329282,-2400596.102480766,water_agreement_all_years
656,1540,97089.81329282,-2400596.102480766,water_agreement_all_years
656,1541,98089.81329282,-2400596.102480766,mixed_or_disagreeing
656,1542,99089.81329282,-2400596.102480766,mixed_or_disagreeing
656,1543,100089.81329282,-2400596.102480766,mixed_or_disagreeing
656,1544,101089.81329282,-2400596.102480766,water_agreement_all_years
656,1545,102089.81329282,-2400596.102480766,water_agreement_all_years
656,1546,103089.81329282,-2400596.102480766,water_agreement_all_years
656,1547,104089.81329282,-2400596.102480766,water_agreement_all_years
656,1548,105089.81329282,-2400596.102480766,mixed_or_disagreeing
656,1549,106089.81329282,-2400596.102480766,mixed_or_disagreeing
656,1550,107089.81329282,-2400596.102480766,mixed_or_disagreeing
657,1453,10089.813292820007,-2401596.102480766,mixed_or_disagreeing
657,1458,15089.813292820007,-2401596.102480766,water_agreement_all_years
657,1459,16089.813292820007,-2401596.102480766,water_agreement_all_years
657,1462,19089.813292820007,-2401596.102480766,water_agreement_all_years
657,1479,36089.81329282001,-2401596.102480766,water_agreement_all_years
657,1482,39089.81329282001,-2401596.102480766,water_agreement_all_years
657,1483,40089.81329282001,-2401596.102480766,water_agreement_all_years
657,1484,41089.81329282001,-2401596.102480766,water_agreement_all_years
657,1487,44089.81329282001,-2401596.102480766,water_agreement_all_years
657,1489,46089.81329282001,-2401596.102480766,mixed_or_disagreeing
657,1502,59089.81329282001,-2401596.102480766,mixed_or_disagreeing
657,1503,60089.81329282001,-2401596.102480766,mixed_or_disagreeing
657,1504,61089.81329282001,-2401596.102480766,mixed_or_disagreeing
657,1505,62089.81329282001,-2401596.102480766,mixed_or_disagreeing
657,1506,63089.81329282001,-2401596.102480766,mixed_or_disagreeing
657,1509,66089.81329282,-2401596.102480766,mixed_or_disagreeing
657,1533,90089.81329282,-2401596.102480766,water_agreement_all_years
657,1534,91089.81329282,-2401596.102480766,water_agreement_all_years
657,1535,92089.81329282,-2401596.102480766,water_agreement_all_years
657,1536,93089.81329282,-2401596.102480766,water_agreement_all_years
657,1537,94089.81329282,-2401596.102480766,water_agreement_all_years
657,1538,95089.81329282,-2401596.102480766,water_agreement_all_years
657,1539,96089.81329282,-2401596.102480766,water_agreement_all_years
657,1540,97089.81329282,-2401596.102480766,water_agreement_all_years
657,1541,98089.81329282,-2401596.102480766,mixed_or_disagreeing
657,1542,99089.81329282,-2401596.102480766,water_agreement_all_years
657,1543,100089.81329282,-2401596.102480766,mixed_or_disagreeing
657,1544,101089.81329282,-2401596.102480766,water_agreement_all_years
657,1545,102089.81329282,-2401596.102480766,water_agreement_all_years
657,1546,103089.81329282,-2401596.102480766,mixed_or_disagreeing
657,1547,104089.81329282,-2401596.102480766,water_agreement_all_years
657,1548,105089.81329282,-2401596.102480766,mixed_or_disagreeing
657,1549,106089.81329282,-2401596.102480766,mixed_or_disagreeing
657,1550,107089.81329282,-2401596.102480766,mixed_or_disagreeing
657,1551,108089.81329282,-2401596.102480766,mixed_or_disagreeing
658,1461,18089.813292820007,-2402596.102480766,water_agreement_all_years
658,1462,19089.813292820007,-2402596.102480766,water_agreement_all_years
658,1463,20089.813292820007,-2402596.102480766,water_agreement_all_years
658,1471,28089.813292820007,-2402596.102480766,mixed_or_disagreeing
658,1472,29089.813292820007,-2402596.102480766,water_agreement_all_years
658,1473,30089.813292820007,-2402596.102480766,mixed_or_disagreeing
658,1476,33089.81329282001,-2402596.102480766,water_agreement_all_years
658,1480,37089.81329282001,-2402596.102480766,water_agreement_all_years
658,1482,39089.81329282001,-2402596.102480766,water_agreement_all_years
658,1486,43089.81329282001,-2402596.102480766,water_agreement_all_years
658,1487,44089.81329282001,-2402596.102480766,mixed_or_disagreeing
658,1502,59089.81329282001,-2402596.102480766,mixed_or_disagreeing
658,1503,60089.81329282001,-2402596.102480766,mixed_or_disagreeing
658,1504,61089.81329282001,-2402596.102480766,mixed_or_disagreeing
658,1505,62089.81329282001,-2402596.102480766,mixed_or_disagreeing
658,1506,63089.81329282001,-2402596.102480766,mixed_or_disagreeing
658,1507,64089.81329282001,-2402596.102480766,mixed_or_disagreeing
658,1508,65089.81329282001,-2402596.102480766,water_agreement_all_years
658,1509,66089.81329282,-2402596.102480766,mixed_or_disagreeing
658,1510,67089.81329282,-2402596.102480766,mixed_or_disagreeing
658,1512,69089.81329282,-2402596.102480766,mixed_or_disagreeing
658,1533,90089.81329282,-2402596.102480766,water_agreement_all_years
658,1534,91089.81329282,-2402596.102480766,water_agreement_all_years
658,1535,92089.81329282,-2402596.102480766,mixed_or_disagreeing
658,1536,93089.81329282,-2402596.102480766,water_agreement_all_years
658,1537,94089.81329282,-2402596.102480766,water_agreement_all_years
658,1538,95089.81329282,-2402596.102480766,water_agreement_all_years
658,1539,96089.81329282,-2402596.102480766,water_agreement_all_years
658,1540,97089.81329282,-2402596.102480766,mixed_or_disagreeing
658,1541,98089.81329282,-2402596.102480766,mixed_or_disagreeing
658,1542,99089.81329282,-2402596.102480766,mixed_or_disagreeing
658,1543,100089.81329282,-2402596.102480766,mixed_or_disagreeing
658,1544,101089.81329282,-2402596.102480766,mixed_or_disagreeing
658,1545,102089.81329282,-2402596.102480766,mixed_or_disagreeing
658,1546,103089.81329282,-2402596.102480766,mixed_or_disagreeing
658,1547,104089.81329282,-2402596.102480766,mixed_or_disagreeing
658,1548,105089.81329282,-2402596.102480766,water_agreement_all_years
658,1549,106089.81329282,-2402596.102480766,mixed_or_disagreeing
658,1550,107089.81329282,-2402596.102480766,mixed_or_disagreeing
658,1551,108089.81329282,-2402596.102480766,mixed_or_disagreeing
658,1552,109089.81329282,-2402596.102480766,water_agreement_all_years
658,1553,110089.81329282,-2402596.102480766,water_agreement_all_years
659,1461,18089.813292820007,-2403596.102480766,water_agreement_all_years
659,1462,19089.813292820007,-2403596.102480766,water_agreement_all_years
659,1463,20089.813292820007,-2403596.102480766,water_agreement_all_years
659,1467,24089.813292820007,-2403596.102480766,water_agreement_all_years
659,1468,25089.813292820007,-2403596.102480766,mixed_or_disagreeing
659,1469,26089.813292820007,-2403596.102480766,water_agreement_all_years
659,1470,27089.813292820007,-2403596.102480766,water_agreement_all_years
659,1471,28089.813292820007,-2403596.102480766,mixed_or_disagreeing
659,1472,29089.813292820007,-2403596.102480766,water_agreement_all_years
659,1475,32089.813292820007,-2403596.102480766,water_agreement_all_years
659,1476,33089.81329282001,-2403596.102480766,mixed_or_disagreeing
659,1483,40089.81329282001,-2403596.102480766,water_agreement_all_years
659,1485,42089.81329282001,-2403596.102480766,mixed_or_disagreeing
659,1486,43089.81329282001,-2403596.102480766,mixed_or_disagreeing
659,1487,44089.81329282001,-2403596.102480766,mixed_or_disagreeing
659,1488,45089.81329282001,-2403596.102480766,mixed_or_disagreeing
659,1498,55089.81329282001,-2403596.102480766,mixed_or_disagreeing
659,1499,56089.81329282001,-2403596.102480766,mixed_or_disagreeing
659,1500,57089.81329282001,-2403596.102480766,mixed_or_disagreeing
659,1501,58089.81329282001,-2403596.102480766,mixed_or_disagreeing
659,1502,59089.81329282001,-2403596.102480766,mixed_or_disagreeing
659,1503,60089.81329282001,-2403596.102480766,mixed_or_disagreeing
659,1504,61089.81329282001,-2403596.102480766,mixed_or_disagreeing
659,1505,62089.81329282001,-2403596.102480766,mixed_or_disagreeing
659,1506,63089.81329282001,-2403596.102480766,mixed_or_disagreeing
659,1507,64089.81329282001,-2403596.102480766,water_agreement_all_years
659,1508,65089.81329282001,-2403596.102480766,mixed_or_disagreeing
659,1509,66089.81329282,-2403596.102480766,mixed_or_disagreeing
659,1510,67089.81329282,-2403596.102480766,mixed_or_disagreeing
659,1511,68089.81329282,-2403596.102480766,mixed_or_disagreeing
659,1512,69089.81329282,-2403596.102480766,mixed_or_disagreeing
659,1516,73089.81329282,-2403596.102480766,mixed_or_disagreeing
659,1517,74089.81329282,-2403596.102480766,mixed_or_disagreeing
659,1533,90089.81329282,-2403596.102480766,water_agreement_all_years
659,1534,91089.81329282,-2403596.102480766,mixed_or_disagreeing
659,1535,92089.81329282,-2403596.102480766,water_agreement_all_years
659,1536,93089.81329282,-2403596.102480766,water_agreement_all_years
659,1537,94089.81329282,-2403596.102480766,water_agreement_all_years
659,1538,95089.81329282,-2403596.102480766,water_agreement_all_years
659,1539,96089.81329282,-2403596.102480766,water_agreement_all_years
659,1540,97089.81329282,-2403596.102480766,mixed_or_disagreeing
659,1541,98089.81329282,-2403596.102480766,water_agreement_all_years
659,1542,99089.81329282,-2403596.102480766,mixed_or_disagreeing
659,1543,100089.81329282,-2403596.102480766,mixed_or_disagreeing
659,1544,101089.81329282,-2403596.102480766,mixed_or_disagreeing
659,1545,102089.81329282,-2403596.102480766,mixed_or_disagreeing
659,1546,103089.81329282,-2403596.102480766,water_agreement_all_years
659,1547,104089.81329282,-2403596.102480766,water_agreement_all_years
659,1548,105089.81329282,-2403596.102480766,mixed_or_disagreeing
659,1549,106089.81329282,-2403596.102480766,water_agreement_all_years
659,1550,107089.81329282,-2403596.102480766,mixed_or_disagreeing
659,1551,108089.81329282,-2403596.102480766,mixed_or_disagreeing
659,1552,109089.81329282,-2403596.102480766,mixed_or_disagreeing
659,1553,110089.81329282,-2403596.102480766,mixed_or_disagreeing
659,1554,111089.81329282,-2403596.102480766,mixed_or_disagreeing
660,1459,16089.813292820007,-2404596.102480766,water_agreement_all_years
660,1460,17089.813292820007,-2404596.102480766,water_agreement_all_years
660,1461,18089.813292820007,-2404596.102480766,water_agreement_all_years
660,1462,19089.813292820007,-2404596.102480766,water_agreement_all_years
660,1463,20089.813292820007,-2404596.102480766,water_agreement_all_years
660,1464,21089.813292820007,-2404596.102480766,water_agreement_all_years
660,1465,22089.813292820007,-2404596.102480766,water_agreement_all_years
660,1466,23089.813292820007,-2404596.102480766,mixed_or_disagreeing
660,1467,24089.813292820007,-2404596.102480766,water_agreement_all_years
660,1468,25089.813292820007,-2404596.102480766,water_agreement_all_years
660,1469,26089.813292820007,-2404596.102480766,mixed_or_disagreeing
660,1470,27089.813292820007,-2404596.102480766,water_agreement_all_years
660,1471,28089.813292820007,-2404596.102480766,mixed_or_disagreeing
660,1472,29089.813292820007,-2404596.102480766,mixed_or_disagreeing
660,1475,32089.813292820007,-2404596.102480766,mixed_or_disagreeing
660,1476,33089.81329282001,-2404596.102480766,mixed_or_disagreeing
660,1479,36089.81329282001,-2404596.102480766,mixed_or_disagreeing
660,1480,37089.81329282001,-2404596.102480766,mixed_or_disagreeing
660,1483,40089.81329282001,-2404596.102480766,mixed_or_disagreeing
660,1486,43089.81329282001,-2404596.102480766,water_agreement_all_years
660,1487,44089.81329282001,-2404596.102480766,mixed_or_disagreeing
660,1489,46089.81329282001,-2404596.102480766,water_agreement_all_years
660,1490,47089.81329282001,-2404596.102480766,mixed_or_disagreeing
660,1497,54089.81329282001,-2404596.102480766,mixed_or_disagreeing
660,1498,55089.81329282001,-2404596.102480766,mixed_or_disagreeing
660,1499,56089.81329282001,-2404596.102480766,mixed_or_disagreeing
660,1500,57089.81329282001,-2404596.102480766,mixed_or_disagreeing
660,1501,58089.81329282001,-2404596.102480766,mixed_or_disagreeing
660,1502,59089.81329282001,-2404596.102480766,mixed_or_disagreeing
660,1503,60089.81329282001,-2404596.102480766,mixed_or_disagreeing
660,1504,61089.81329282001,-2404596.102480766,mixed_or_disagreeing
660,1505,62089.81329282001,-2404596.102480766,mixed_or_disagreeing
660,1506,63089.81329282001,-2404596.102480766,mixed_or_disagreeing
660,1507,64089.81329282001,-2404596.102480766,water_agreement_all_years
660,1508,65089.81329282001,-2404596.102480766,water_agreement_all_years
660,1509,66089.81329282,-2404596.102480766,water_agreement_all_years
660,1510,67089.81329282,-2404596.102480766,mixed_or_disagreeing
660,1511,68089.81329282,-2404596.102480766,mixed_or_disagreeing
660,1512,69089.81329282,-2404596.102480766,mixed_or_disagreeing
660,1532,89089.81329282,-2404596.102480766,mixed_or_disagreeing
660,1533,90089.81329282,-2404596.102480766,mixed_or_disagreeing
660,1534,91089.81329282,-2404596.102480766,water_agreement_all_years
660,1535,92089.81329282,-2404596.102480766,water_agreement_all_years
660,1536,93089.81329282,-2404596.102480766,water_agreement_all_years
660,1537,94089.81329282,-2404596.102480766,water_agreement_all_years
660,1538,95089.81329282,-2404596.102480766,water_agreement_all_years
660,1539,96089.81329282,-2404596.102480766,water_agreement_all_years
660,1540,97089.81329282,-2404596.102480766,water_agreement_all_years
660,1541,98089.81329282,-2404596.102480766,water_agreement_all_years
660,1542,99089.81329282,-2404596.102480766,water_agreement_all_years
660,1543,100089.81329282,-2404596.102480766,water_agreement_all_years
660,1544,101089.81329282,-2404596.102480766,mixed_or_disagreeing
660,1545,102089.81329282,-2404596.102480766,water_agreement_all_years
660,1546,103089.81329282,-2404596.102480766,water_agreement_all_years
660,1547,104089.81329282,-2404596.102480766,mixed_or_disagreeing
660,1548,105089.81329282,-2404596.102480766,water_agreement_all_years
660,1549,106089.81329282,-2404596.102480766,mixed_or_disagreeing
660,1550,107089.81329282,-2404596.102480766,water_agreement_all_years
660,1551,108089.81329282,-2404596.102480766,water_agreement_all_years
660,1552,109089.81329282,-2404596.102480766,mixed_or_disagreeing
660,1553,110089.81329282,-2404596.102480766,water_agreement_all_years
660,1554,111089.81329282,-2404596.102480766,water_agreement_all_years
660,1555,112089.81329282,-2404596.102480766,water_agreement_all_years
660,1556,113089.81329282,-2404596.102480766,water_agreement_all_years
661,1456,13089.813292820007,-2405596.102480766,water_agreement_all_years
661,1458,15089.813292820007,-2405596.102480766,water_agreement_all_years
661,1459,16089.813292820007,-2405596.102480766,water_agreement_all_years
661,1460,17089.813292820007,-2405596.102480766,water_agreement_all_years
661,1461,18089.813292820007,-2405596.102480766,water_agreement_all_years
661,1462,19089.813292820007,-2405596.102480766,water_agreement_all_years
661,1463,20089.813292820007,-2405596.102480766,water_agreement_all_years
661,1464,21089.813292820007,-2405596.102480766,water_agreement_all_years
661,1465,22089.813292820007,-2405596.102480766,water_agreement_all_years
661,1467,24089.813292820007,-2405596.102480766,mixed_or_disagreeing
661,1468,25089.813292820007,-2405596.102480766,mixed_or_disagreeing
661,1470,27089.813292820007,-2405596.102480766,water_agreement_all_years
661,1471,28089.813292820007,-2405596.102480766,mixed_or_disagreeing
661,1472,29089.813292820007,-2405596.102480766,mixed_or_disagreeing
661,1482,39089.81329282001,-2405596.102480766,mixed_or_disagreeing
661,1483,40089.81329282001,-2405596.102480766,mixed_or_disagreeing
661,1484,41089.81329282001,-2405596.102480766,mixed_or_disagreeing
661,1485,42089.81329282001,-2405596.102480766,mixed_or_disagreeing
661,1498,55089.81329282001,-2405596.102480766,mixed_or_disagreeing
661,1499,56089.81329282001,-2405596.102480766,mixed_or_disagreeing
661,1500,57089.81329282001,-2405596.102480766,mixed_or_disagreeing
661,1501,58089.81329282001,-2405596.102480766,mixed_or_disagreeing
661,1502,59089.81329282001,-2405596.102480766,mixed_or_disagreeing
661,1503,60089.81329282001,-2405596.102480766,mixed_or_disagreeing
661,1504,61089.81329282001,-2405596.102480766,water_agreement_all_years
661,1505,62089.81329282001,-2405596.102480766,mixed_or_disagreeing
661,1506,63089.81329282001,-2405596.102480766,water_agreement_all_years
661,1507,64089.81329282001,-2405596.102480766,mixed_or_disagreeing
661,1508,65089.81329282001,-2405596.102480766,mixed_or_disagreeing
661,1509,66089.81329282,-2405596.102480766,mixed_or_disagreeing
661,1510,67089.81329282,-2405596.102480766,mixed_or_disagreeing
661,1512,69089.81329282,-2405596.102480766,mixed_or_disagreeing
661,1532,89089.81329282,-2405596.102480766,water_agreement_all_years
661,1533,90089.81329282,-2405596.102480766,water_agreement_all_years
661,1534,91089.81329282,-2405596.102480766,water_agreement_all_years
661,1535,92089.81329282,-2405596.102480766,water_agreement_all_years
661,1536,93089.81329282,-2405596.102480766,water_agreement_all_years
661,1537,94089.81329282,-2405596.102480766,water_agreement_all_years
661,1538,95089.81329282,-2405596.102480766,water_agreement_all_years
661,1539,96089.81329282,-2405596.102480766,water_agreement_all_years
661,1540,97089.81329282,-2405596.102480766,water_agreement_all_years
661,1541,98089.81329282,-2405596.102480766,water_agreement_all_years
661,1542,99089.81329282,-2405596.102480766,water_agreement_all_years
661,1543,100089.81329282,-2405596.102480766,water_agreement_all_years
661,1544,101089.81329282,-2405596.102480766,water_agreement_all_years
661,1545,102089.81329282,-2405596.102480766,water_agreement_all_years
661,1546,103089.81329282,-2405596.102480766,water_agreement_all_years
661,1547,104089.81329282,-2405596.102480766,mixed_or_disagreeing
661,1548,105089.81329282,-2405596.102480766,mixed_or_disagreeing
661,1549,106089.81329282,-2405596.102480766,mixed_or_disagreeing
661,1550,107089.81329282,-2405596.102480766,mixed_or_disagreeing
661,1551,108089.81329282,-2405596.102480766,mixed_or_disagreeing
661,1552,109089.81329282,-2405596.102480766,mixed_or_disagreeing
661,1553,110089.81329282,-2405596.102480766,water_agreement_all_years
661,1554,111089.81329282,-2405596.102480766,mixed_or_disagreeing
661,1555,112089.81329282,-2405596.102480766,mixed_or_disagreeing
661,1556,113089.81329282,-2405596.102480766,water_agreement_all_years
661,1557,114089.81329282,-2405596.102480766,mixed_or_disagreeing
662,1432,-10910.186707179993,-2406596.102480766,mixed_or_disagreeing
662,1451,8089.813292820007,-2406596.102480766,mixed_or_disagreeing
662,1452,9089.813292820007,-2406596.102480766,water_agreement_all_years
662,1459,16089.813292820007,-2406596.102480766,water_agreement_all_years
662,1462,19089.813292820007,-2406596.102480766,mixed_or_disagreeing
662,1464,21089.813292820007,-2406596.102480766,water_agreement_all_years
662,1465,22089.813292820007,-2406596.102480766,water_agreement_all_years
662,1466,23089.813292820007,-2406596.102480766,water_agreement_all_years
662,1467,24089.813292820007,-2406596.102480766,water_agreement_all_years
662,1468,25089.813292820007,-2406596.102480766,water_agreement_all_years
662,1469,26089.813292820007,-2406596.102480766,mixed_or_disagreeing
662,1470,27089.813292820007,-2406596.102480766,mixed_or_disagreeing
662,1471,28089.813292820007,-2406596.102480766,mixed_or_disagreeing
662,1472,29089.813292820007,-2406596.102480766,mixed_or_disagreeing
662,1473,30089.813292820007,-2406596.102480766,mixed_or_disagreeing
662,1492,49089.81329282001,-2406596.102480766,mixed_or_disagreeing
662,1498,55089.81329282001,-2406596.102480766,mixed_or_disagreeing
662,1499,56089.81329282001,-2406596.102480766,mixed_or_disagreeing
662,1500,57089.81329282001,-2406596.102480766,mixed_or_disagreeing
662,1501,58089.81329282001,-2406596.102480766,mixed_or_disagreeing
662,1502,59089.81329282001,-2406596.102480766,mixed_or_disagreeing
662,1503,60089.81329282001,-2406596.102480766,mixed_or_disagreeing
662,1504,61089.81329282001,-2406596.102480766,mixed_or_disagreeing
662,1505,62089.81329282001,-2406596.102480766,water_agreement_all_years
662,1506,63089.81329282001,-2406596.102480766,mixed_or_disagreeing
662,1507,64089.81329282001,-2406596.102480766,mixed_or_disagreeing
662,1508,65089.81329282001,-2406596.102480766,mixed_or_disagreeing
662,1509,66089.81329282,-2406596.102480766,mixed_or_disagreeing
662,1532,89089.81329282,-2406596.102480766,mixed_or_disagreeing
662,1533,90089.81329282,-2406596.102480766,water_agreement_all_years
662,1534,91089.81329282,-2406596.102480766,water_agreement_all_years
662,1535,92089.81329282,-2406596.102480766,water_agreement_all_years
662,1536,93089.81329282,-2406596.102480766,water_agreement_all_years
662,1537,94089.81329282,-2406596.102480766,water_agreement_all_years
662,1538,95089.81329282,-2406596.102480766,water_agreement_all_years
662,1539,96089.81329282,-2406596.102480766,water_agreement_all_years
662,1540,97089.81329282,-2406596.102480766,water_agreement_all_years
662,1541,98089.81329282,-2406596.102480766,water_agreement_all_years
662,1542,99089.81329282,-2406596.102480766,water_agreement_all_years
662,1543,100089.81329282,-2406596.102480766,mixed_or_disagreeing
662,1544,101089.81329282,-2406596.102480766,mixed_or_disagreeing
662,1545,102089.81329282,-2406596.102480766,water_agreement_all_years
662,1546,103089.81329282,-2406596.102480766,water_agreement_all_years
662,1547,104089.81329282,-2406596.102480766,mixed_or_disagreeing
662,1548,105089.81329282,-2406596.102480766,mixed_or_disagreeing
662,1549,106089.81329282,-2406596.102480766,mixed_or_disagreeing
662,1550,107089.81329282,-2406596.102480766,mixed_or_disagreeing
662,1551,108089.81329282,-2406596.102480766,mixed_or_disagreeing
662,1552,109089.81329282,-2406596.102480766,water_agreement_all_years
662,1553,110089.81329282,-2406596.102480766,water_agreement_all_years
662,1554,111089.81329282,-2406596.102480766,mixed_or_disagreeing
662,1555,112089.81329282,-2406596.102480766,water_agreement_all_years
662,1556,113089.81329282,-2406596.102480766,water_agreement_all_years
662,1557,114089.81329282,-2406596.102480766,water_agreement_all_years
663,1444,1089.8132928200066,-2407596.102480766,mixed_or_disagreeing
663,1445,2089.8132928200066,-2407596.102480766,mixed_or_disagreeing
663,1464,21089.813292820007,-2407596.102480766,mixed_or_disagreeing
663,1465,22089.813292820007,-2407596.102480766,mixed_or_disagreeing
663,1466,23089.813292820007,-2407596.102480766,water_agreement_all_years
663,1467,24089.813292820007,-2407596.102480766,water_agreement_all_years
663,1468,25089.813292820007,-2407596.102480766,water_agreement_all_years
663,1472,29089.813292820007,-2407596.102480766,mixed_or_disagreeing
663,1473,30089.813292820007,-2407596.102480766,mixed_or_disagreeing
663,1475,32089.813292820007,-2407596.102480766,mixed_or_disagreeing
663,1485,42089.81329282001,-2407596.102480766,mixed_or_disagreeing
663,1488,45089.81329282001,-2407596.102480766,mixed_or_disagreeing
663,1492,49089.81329282001,-2407596.102480766,mixed_or_disagreeing
663,1493,50089.81329282001,-2407596.102480766,mixed_or_disagreeing
663,1495,52089.81329282001,-2407596.102480766,mixed_or_disagreeing
663,1496,53089.81329282001,-2407596.102480766,mixed_or_disagreeing
663,1503,60089.81329282001,-2407596.102480766,mixed_or_disagreeing
663,1504,61089.81329282001,-2407596.102480766,mixed_or_disagreeing
663,1505,62089.81329282001,-2407596.102480766,mixed_or_disagreeing
663,1506,63089.81329282001,-2407596.102480766,mixed_or_disagreeing
663,1507,64089.81329282001,-2407596.102480766,mixed_or_disagreeing
663,1532,89089.81329282,-2407596.102480766,mixed_or_disagreeing
663,1533,90089.81329282,-2407596.102480766,water_agreement_all_years
663,1534,91089.81329282,-2407596.102480766,water_agreement_all_years
663,1535,92089.81329282,-2407596.102480766,water_agreement_all_years
663,1536,93089.81329282,-2407596.102480766,water_agreement_all_years
663,1537,94089.81329282,-2407596.102480766,water_agreement_all_years
663,1538,95089.81329282,-2407596.102480766,water_agreement_all_years
663,1539,96089.81329282,-2407596.102480766,water_agreement_all_years
663,1540,97089.81329282,-2407596.102480766,water_agreement_all_years
663,1541,98089.81329282,-2407596.102480766,water_agreement_all_years
663,1542,99089.81329282,-2407596.102480766,mixed_or_disagreeing
663,1543,100089.81329282,-2407596.102480766,mixed_or_disagreeing
663,1544,101089.81329282,-2407596.102480766,mixed_or_disagreeing
663,1545,102089.81329282,-2407596.102480766,water_agreement_all_years
663,1546,103089.81329282,-2407596.102480766,water_agreement_all_years
663,1547,104089.81329282,-2407596.102480766,water_agreement_all_years
663,1548,105089.81329282,-2407596.102480766,mixed_or_disagreeing
663,1549,106089.81329282,-2407596.102480766,mixed_or_disagreeing
663,1550,107089.81329282,-2407596.102480766,water_agreement_all_years
663,1551,108089.81329282,-2407596.102480766,mixed_or_disagreeing
663,1552,109089.81329282,-2407596.102480766,water_agreement_all_years
663,1553,110089.81329282,-2407596.102480766,water_agreement_all_years
663,1554,111089.81329282,-2407596.102480766,water_agreement_all_years
663,1555,112089.81329282,-2407596.102480766,water_agreement_all_years
663,1556,113089.81329282,-2407596.102480766,water_agreement_all_years
663,1557,114089.81329282,-2407596.102480766,mixed_or_disagreeing
663,2121,678089.81329282,-2407596.102480766,water_agreement_all_years
664,1472,29089.813292820007,-2408596.102480766,mixed_or_disagreeing
664,1475,32089.813292820007,-2408596.102480766,mixed_or_disagreeing
664,1486,43089.81329282001,-2408596.102480766,mixed_or_disagreeing
664,1495,52089.81329282001,-2408596.102480766,mixed_or_disagreeing
664,1503,60089.81329282001,-2408596.102480766,mixed_or_disagreeing
664,1504,61089.81329282001,-2408596.102480766,mixed_or_disagreeing
664,1505,62089.81329282001,-2408596.102480766,mixed_or_disagreeing
664,1506,63089.81329282001,-2408596.102480766,mixed_or_disagreeing
664,1507,64089.81329282001,-2408596.102480766,mixed_or_disagreeing
664,1532,89089.81329282,-2408596.102480766,water_agreement_all_years
664,1533,90089.81329282,-2408596.102480766,water_agreement_all_years
664,1534,91089.81329282,-2408596.102480766,water_agreement_all_years
664,1535,92089.81329282,-2408596.102480766,water_agreement_all_years
664,1536,93089.81329282,-2408596.102480766,water_agreement_all_years
664,1537,94089.81329282,-2408596.102480766,water_agreement_all_years
664,1538,95089.81329282,-2408596.102480766,water_agreement_all_years
664,1539,96089.81329282,-2408596.102480766,water_agreement_all_years
664,1540,97089.81329282,-2408596.102480766,water_agreement_all_years
664,1541,98089.81329282,-2408596.102480766,water_agreement_all_years
664,1542,99089.81329282,-2408596.102480766,water_agreement_all_years
664,1543,100089.81329282,-2408596.102480766,mixed_or_disagreeing
664,1544,101089.81329282,-2408596.102480766,mixed_or_disagreeing
664,1545,102089.81329282,-2408596.102480766,water_agreement_all_years
664,1546,103089.81329282,-2408596.102480766,mixed_or_disagreeing
664,1547,104089.81329282,-2408596.102480766,mixed_or_disagreeing
664,1548,105089.81329282,-2408596.102480766,water_agreement_all_years
664,1549,106089.81329282,-2408596.102480766,water_agreement_all_years
664,1550,107089.81329282,-2408596.102480766,water_agreement_all_years
664,1551,108089.81329282,-2408596.102480766,water_agreement_all_years
664,1552,109089.81329282,-2408596.102480766,water_agreement_all_years
664,1553,110089.81329282,-2408596.102480766,water_agreement_all_years
664,1554,111089.81329282,-2408596.102480766,water_agreement_all_years
664,1555,112089.81329282,-2408596.102480766,mixed_or_disagreeing
664,1556,113089.81329282,-2408596.102480766,water_agreement_all_years
664,1557,114089.81329282,-2408596.102480766,water_agreement_all_years
665,1452,9089.813292820007,-2409596.102480766,water_agreement_all_years
665,1462,19089.813292820007,-2409596.102480766,mixed_or_disagreeing
665,1475,32089.813292820007,-2409596.102480766,mixed_or_disagreeing
665,1476,33089.81329282001,-2409596.102480766,mixed_or_disagreeing
665,1496,53089.81329282001,-2409596.102480766,mixed_or_disagreeing
665,1504,61089.81329282001,-2409596.102480766,mixed_or_disagreeing
665,1505,62089.81329282001,-2409596.102480766,mixed_or_disagreeing
665,1506,63089.81329282001,-2409596.102480766,mixed_or_disagreeing
665,1531,88089.81329282,-2409596.102480766,mixed_or_disagreeing
665,1532,89089.81329282,-2409596.102480766,water_agreement_all_years
665,1533,90089.81329282,-2409596.102480766,water_agreement_all_years
665,1534,91089.81329282,-2409596.102480766,water_agreement_all_years
665,1535,92089.81329282,-2409596.102480766,water_agreement_all_years
665,1536,93089.81329282,-2409596.102480766,water_agreement_all_years
665,1537,94089.81329282,-2409596.102480766,water_agreement_all_years
665,1538,95089.81329282,-2409596.102480766,water_agreement_all_years
665,1539,96089.81329282,-2409596.102480766,water_agreement_all_years
665,1540,97089.81329282,-2409596.102480766,water_agreement_all_years
665,1541,98089.81329282,-2409596.102480766,water_agreement_all_years
665,1542,99089.81329282,-2409596.102480766,water_agreement_all_years
665,1543,100089.81329282,-2409596.102480766,water_agreement_all_years
665,1544,101089.81329282,-2409596.102480766,water_agreement_all_years
665,1545,102089.81329282,-2409596.102480766,water_agreement_all_years
665,1546,103089.81329282,-2409596.102480766,water_agreement_all_years
665,1547,104089.81329282,-2409596.102480766,water_agreement_all_years
665,1548,105089.81329282,-2409596.102480766,water_agreement_all_years
665,1549,106089.81329282,-2409596.102480766,water_agreement_all_years
665,1550,107089.81329282,-2409596.102480766,water_agreement_all_years
665,1551,108089.81329282,-2409596.102480766,water_agreement_all_years
665,1552,109089.81329282,-2409596.102480766,water_agreement_all_years
665,1553,110089.81329282,-2409596.102480766,water_agreement_all_years
665,1554,111089.81329282,-2409596.102480766,water_agreement_all_years
665,1555,112089.81329282,-2409596.102480766,water_agreement_all_years
665,1556,113089.81329282,-2409596.102480766,water_agreement_all_years
665,1557,114089.81329282,-2409596.102480766,mixed_or_disagreeing
666,1444,1089.8132928200066,-2410596.102480766,mixed_or_disagreeing
666,1482,39089.81329282001,-2410596.102480766,mixed_or_disagreeing
666,1483,40089.81329282001,-2410596.102480766,mixed_or_disagreeing
666,1484,41089.81329282001,-2410596.102480766,mixed_or_disagreeing
666,1485,42089.81329282001,-2410596.102480766,mixed_or_disagreeing
666,1498,55089.81329282001,-2410596.102480766,mixed_or_disagreeing
666,1504,61089.81329282001,-2410596.102480766,mixed_or_disagreeing
666,1505,62089.81329282001,-2410596.102480766,mixed_or_disagreeing
666,1506,63089.81329282001,-2410596.102480766,mixed_or_disagreeing
666,1516,73089.81329282,-2410596.102480766,mixed_or_disagreeing
666,1531,88089.81329282,-2410596.102480766,water_agreement_all_years
666,1532,89089.81329282,-2410596.102480766,water_agreement_all_years
666,1533,90089.81329282,-2410596.102480766,water_agreement_all_years
666,1534,91089.81329282,-2410596.102480766,water_agreement_all_years
666,1535,92089.81329282,-2410596.102480766,water_agreement_all_years
666,1536,93089.81329282,-2410596.102480766,water_agreement_all_years
666,1537,94089.81329282,-2410596.102480766,water_agreement_all_years
666,1538,95089.81329282,-2410596.102480766,water_agreement_all_years
666,1539,96089.81329282,-2410596.102480766,water_agreement_all_years
666,1540,97089.81329282,-2410596.102480766,water_agreement_all_years
666,1541,98089.81329282,-2410596.102480766,water_agreement_all_years
666,1542,99089.81329282,-2410596.102480766,water_agreement_all_years
666,1543,100089.81329282,-2410596.102480766,water_agreement_all_years
666,1544,101089.81329282,-2410596.102480766,water_agreement_all_years
666,1545,102089.81329282,-2410596.102480766,water_agreement_all_years
666,1546,103089.81329282,-2410596.102480766,water_agreement_all_years
666,1547,104089.81329282,-2410596.102480766,water_agreement_all_years
666,1548,105089.81329282,-2410596.102480766,water_agreement_all_years
666,1549,106089.81329282,-2410596.102480766,water_agreement_all_years
666,1550,107089.81329282,-2410596.102480766,water_agreement_all_years
666,1551,108089.81329282,-2410596.102480766,water_agreement_all_years
666,1552,109089.81329282,-2410596.102480766,water_agreement_all_years
666,1553,110089.81329282,-2410596.102480766,water_agreement_all_years
666,1554,111089.81329282,-2410596.102480766,water_agreement_all_years
666,1555,112089.81329282,-2410596.102480766,mixed_or_disagreeing
666,1556,113089.81329282,-2410596.102480766,water_agreement_all_years
666,1557,114089.81329282,-2410596.102480766,water_agreement_all_years
667,1440,-2910.1867071799934,-2411596.102480766,mixed_or_disagreeing
667,1453,10089.813292820007,-2411596.102480766,water_agreement_all_years
667,1468,25089.813292820007,-2411596.102480766,water_agreement_all_years
667,1473,30089.813292820007,-2411596.102480766,mixed_or_disagreeing
667,1482,39089.81329282001,-2411596.102480766,mixed_or_disagreeing
667,1483,40089.81329282001,-2411596.102480766,mixed_or_disagreeing
667,1484,41089.81329282001,-2411596.102480766,mixed_or_disagreeing
667,1485,42089.81329282001,-2411596.102480766,mixed_or_disagreeing
667,1505,62089.81329282001,-2411596.102480766,mixed_or_disagreeing
667,1516,73089.81329282,-2411596.102480766,mixed_or_disagreeing
667,1531,88089.81329282,-2411596.102480766,water_agreement_all_years
667,1532,89089.81329282,-2411596.102480766,water_agreement_all_years
667,1533,90089.81329282,-2411596.102480766,water_agreement_all_years
667,1534,91089.81329282,-2411596.102480766,water_agreement_all_years
667,1535,92089.81329282,-2411596.102480766,water_agreement_all_years
667,1536,93089.81329282,-2411596.102480766,water_agreement_all_years
667,1537,94089.81329282,-2411596.102480766,water_agreement_all_years
667,1538,95089.81329282,-2411596.102480766,water_agreement_all_years
667,1539,96089.81329282,-2411596.102480766,water_agreement_all_years
667,1540,97089.81329282,-2411596.102480766,mixed_or_disagreeing
667,1541,98089.81329282,-2411596.102480766,water_agreement_all_years
667,1542,99089.81329282,-2411596.102480766,water_agreement_all_years
667,1543,100089.81329282,-2411596.102480766,water_agreement_all_years
667,1544,101089.81329282,-2411596.102480766,water_agreement_all_years
667,1545,102089.81329282,-2411596.102480766,water_agreement_all_years
667,1546,103089.81329282,-2411596.102480766,water_agreement_all_years
667,1547,104089.81329282,-2411596.102480766,water_agreement_all_years
667,1548,105089.81329282,-2411596.102480766,water_agreement_all_years
667,1549,106089.81329282,-2411596.102480766,water_agreement_all_years
667,1550,107089.81329282,-2411596.102480766,water_agreement_all_years
667,1551,108089.81329282,-2411596.102480766,water_agreement_all_years
667,1552,109089.81329282,-2411596.102480766,water_agreement_all_years
667,1553,110089.81329282,-2411596.102480766,water_agreement_all_years
667,1554,111089.81329282,-2411596.102480766,mixed_or_disagreeing
667,1555,112089.81329282,-2411596.102480766,mixed_or_disagreeing
667,1556,113089.81329282,-2411596.102480766,water_agreement_all_years
668,1449,6089.813292820007,-2412596.102480766,water_agreement_all_years
668,1452,9089.813292820007,-2412596.102480766,water_agreement_all_years
668,1453,10089.813292820007,-2412596.102480766,water_agreement_all_years
668,1454,11089.813292820007,-2412596.102480766,water_agreement_all_years
668,1466,23089.813292820007,-2412596.102480766,water_agreement_all_years
668,1467,24089.813292820007,-2412596.102480766,water_agreement_all_years
668,1483,40089.81329282001,-2412596.102480766,mixed_or_disagreeing
668,1484,41089.81329282001,-2412596.102480766,mixed_or_disagreeing
668,1485,42089.81329282001,-2412596.102480766,mixed_or_disagreeing
668,1486,43089.81329282001,-2412596.102480766,mixed_or_disagreeing
668,1531,88089.81329282,-2412596.102480766,water_agreement_all_years
668,1532,89089.81329282,-2412596.102480766,water_agreement_all_years
668,1533,90089.81329282,-2412596.102480766,water_agreement_all_years
668,1534,91089.81329282,-2412596.102480766,water_agreement_all_years
668,1535,92089.81329282,-2412596.102480766,water_agreement_all_years
668,1536,93089.81329282,-2412596.102480766,water_agreement_all_years
668,1537,94089.81329282,-2412596.102480766,mixed_or_disagreeing
668,1538,95089.81329282,-2412596.102480766,water_agreement_all_years
668,1539,96089.81329282,-2412596.102480766,water_agreement_all_years
668,1540,97089.81329282,-2412596.102480766,water_agreement_all_years
668,1541,98089.81329282,-2412596.102480766,water_agreement_all_years
668,1542,99089.81329282,-2412596.102480766,water_agreement_all_years
668,1543,100089.81329282,-2412596.102480766,mixed_or_disagreeing
668,1544,101089.81329282,-2412596.102480766,water_agreement_all_years
668,1545,102089.81329282,-2412596.102480766,water_agreement_all_years
668,1546,103089.81329282,-2412596.102480766,water_agreement_all_years
668,1547,104089.81329282,-2412596.102480766,water_agreement_all_years
668,1548,105089.81329282,-2412596.102480766,water_agreement_all_years
668,1549,106089.81329282,-2412596.102480766,water_agreement_all_years
668,1550,107089.81329282,-2412596.102480766,water_agreement_all_years
668,1551,108089.81329282,-2412596.102480766,water_agreement_all_years
668,1552,109089.81329282,-2412596.102480766,mixed_or_disagreeing
668,1553,110089.81329282,-2412596.102480766,water_agreement_all_years
668,1554,111089.81329282,-2412596.102480766,mixed_or_disagreeing
668,1555,112089.81329282,-2412596.102480766,mixed_or_disagreeing
668,1556,113089.81329282,-2412596.102480766,mixed_or_disagreeing
668,1557,114089.81329282,-2412596.102480766,mixed_or_disagreeing
669,1449,6089.813292820007,-2413596.102480766,water_agreement_all_years
669,1450,7089.813292820007,-2413596.102480766,water_agreement_all_years
669,1451,8089.813292820007,-2413596.102480766,mixed_or_disagreeing
669,1453,10089.813292820007,-2413596.102480766,water_agreement_all_years
669,1454,11089.813292820007,-2413596.102480766,mixed_or_disagreeing
669,1480,37089.81329282001,-2413596.102480766,mixed_or_disagreeing
669,1486,43089.81329282001,-2413596.102480766,mixed_or_disagreeing
669,1487,44089.81329282001,-2413596.102480766,mixed_or_disagreeing
669,1488,45089.81329282001,-2413596.102480766,mixed_or_disagreeing
669,1499,56089.81329282001,-2413596.102480766,mixed_or_disagreeing
669,1500,57089.81329282001,-2413596.102480766,mixed_or_disagreeing
669,1531,88089.81329282,-2413596.102480766,water_agreement_all_years
669,1532,89089.81329282,-2413596.102480766,water_agreement_all_years
669,1533,90089.81329282,-2413596.102480766,water_agreement_all_years
669,1534,91089.81329282,-2413596.102480766,water_agreement_all_years
669,1535,92089.81329282,-2413596.102480766,water_agreement_all_years
669,1536,93089.81329282,-2413596.102480766,water_agreement_all_years
669,1537,94089.81329282,-2413596.102480766,water_agreement_all_years
669,1538,95089.81329282,-2413596.102480766,water_agreement_all_years
669,1539,96089.81329282,-2413596.102480766,mixed_or_disagreeing
669,1540,97089.81329282,-2413596.102480766,water_agreement_all_years
669,1541,98089.81329282,-2413596.102480766,water_agreement_all_years
669,1542,99089.81329282,-2413596.102480766,water_agreement_all_years
669,1543,100089.81329282,-2413596.102480766,mixed_or_disagreeing
669,1544,101089.81329282,-2413596.102480766,water_agreement_all_years
669,1545,102089.81329282,-2413596.102480766,mixed_or_disagreeing
669,1546,103089.81329282,-2413596.102480766,water_agreement_all_years
669,1547,104089.81329282,-2413596.102480766,water_agreement_all_years
669,1548,105089.81329282,-2413596.102480766,mixed_or_disagreeing
669,1549,106089.81329282,-2413596.102480766,mixed_or_disagreeing
669,1550,107089.81329282,-2413596.102480766,mixed_or_disagreeing
669,1551,108089.81329282,-2413596.102480766,water_agreement_all_years
669,1552,109089.81329282,-2413596.102480766,water_agreement_all_years
669,1553,110089.81329282,-2413596.102480766,water_agreement_all_years
669,1554,111089.81329282,-2413596.102480766,water_agreement_all_years
669,1555,112089.81329282,-2413596.102480766,mixed_or_disagreeing
669,1556,113089.81329282,-2413596.102480766,water_agreement_all_years
669,1557,114089.81329282,-2413596.102480766,mixed_or_disagreeing
670,1448,5089.813292820007,-2414596.102480766,mixed_or_disagreeing
670,1449,6089.813292820007,-2414596.102480766,water_agreement_all_years
670,1450,7089.813292820007,-2414596.102480766,water_agreement_all_years
670,1451,8089.813292820007,-2414596.102480766,water_agreement_all_years
670,1478,35089.81329282001,-2414596.102480766,mixed_or_disagreeing
670,1479,36089.81329282001,-2414596.102480766,mixed_or_disagreeing
670,1480,37089.81329282001,-2414596.102480766,mixed_or_disagreeing
670,1481,38089.81329282001,-2414596.102480766,mixed_or_disagreeing
670,1487,44089.81329282001,-2414596.102480766,mixed_or_disagreeing
670,1488,45089.81329282001,-2414596.102480766,mixed_or_disagreeing
670,1489,46089.81329282001,-2414596.102480766,mixed_or_disagreeing
670,1499,56089.81329282001,-2414596.102480766,mixed_or_disagreeing
670,1500,57089.81329282001,-2414596.102480766,mixed_or_disagreeing
670,1501,58089.81329282001,-2414596.102480766,mixed_or_disagreeing
670,1508,65089.81329282001,-2414596.102480766,mixed_or_disagreeing
670,1509,66089.81329282,-2414596.102480766,mixed_or_disagreeing
670,1531,88089.81329282,-2414596.102480766,water_agreement_all_years
670,1532,89089.81329282,-2414596.102480766,water_agreement_all_years
670,1533,90089.81329282,-2414596.102480766,water_agreement_all_years
670,1534,91089.81329282,-2414596.102480766,water_agreement_all_years
670,1535,92089.81329282,-2414596.102480766,water_agreement_all_years
670,1536,93089.81329282,-2414596.102480766,water_agreement_all_years
670,1537,94089.81329282,-2414596.102480766,water_agreement_all_years
670,1538,95089.81329282,-2414596.102480766,water_agreement_all_years
670,1539,96089.81329282,-2414596.102480766,water_agreement_all_years
670,1540,97089.81329282,-2414596.102480766,water_agreement_all_years
670,1541,98089.81329282,-2414596.102480766,water_agreement_all_years
670,1542,99089.81329282,-2414596.102480766,mixed_or_disagreeing
670,1543,100089.81329282,-2414596.102480766,water_agreement_all_years
670,1544,101089.81329282,-2414596.102480766,mixed_or_disagreeing
670,1545,102089.81329282,-2414596.102480766,mixed_or_disagreeing
670,1546,103089.81329282,-2414596.102480766,mixed_or_disagreeing
670,1547,104089.81329282,-2414596.102480766,water_agreement_all_years
670,1548,105089.81329282,-2414596.102480766,mixed_or_disagreeing
670,1549,106089.81329282,-2414596.102480766,mixed_or_disagreeing
670,1550,107089.81329282,-2414596.102480766,water_agreement_all_years
670,1551,108089.81329282,-2414596.102480766,water_agreement_all_years
670,1552,109089.81329282,-2414596.102480766,water_agreement_all_years
670,1553,110089.81329282,-2414596.102480766,water_agreement_all_years
670,1554,111089.81329282,-2414596.102480766,mixed_or_disagreeing
670,1555,112089.81329282,-2414596.102480766,water_agreement_all_years
670,1556,113089.81329282,-2414596.102480766,water_agreement_all_years
670,1557,114089.81329282,-2414596.102480766,mixed_or_disagreeing
671,1435,-7910.186707179993,-2415596.102480766,mixed_or_disagreeing
671,1448,5089.813292820007,-2415596.102480766,water_agreement_all_years
671,1449,6089.813292820007,-2415596.102480766,water_agreement_all_years
671,1468,25089.813292820007,-2415596.102480766,water_agreement_all_years
671,1473,30089.813292820007,-2415596.102480766,water_agreement_all_years
671,1474,31089.813292820007,-2415596.102480766,mixed_or_disagreeing
671,1477,34089.81329282001,-2415596.102480766,water_agreement_all_years
671,1478,35089.81329282001,-2415596.102480766,mixed_or_disagreeing
671,1479,36089.81329282001,-2415596.102480766,mixed_or_disagreeing
671,1480,37089.81329282001,-2415596.102480766,mixed_or_disagreeing
671,1481,38089.81329282001,-2415596.102480766,mixed_or_disagreeing
671,1488,45089.81329282001,-2415596.102480766,mixed_or_disagreeing
671,1489,46089.81329282001,-2415596.102480766,mixed_or_disagreeing
671,1490,47089.81329282001,-2415596.102480766,mixed_or_disagreeing
671,1501,58089.81329282001,-2415596.102480766,mixed_or_disagreeing
671,1531,88089.81329282,-2415596.102480766,water_agreement_all_years
671,1532,89089.81329282,-2415596.102480766,water_agreement_all_years
671,1533,90089.81329282,-2415596.102480766,water_agreement_all_years
671,1534,91089.81329282,-2415596.102480766,water_agreement_all_years
671,1535,92089.81329282,-2415596.102480766,water_agreement_all_years
671,1536,93089.81329282,-2415596.102480766,water_agreement_all_years
671,1537,94089.81329282,-2415596.102480766,water_agreement_all_years
671,1538,95089.81329282,-2415596.102480766,water_agreement_all_years
671,1539,96089.81329282,-2415596.102480766,mixed_or_disagreeing
671,1540,97089.81329282,-2415596.102480766,water_agreement_all_years
671,1541,98089.81329282,-2415596.102480766,water_agreement_all_years
671,1542,99089.81329282,-2415596.102480766,water_agreement_all_years
671,1543,100089.81329282,-2415596.102480766,mixed_or_disagreeing
671,1544,101089.81329282,-2415596.102480766,mixed_or_disagreeing
671,1545,102089.81329282,-2415596.102480766,water_agreement_all_years
671,1546,103089.81329282,-2415596.102480766,mixed_or_disagreeing
671,1547,104089.81329282,-2415596.102480766,water_agreement_all_years
671,1548,105089.81329282,-2415596.102480766,mixed_or_disagreeing
671,1549,106089.81329282,-2415596.102480766,mixed_or_disagreeing
671,1550,107089.81329282,-2415596.102480766,water_agreement_all_years
671,1551,108089.81329282,-2415596.102480766,water_agreement_all_years
671,1552,109089.81329282,-2415596.102480766,water_agreement_all_years
671,1553,110089.81329282,-2415596.102480766,water_agreement_all_years
671,1554,111089.81329282,-2415596.102480766,water_agreement_all_years
671,1555,112089.81329282,-2415596.102480766,water_agreement_all_years
671,1556,113089.81329282,-2415596.102480766,water_agreement_all_years
671,1557,114089.81329282,-2415596.102480766,mixed_or_disagreeing
672,1442,-910.1867071799934,-2416596.102480766,water_agreement_all_years
672,1445,2089.8132928200066,-2416596.102480766,water_agreement_all_years
672,1448,5089.813292820007,-2416596.102480766,water_agreement_all_years
672,1449,6089.813292820007,-2416596.102480766,water_agreement_all_years
672,1473,30089.813292820007,-2416596.102480766,mixed_or_disagreeing
672,1474,31089.813292820007,-2416596.102480766,mixed_or_disagreeing
672,1475,32089.813292820007,-2416596.102480766,mixed_or_disagreeing
672,1476,33089.81329282001,-2416596.102480766,mixed_or_disagreeing
672,1477,34089.81329282001,-2416596.102480766,mixed_or_disagreeing
672,1478,35089.81329282001,-2416596.102480766,mixed_or_disagreeing
672,1479,36089.81329282001,-2416596.102480766,mixed_or_disagreeing
672,1480,37089.81329282001,-2416596.102480766,mixed_or_disagreeing
672,1481,38089.81329282001,-2416596.102480766,mixed_or_disagreeing
672,1486,43089.81329282001,-2416596.102480766,mixed_or_disagreeing
672,1487,44089.81329282001,-2416596.102480766,mixed_or_disagreeing
672,1488,45089.81329282001,-2416596.102480766,mixed_or_disagreeing
672,1489,46089.81329282001,-2416596.102480766,mixed_or_disagreeing
672,1490,47089.81329282001,-2416596.102480766,mixed_or_disagreeing
672,1491,48089.81329282001,-2416596.102480766,mixed_or_disagreeing
672,1502,59089.81329282001,-2416596.102480766,mixed_or_disagreeing
672,1511,68089.81329282,-2416596.102480766,mixed_or_disagreeing
672,1512,69089.81329282,-2416596.102480766,mixed_or_disagreeing
672,1531,88089.81329282,-2416596.102480766,water_agreement_all_years
672,1532,89089.81329282,-2416596.102480766,water_agreement_all_years
672,1533,90089.81329282,-2416596.102480766,water_agreement_all_years
672,1534,91089.81329282,-2416596.102480766,water_agreement_all_years
672,1535,92089.81329282,-2416596.102480766,water_agreement_all_years
672,1536,93089.81329282,-2416596.102480766,water_agreement_all_years
672,1537,94089.81329282,-2416596.102480766,water_agreement_all_years
672,1538,95089.81329282,-2416596.102480766,water_agreement_all_years
672,1539,96089.81329282,-2416596.102480766,mixed_or_disagreeing
672,1540,97089.81329282,-2416596.102480766,water_agreement_all_years
672,1541,98089.81329282,-2416596.102480766,mixed_or_disagreeing
672,1542,99089.81329282,-2416596.102480766,mixed_or_disagreeing
672,1543,100089.81329282,-2416596.102480766,water_agreement_all_years
672,1544,101089.81329282,-2416596.102480766,water_agreement_all_years
672,1545,102089.81329282,-2416596.102480766,mixed_or_disagreeing
672,1546,103089.81329282,-2416596.102480766,mixed_or_disagreeing
672,1547,104089.81329282,-2416596.102480766,water_agreement_all_years
672,1548,105089.81329282,-2416596.102480766,water_agreement_all_years
672,1549,106089.81329282,-2416596.102480766,water_agreement_all_years
672,1550,107089.81329282,-2416596.102480766,water_agreement_all_years
672,1551,108089.81329282,-2416596.102480766,water_agreement_all_years
672,1552,109089.81329282,-2416596.102480766,mixed_or_disagreeing
672,1553,110089.81329282,-2416596.102480766,mixed_or_disagreeing
672,1554,111089.81329282,-2416596.102480766,water_agreement_all_years
672,1555,112089.81329282,-2416596.102480766,water_agreement_all_years
672,1556,113089.81329282,-2416596.102480766,water_agreement_all_years
672,1557,114089.81329282,-2416596.102480766,mixed_or_disagreeing
673,1438,-4910.186707179993,-2417596.102480766,water_agreement_all_years
673,1439,-3910.1867071799934,-2417596.102480766,water_agreement_all_years
673,1445,2089.8132928200066,-2417596.102480766,water_agreement_all_years
673,1447,4089.8132928200066,-2417596.102480766,water_agreement_all_years
673,1448,5089.813292820007,-2417596.102480766,water_agreement_all_years
673,1449,6089.813292820007,-2417596.102480766,water_agreement_all_years
673,1450,7089.813292820007,-2417596.102480766,water_agreement_all_years
673,1462,19089.813292820007,-2417596.102480766,water_agreement_all_years
673,1463,20089.813292820007,-2417596.102480766,water_agreement_all_years
673,1464,21089.813292820007,-2417596.102480766,water_agreement_all_years
673,1465,22089.813292820007,-2417596.102480766,water_agreement_all_years
673,1473,30089.813292820007,-2417596.102480766,water_agreement_all_years
673,1476,33089.81329282001,-2417596.102480766,mixed_or_disagreeing
673,1477,34089.81329282001,-2417596.102480766,mixed_or_disagreeing
673,1478,35089.81329282001,-2417596.102480766,mixed_or_disagreeing
673,1479,36089.81329282001,-2417596.102480766,mixed_or_disagreeing
673,1480,37089.81329282001,-2417596.102480766,mixed_or_disagreeing
673,1481,38089.81329282001,-2417596.102480766,mixed_or_disagreeing
673,1485,42089.81329282001,-2417596.102480766,mixed_or_disagreeing
673,1486,43089.81329282001,-2417596.102480766,mixed_or_disagreeing
673,1487,44089.81329282001,-2417596.102480766,mixed_or_disagreeing
673,1490,47089.81329282001,-2417596.102480766,mixed_or_disagreeing
673,1491,48089.81329282001,-2417596.102480766,mixed_or_disagreeing
673,1502,59089.81329282001,-2417596.102480766,mixed_or_disagreeing
673,1503,60089.81329282001,-2417596.102480766,mixed_or_disagreeing
673,1510,67089.81329282,-2417596.102480766,mixed_or_disagreeing
673,1511,68089.81329282,-2417596.102480766,mixed_or_disagreeing
673,1512,69089.81329282,-2417596.102480766,mixed_or_disagreeing
673,1514,71089.81329282,-2417596.102480766,mixed_or_disagreeing
673,1531,88089.81329282,-2417596.102480766,water_agreement_all_years
673,1532,89089.81329282,-2417596.102480766,water_agreement_all_years
673,1533,90089.81329282,-2417596.102480766,water_agreement_all_years
673,1534,91089.81329282,-2417596.102480766,water_agreement_all_years
673,1535,92089.81329282,-2417596.102480766,water_agreement_all_years
673,1536,93089.81329282,-2417596.102480766,water_agreement_all_years
673,1537,94089.81329282,-2417596.102480766,water_agreement_all_years
673,1538,95089.81329282,-2417596.102480766,water_agreement_all_years
673,1539,96089.81329282,-2417596.102480766,mixed_or_disagreeing
673,1540,97089.81329282,-2417596.102480766,water_agreement_all_years
673,1541,98089.81329282,-2417596.102480766,mixed_or_disagreeing
673,1542,99089.81329282,-2417596.102480766,water_agreement_all_years
673,1543,100089.81329282,-2417596.102480766,mixed_or_disagreeing
673,1544,101089.81329282,-2417596.102480766,mixed_or_disagreeing
673,1545,102089.81329282,-2417596.102480766,water_agreement_all_years
673,1546,103089.81329282,-2417596.102480766,water_agreement_all_years
673,1547,104089.81329282,-2417596.102480766,water_agreement_all_years
673,1548,105089.81329282,-2417596.102480766,water_agreement_all_years
673,1549,106089.81329282,-2417596.102480766,mixed_or_disagreeing
673,1550,107089.81329282,-2417596.102480766,water_agreement_all_years
673,1551,108089.81329282,-2417596.102480766,water_agreement_all_years
673,1552,109089.81329282,-2417596.102480766,mixed_or_disagreeing
673,1553,110089.81329282,-2417596.102480766,mixed_or_disagreeing
673,1554,111089.81329282,-2417596.102480766,water_agreement_all_years
673,1555,112089.81329282,-2417596.102480766,water_agreement_all_years
673,1556,113089.81329282,-2417596.102480766,water_agreement_all_years
674,1436,-6910.186707179993,-2418596.102480766,water_agreement_all_years
674,1437,-5910.186707179993,-2418596.102480766,water_agreement_all_years
674,1438,-4910.186707179993,-2418596.102480766,water_agreement_all_years
674,1439,-3910.1867071799934,-2418596.102480766,water_agreement_all_years
674,1445,2089.8132928200066,-2418596.102480766,water_agreement_all_years
674,1448,5089.813292820007,-2418596.102480766,water_agreement_all_years
674,1449,6089.813292820007,-2418596.102480766,water_agreement_all_years
674,1455,12089.813292820007,-2418596.102480766,mixed_or_disagreeing
674,1464,21089.813292820007,-2418596.102480766,water_agreement_all_years
674,1476,33089.81329282001,-2418596.102480766,mixed_or_disagreeing
674,1477,34089.81329282001,-2418596.102480766,mixed_or_disagreeing
674,1478,35089.81329282001,-2418596.102480766,mixed_or_disagreeing
674,1479,36089.81329282001,-2418596.102480766,mixed_or_disagreeing
674,1480,37089.81329282001,-2418596.102480766,mixed_or_disagreeing
674,1481,38089.81329282001,-2418596.102480766,mixed_or_disagreeing
674,1484,41089.81329282001,-2418596.102480766,mixed_or_disagreeing
674,1485,42089.81329282001,-2418596.102480766,mixed_or_disagreeing
674,1486,43089.81329282001,-2418596.102480766,mixed_or_disagreeing
674,1487,44089.81329282001,-2418596.102480766,mixed_or_disagreeing
674,1488,45089.81329282001,-2418596.102480766,mixed_or_disagreeing
674,1490,47089.81329282001,-2418596.102480766,mixed_or_disagreeing
674,1491,48089.81329282001,-2418596.102480766,mixed_or_disagreeing
674,1492,49089.81329282001,-2418596.102480766,mixed_or_disagreeing
674,1498,55089.81329282001,-2418596.102480766,mixed_or_disagreeing
674,1502,59089.81329282001,-2418596.102480766,mixed_or_disagreeing
674,1503,60089.81329282001,-2418596.102480766,mixed_or_disagreeing
674,1504,61089.81329282001,-2418596.102480766,mixed_or_disagreeing
674,1530,87089.81329282,-2418596.102480766,water_agreement_all_years
674,1531,88089.81329282,-2418596.102480766,mixed_or_disagreeing
674,1532,89089.81329282,-2418596.102480766,water_agreement_all_years
674,1533,90089.81329282,-2418596.102480766,water_agreement_all_years
674,1534,91089.81329282,-2418596.102480766,water_agreement_all_years
674,1535,92089.81329282,-2418596.102480766,water_agreement_all_years
674,1536,93089.81329282,-2418596.102480766,water_agreement_all_years
674,1537,94089.81329282,-2418596.102480766,water_agreement_all_years
674,1538,95089.81329282,-2418596.102480766,water_agreement_all_years
674,1539,96089.81329282,-2418596.102480766,mixed_or_disagreeing
674,1540,97089.81329282,-2418596.102480766,mixed_or_disagreeing
674,1541,98089.81329282,-2418596.102480766,water_agreement_all_years
674,1542,99089.81329282,-2418596.102480766,water_agreement_all_years
674,1543,100089.81329282,-2418596.102480766,mixed_or_disagreeing
674,1544,101089.81329282,-2418596.102480766,water_agreement_all_years
674,1545,102089.81329282,-2418596.102480766,water_agreement_all_years
674,1546,103089.81329282,-2418596.102480766,mixed_or_disagreeing
674,1547,104089.81329282,-2418596.102480766,mixed_or_disagreeing
674,1548,105089.81329282,-2418596.102480766,mixed_or_disagreeing
674,1549,106089.81329282,-2418596.102480766,mixed_or_disagreeing
674,1550,107089.81329282,-2418596.102480766,water_agreement_all_years
674,1551,108089.81329282,-2418596.102480766,water_agreement_all_years
674,1552,109089.81329282,-2418596.102480766,water_agreement_all_years
674,1553,110089.81329282,-2418596.102480766,water_agreement_all_years
674,1554,111089.81329282,-2418596.102480766,water_agreement_all_years
674,1555,112089.81329282,-2418596.102480766,mixed_or_disagreeing
675,1436,-6910.186707179993,-2419596.102480766,water_agreement_all_years
675,1437,-5910.186707179993,-2419596.102480766,water_agreement_all_years
675,1439,-3910.1867071799934,-2419596.102480766,water_agreement_all_years
675,1445,2089.8132928200066,-2419596.102480766,water_agreement_all_years
675,1448,5089.813292820007,-2419596.102480766,mixed_or_disagreeing
675,1456,13089.813292820007,-2419596.102480766,mixed_or_disagreeing
675,1462,19089.813292820007,-2419596.102480766,water_agreement_all_years
675,1475,32089.813292820007,-2419596.102480766,mixed_or_disagreeing
675,1476,33089.81329282001,-2419596.102480766,mixed_or_disagreeing
675,1477,34089.81329282001,-2419596.102480766,mixed_or_disagreeing
675,1478,35089.81329282001,-2419596.102480766,mixed_or_disagreeing
675,1479,36089.81329282001,-2419596.102480766,mixed_or_disagreeing
675,1480,37089.81329282001,-2419596.102480766,mixed_or_disagreeing
675,1481,38089.81329282001,-2419596.102480766,mixed_or_disagreeing
675,1485,42089.81329282001,-2419596.102480766,mixed_or_disagreeing
675,1486,43089.81329282001,-2419596.102480766,mixed_or_disagreeing
675,1487,44089.81329282001,-2419596.102480766,mixed_or_disagreeing
675,1488,45089.81329282001,-2419596.102480766,mixed_or_disagreeing
675,1489,46089.81329282001,-2419596.102480766,mixed_or_disagreeing
675,1490,47089.81329282001,-2419596.102480766,mixed_or_disagreeing
675,1491,48089.81329282001,-2419596.102480766,mixed_or_disagreeing
675,1492,49089.81329282001,-2419596.102480766,mixed_or_disagreeing
675,1498,55089.81329282001,-2419596.102480766,mixed_or_disagreeing
675,1501,58089.81329282001,-2419596.102480766,mixed_or_disagreeing
675,1502,59089.81329282001,-2419596.102480766,mixed_or_disagreeing
675,1503,60089.81329282001,-2419596.102480766,mixed_or_disagreeing
675,1504,61089.81329282001,-2419596.102480766,mixed_or_disagreeing
675,1505,62089.81329282001,-2419596.102480766,mixed_or_disagreeing
675,1530,87089.81329282,-2419596.102480766,water_agreement_all_years
675,1531,88089.81329282,-2419596.102480766,water_agreement_all_years
675,1532,89089.81329282,-2419596.102480766,water_agreement_all_years
675,1533,90089.81329282,-2419596.102480766,water_agreement_all_years
675,1534,91089.81329282,-2419596.102480766,water_agreement_all_years
675,1535,92089.81329282,-2419596.102480766,water_agreement_all_years
675,1536,93089.81329282,-2419596.102480766,water_agreement_all_years
675,1537,94089.81329282,-2419596.102480766,water_agreement_all_years
675,1538,95089.81329282,-2419596.102480766,water_agreement_all_years
675,1539,96089.81329282,-2419596.102480766,water_agreement_all_years
675,1540,97089.81329282,-2419596.102480766,water_agreement_all_years
675,1541,98089.81329282,-2419596.102480766,water_agreement_all_years
675,1542,99089.81329282,-2419596.102480766,water_agreement_all_years
675,1543,100089.81329282,-2419596.102480766,mixed_or_disagreeing
675,1544,101089.81329282,-2419596.102480766,water_agreement_all_years
675,1545,102089.81329282,-2419596.102480766,mixed_or_disagreeing
675,1546,103089.81329282,-2419596.102480766,water_agreement_all_years
675,1547,104089.81329282,-2419596.102480766,mixed_or_disagreeing
675,1548,105089.81329282,-2419596.102480766,water_agreement_all_years
675,1549,106089.81329282,-2419596.102480766,mixed_or_disagreeing
675,1550,107089.81329282,-2419596.102480766,mixed_or_disagreeing
675,1551,108089.81329282,-2419596.102480766,water_agreement_all_years
675,1552,109089.81329282,-2419596.102480766,water_agreement_all_years
675,1553,110089.81329282,-2419596.102480766,water_agreement_all_years
675,1554,111089.81329282,-2419596.102480766,water_agreement_all_years
675,1555,112089.81329282,-2419596.102480766,water_agreement_all_years
675,1556,113089.81329282,-2419596.102480766,mixed_or_disagreeing
676,1439,-3910.1867071799934,-2420596.102480766,water_agreement_all_years
676,1445,2089.8132928200066,-2420596.102480766,water_agreement_all_years
676,1448,5089.813292820007,-2420596.102480766,mixed_or_disagreeing
676,1449,6089.813292820007,-2420596.102480766,mixed_or_disagreeing
676,1456,13089.813292820007,-2420596.102480766,mixed_or_disagreeing
676,1457,14089.813292820007,-2420596.102480766,water_agreement_all_years
676,1458,15089.813292820007,-2420596.102480766,water_agreement_all_years
676,1459,16089.813292820007,-2420596.102480766,water_agreement_all_years
676,1475,32089.813292820007,-2420596.102480766,water_agreement_all_years
676,1476,33089.81329282001,-2420596.102480766,mixed_or_disagreeing
676,1477,34089.81329282001,-2420596.102480766,mixed_or_disagreeing
676,1478,35089.81329282001,-2420596.102480766,mixed_or_disagreeing
676,1479,36089.81329282001,-2420596.102480766,mixed_or_disagreeing
676,1480,37089.81329282001,-2420596.102480766,mixed_or_disagreeing
676,1481,38089.81329282001,-2420596.102480766,mixed_or_disagreeing
676,1482,39089.81329282001,-2420596.102480766,mixed_or_disagreeing
676,1483,40089.81329282001,-2420596.102480766,mixed_or_disagreeing
676,1484,41089.81329282001,-2420596.102480766,mixed_or_disagreeing
676,1485,42089.81329282001,-2420596.102480766,mixed_or_disagreeing
676,1486,43089.81329282001,-2420596.102480766,mixed_or_disagreeing
676,1487,44089.81329282001,-2420596.102480766,mixed_or_disagreeing
676,1488,45089.81329282001,-2420596.102480766,mixed_or_disagreeing
676,1489,46089.81329282001,-2420596.102480766,mixed_or_disagreeing
676,1490,47089.81329282001,-2420596.102480766,mixed_or_disagreeing
676,1491,48089.81329282001,-2420596.102480766,mixed_or_disagreeing
676,1492,49089.81329282001,-2420596.102480766,mixed_or_disagreeing
676,1497,54089.81329282001,-2420596.102480766,mixed_or_disagreeing
676,1498,55089.81329282001,-2420596.102480766,water_agreement_all_years
676,1499,56089.81329282001,-2420596.102480766,water_agreement_all_years
676,1500,57089.81329282001,-2420596.102480766,mixed_or_disagreeing
676,1501,58089.81329282001,-2420596.102480766,mixed_or_disagreeing
676,1502,59089.81329282001,-2420596.102480766,mixed_or_disagreeing
676,1503,60089.81329282001,-2420596.102480766,mixed_or_disagreeing
676,1504,61089.81329282001,-2420596.102480766,mixed_or_disagreeing
676,1505,62089.81329282001,-2420596.102480766,mixed_or_disagreeing
676,1530,87089.81329282,-2420596.102480766,water_agreement_all_years
676,1531,88089.81329282,-2420596.102480766,water_agreement_all_years
676,1532,89089.81329282,-2420596.102480766,water_agreement_all_years
676,1533,90089.81329282,-2420596.102480766,water_agreement_all_years
676,1534,91089.81329282,-2420596.102480766,water_agreement_all_years
676,1535,92089.81329282,-2420596.102480766,water_agreement_all_years
676,1536,93089.81329282,-2420596.102480766,water_agreement_all_years
676,1537,94089.81329282,-2420596.102480766,water_agreement_all_years
676,1538,95089.81329282,-2420596.102480766,water_agreement_all_years
676,1539,96089.81329282,-2420596.102480766,water_agreement_all_years
676,1540,97089.81329282,-2420596.102480766,water_agreement_all_years
676,1541,98089.81329282,-2420596.102480766,water_agreement_all_years
676,1542,99089.81329282,-2420596.102480766,water_agreement_all_years
676,1543,100089.81329282,-2420596.102480766,water_agreement_all_years
676,1544,101089.81329282,-2420596.102480766,mixed_or_disagreeing
676,1545,102089.81329282,-2420596.102480766,mixed_or_disagreeing
676,1546,103089.81329282,-2420596.102480766,mixed_or_disagreeing
676,1547,104089.81329282,-2420596.102480766,mixed_or_disagreeing
676,1548,105089.81329282,-2420596.102480766,mixed_or_disagreeing
676,1549,106089.81329282,-2420596.102480766,water_agreement_all_years
676,1550,107089.81329282,-2420596.102480766,mixed_or_disagreeing
676,1551,108089.81329282,-2420596.102480766,mixed_or_disagreeing
676,1552,109089.81329282,-2420596.102480766,mixed_or_disagreeing
676,1553,110089.81329282,-2420596.102480766,mixed_or_disagreeing
676,1554,111089.81329282,-2420596.102480766,water_agreement_all_years
677,1422,-20910.186707179993,-2421596.102480766,water_agreement_all_years
677,1438,-4910.186707179993,-2421596.102480766,water_agreement_all_years
677,1439,-3910.1867071799934,-2421596.102480766,water_agreement_all_years
677,1440,-2910.1867071799934,-2421596.102480766,water_agreement_all_years
677,1441,-1910.1867071799934,-2421596.102480766,land_agreement_all_years
677,1445,2089.8132928200066,-2421596.102480766,mixed_or_disagreeing
677,1446,3089.8132928200066,-2421596.102480766,mixed_or_disagreeing
677,1455,12089.813292820007,-2421596.102480766,mixed_or_disagreeing
677,1456,13089.813292820007,-2421596.102480766,water_agreement_all_years
677,1457,14089.813292820007,-2421596.102480766,water_agreement_all_years
677,1458,15089.813292820007,-2421596.102480766,water_agreement_all_years
677,1469,26089.813292820007,-2421596.102480766,mixed_or_disagreeing
677,1470,27089.813292820007,-2421596.102480766,mixed_or_disagreeing
677,1471,28089.813292820007,-2421596.102480766,mixed_or_disagreeing
677,1475,32089.813292820007,-2421596.102480766,mixed_or_disagreeing
677,1476,33089.81329282001,-2421596.102480766,mixed_or_disagreeing
677,1477,34089.81329282001,-2421596.102480766,mixed_or_disagreeing
677,1478,35089.81329282001,-2421596.102480766,mixed_or_disagreeing
677,1479,36089.81329282001,-2421596.102480766,mixed_or_disagreeing
677,1480,37089.81329282001,-2421596.102480766,mixed_or_disagreeing
677,1481,38089.81329282001,-2421596.102480766,mixed_or_disagreeing
677,1482,39089.81329282001,-2421596.102480766,mixed_or_disagreeing
677,1483,40089.81329282001,-2421596.102480766,mixed_or_disagreeing
677,1484,41089.81329282001,-2421596.102480766,mixed_or_disagreeing
677,1485,42089.81329282001,-2421596.102480766,mixed_or_disagreeing
677,1486,43089.81329282001,-2421596.102480766,mixed_or_disagreeing
677,1487,44089.81329282001,-2421596.102480766,mixed_or_disagreeing
677,1488,45089.81329282001,-2421596.102480766,mixed_or_disagreeing
677,1489,46089.81329282001,-2421596.102480766,mixed_or_disagreeing
677,1490,47089.81329282001,-2421596.102480766,mixed_or_disagreeing
677,1491,48089.81329282001,-2421596.102480766,mixed_or_disagreeing
677,1492,49089.81329282001,-2421596.102480766,mixed_or_disagreeing
677,1496,53089.81329282001,-2421596.102480766,mixed_or_disagreeing
677,1497,54089.81329282001,-2421596.102480766,mixed_or_disagreeing
677,1498,55089.81329282001,-2421596.102480766,mixed_or_disagreeing
677,1499,56089.81329282001,-2421596.102480766,mixed_or_disagreeing
677,1500,57089.81329282001,-2421596.102480766,mixed_or_disagreeing
677,1501,58089.81329282001,-2421596.102480766,mixed_or_disagreeing
677,1502,59089.81329282001,-2421596.102480766,mixed_or_disagreeing
677,1530,87089.81329282,-2421596.102480766,water_agreement_all_years
677,1531,88089.81329282,-2421596.102480766,water_agreement_all_years
677,1532,89089.81329282,-2421596.102480766,water_agreement_all_years
677,1533,90089.81329282,-2421596.102480766,water_agreement_all_years
677,1534,91089.81329282,-2421596.102480766,water_agreement_all_years
677,1535,92089.81329282,-2421596.102480766,water_agreement_all_years
677,1536,93089.81329282,-2421596.102480766,water_agreement_all_years
677,1537,94089.81329282,-2421596.102480766,water_agreement_all_years
677,1538,95089.81329282,-2421596.102480766,water_agreement_all_years
677,1539,96089.81329282,-2421596.102480766,water_agreement_all_years
677,1540,97089.81329282,-2421596.102480766,water_agreement_all_years
677,1541,98089.81329282,-2421596.102480766,water_agreement_all_years
677,1542,99089.81329282,-2421596.102480766,water_agreement_all_years
677,1543,100089.81329282,-2421596.102480766,mixed_or_disagreeing
677,1544,101089.81329282,-2421596.102480766,mixed_or_disagreeing
677,1545,102089.81329282,-2421596.102480766,mixed_or_disagreeing
677,1546,103089.81329282,-2421596.102480766,water_agreement_all_years
677,1547,104089.81329282,-2421596.102480766,water_agreement_all_years
677,1548,105089.81329282,-2421596.102480766,mixed_or_disagreeing
677,1549,106089.81329282,-2421596.102480766,mixed_or_disagreeing
677,1550,107089.81329282,-2421596.102480766,mixed_or_disagreeing
677,1551,108089.81329282,-2421596.102480766,mixed_or_disagreeing
677,1552,109089.81329282,-2421596.102480766,mixed_or_disagreeing
677,1553,110089.81329282,-2421596.102480766,water_agreement_all_years
678,1438,-4910.186707179993,-2422596.102480766,mixed_or_disagreeing
678,1439,-3910.1867071799934,-2422596.102480766,mixed_or_disagreeing
678,1440,-2910.1867071799934,-2422596.102480766,mixed_or_disagreeing
678,1442,-910.1867071799934,-2422596.102480766,mixed_or_disagreeing
678,1446,3089.8132928200066,-2422596.102480766,water_agreement_all_years
678,1454,11089.813292820007,-2422596.102480766,mixed_or_disagreeing
678,1455,12089.813292820007,-2422596.102480766,water_agreement_all_years
678,1456,13089.813292820007,-2422596.102480766,mixed_or_disagreeing
678,1457,14089.813292820007,-2422596.102480766,mixed_or_disagreeing
678,1473,30089.813292820007,-2422596.102480766,mixed_or_disagreeing
678,1474,31089.813292820007,-2422596.102480766,mixed_or_disagreeing
678,1475,32089.813292820007,-2422596.102480766,mixed_or_disagreeing
678,1476,33089.81329282001,-2422596.102480766,mixed_or_disagreeing
678,1477,34089.81329282001,-2422596.102480766,mixed_or_disagreeing
678,1478,35089.81329282001,-2422596.102480766,mixed_or_disagreeing
678,1479,36089.81329282001,-2422596.102480766,mixed_or_disagreeing
678,1480,37089.81329282001,-2422596.102480766,mixed_or_disagreeing
678,1481,38089.81329282001,-2422596.102480766,mixed_or_disagreeing
678,1482,39089.81329282001,-2422596.102480766,mixed_or_disagreeing
678,1483,40089.81329282001,-2422596.102480766,mixed_or_disagreeing
678,1484,41089.81329282001,-2422596.102480766,mixed_or_disagreeing
678,1485,42089.81329282001,-2422596.102480766,mixed_or_disagreeing
678,1486,43089.81329282001,-2422596.102480766,mixed_or_disagreeing
678,1487,44089.81329282001,-2422596.102480766,mixed_or_disagreeing
678,1488,45089.81329282001,-2422596.102480766,mixed_or_disagreeing
678,1489,46089.81329282001,-2422596.102480766,mixed_or_disagreeing
678,1490,47089.81329282001,-2422596.102480766,mixed_or_disagreeing
678,1491,48089.81329282001,-2422596.102480766,mixed_or_disagreeing
678,1492,49089.81329282001,-2422596.102480766,mixed_or_disagreeing
678,1495,52089.81329282001,-2422596.102480766,mixed_or_disagreeing
678,1496,53089.81329282001,-2422596.102480766,mixed_or_disagreeing
678,1497,54089.81329282001,-2422596.102480766,mixed_or_disagreeing
678,1498,55089.81329282001,-2422596.102480766,mixed_or_disagreeing
678,1499,56089.81329282001,-2422596.102480766,mixed_or_disagreeing
678,1500,57089.81329282001,-2422596.102480766,mixed_or_disagreeing
678,1501,58089.81329282001,-2422596.102480766,mixed_or_disagreeing
678,1502,59089.81329282001,-2422596.102480766,mixed_or_disagreeing
678,1515,72089.81329282,-2422596.102480766,mixed_or_disagreeing
678,1523,80089.81329282,-2422596.102480766,mixed_or_disagreeing
678,1530,87089.81329282,-2422596.102480766,mixed_or_disagreeing
678,1531,88089.81329282,-2422596.102480766,mixed_or_disagreeing
678,1532,89089.81329282,-2422596.102480766,water_agreement_all_years
678,1533,90089.81329282,-2422596.102480766,water_agreement_all_years
678,1534,91089.81329282,-2422596.102480766,water_agreement_all_years
678,1535,92089.81329282,-2422596.102480766,mixed_or_disagreeing
678,1536,93089.81329282,-2422596.102480766,water_agreement_all_years
678,1537,94089.81329282,-2422596.102480766,mixed_or_disagreeing
678,1538,95089.81329282,-2422596.102480766,mixed_or_disagreeing
678,1539,96089.81329282,-2422596.102480766,water_agreement_all_years
678,1540,97089.81329282,-2422596.102480766,water_agreement_all_years
678,1541,98089.81329282,-2422596.102480766,water_agreement_all_years
678,1542,99089.81329282,-2422596.102480766,water_agreement_all_years
678,1543,100089.81329282,-2422596.102480766,water_agreement_all_years
678,1544,101089.81329282,-2422596.102480766,water_agreement_all_years
678,1545,102089.81329282,-2422596.102480766,mixed_or_disagreeing
678,1546,103089.81329282,-2422596.102480766,water_agreement_all_years
678,1547,104089.81329282,-2422596.102480766,water_agreement_all_years
678,1548,105089.81329282,-2422596.102480766,water_agreement_all_years
678,1549,106089.81329282,-2422596.102480766,water_agreement_all_years
678,1550,107089.81329282,-2422596.102480766,water_agreement_all_years
678,1551,108089.81329282,-2422596.102480766,mixed_or_disagreeing
678,1552,109089.81329282,-2422596.102480766,mixed_or_disagreeing
679,1446,3089.8132928200066,-2423596.102480766,water_agreement_all_years
679,1452,9089.813292820007,-2423596.102480766,water_agreement_all_years
679,1453,10089.813292820007,-2423596.102480766,water_agreement_all_years
679,1454,11089.813292820007,-2423596.102480766,water_agreement_all_years
679,1455,12089.813292820007,-2423596.102480766,water_agreement_all_years
679,1456,13089.813292820007,-2423596.102480766,mixed_or_disagreeing
679,1475,32089.813292820007,-2423596.102480766,mixed_or_disagreeing
679,1476,33089.81329282001,-2423596.102480766,mixed_or_disagreeing
679,1477,34089.81329282001,-2423596.102480766,mixed_or_disagreeing
679,1478,35089.81329282001,-2423596.102480766,mixed_or_disagreeing
679,1479,36089.81329282001,-2423596.102480766,mixed_or_disagreeing
679,1480,37089.81329282001,-2423596.102480766,mixed_or_disagreeing
679,1481,38089.81329282001,-2423596.102480766,mixed_or_disagreeing
679,1482,39089.81329282001,-2423596.102480766,mixed_or_disagreeing
679,1483,40089.81329282001,-2423596.102480766,mixed_or_disagreeing
679,1484,41089.81329282001,-2423596.102480766,mixed_or_disagreeing
679,1485,42089.81329282001,-2423596.102480766,mixed_or_disagreeing
679,1486,43089.81329282001,-2423596.102480766,mixed_or_disagreeing
679,1487,44089.81329282001,-2423596.102480766,mixed_or_disagreeing
679,1488,45089.81329282001,-2423596.102480766,mixed_or_disagreeing
679,1489,46089.81329282001,-2423596.102480766,mixed_or_disagreeing
679,1490,47089.81329282001,-2423596.102480766,mixed_or_disagreeing
679,1491,48089.81329282001,-2423596.102480766,mixed_or_disagreeing
679,1492,49089.81329282001,-2423596.102480766,mixed_or_disagreeing
679,1495,52089.81329282001,-2423596.102480766,mixed_or_disagreeing
679,1496,53089.81329282001,-2423596.102480766,mixed_or_disagreeing
679,1497,54089.81329282001,-2423596.102480766,mixed_or_disagreeing
679,1498,55089.81329282001,-2423596.102480766,mixed_or_disagreeing
679,1499,56089.81329282001,-2423596.102480766,mixed_or_disagreeing
679,1500,57089.81329282001,-2423596.102480766,mixed_or_disagreeing
679,1501,58089.81329282001,-2423596.102480766,mixed_or_disagreeing
679,1502,59089.81329282001,-2423596.102480766,mixed_or_disagreeing
679,1514,71089.81329282,-2423596.102480766,mixed_or_disagreeing
679,1523,80089.81329282,-2423596.102480766,mixed_or_disagreeing
679,1524,81089.81329282,-2423596.102480766,mixed_or_disagreeing
679,1530,87089.81329282,-2423596.102480766,water_agreement_all_years
679,1531,88089.81329282,-2423596.102480766,water_agreement_all_years
679,1532,89089.81329282,-2423596.102480766,water_agreement_all_years
679,1533,90089.81329282,-2423596.102480766,water_agreement_all_years
679,1534,91089.81329282,-2423596.102480766,water_agreement_all_years
679,1535,92089.81329282,-2423596.102480766,water_agreement_all_years
679,1536,93089.81329282,-2423596.102480766,water_agreement_all_years
679,1537,94089.81329282,-2423596.102480766,water_agreement_all_years
679,1538,95089.81329282,-2423596.102480766,water_agreement_all_years
679,1539,96089.81329282,-2423596.102480766,water_agreement_all_years
679,1540,97089.81329282,-2423596.102480766,water_agreement_all_years
679,1541,98089.81329282,-2423596.102480766,water_agreement_all_years
679,1542,99089.81329282,-2423596.102480766,water_agreement_all_years
679,1543,100089.81329282,-2423596.102480766,water_agreement_all_years
679,1544,101089.81329282,-2423596.102480766,water_agreement_all_years
679,1545,102089.81329282,-2423596.102480766,water_agreement_all_years
679,1546,103089.81329282,-2423596.102480766,mixed_or_disagreeing
679,1547,104089.81329282,-2423596.102480766,water_agreement_all_years
679,1548,105089.81329282,-2423596.102480766,water_agreement_all_years
679,1549,106089.81329282,-2423596.102480766,water_agreement_all_years
679,1550,107089.81329282,-2423596.102480766,water_agreement_all_years
679,1551,108089.81329282,-2423596.102480766,water_agreement_all_years
679,1552,109089.81329282,-2423596.102480766,mixed_or_disagreeing
680,1450,7089.813292820007,-2424596.102480766,water_agreement_all_years
680,1451,8089.813292820007,-2424596.102480766,water_agreement_all_years
680,1452,9089.813292820007,-2424596.102480766,mixed_or_disagreeing
680,1453,10089.813292820007,-2424596.102480766,mixed_or_disagreeing
680,1454,11089.813292820007,-2424596.102480766,water_agreement_all_years
680,1455,12089.813292820007,-2424596.102480766,mixed_or_disagreeing
680,1474,31089.813292820007,-2424596.102480766,mixed_or_disagreeing
680,1475,32089.813292820007,-2424596.102480766,mixed_or_disagreeing
680,1476,33089.81329282001,-2424596.102480766,mixed_or_disagreeing
680,1477,34089.81329282001,-2424596.102480766,mixed_or_disagreeing
680,1478,35089.81329282001,-2424596.102480766,mixed_or_disagreeing
680,1479,36089.81329282001,-2424596.102480766,mixed_or_disagreeing
680,1480,37089.81329282001,-2424596.102480766,mixed_or_disagreeing
680,1481,38089.81329282001,-2424596.102480766,mixed_or_disagreeing
680,1482,39089.81329282001,-2424596.102480766,mixed_or_disagreeing
680,1483,40089.81329282001,-2424596.102480766,mixed_or_disagreeing
680,1484,41089.81329282001,-2424596.102480766,mixed_or_disagreeing
680,1485,42089.81329282001,-2424596.102480766,mixed_or_disagreeing
680,1486,43089.81329282001,-2424596.102480766,mixed_or_disagreeing
680,1487,44089.81329282001,-2424596.102480766,mixed_or_disagreeing
680,1488,45089.81329282001,-2424596.102480766,mixed_or_disagreeing
680,1489,46089.81329282001,-2424596.102480766,mixed_or_disagreeing
680,1490,47089.81329282001,-2424596.102480766,mixed_or_disagreeing
680,1491,48089.81329282001,-2424596.102480766,mixed_or_disagreeing
680,1492,49089.81329282001,-2424596.102480766,mixed_or_disagreeing
680,1493,50089.81329282001,-2424596.102480766,mixed_or_disagreeing
680,1494,51089.81329282001,-2424596.102480766,mixed_or_disagreeing
680,1495,52089.81329282001,-2424596.102480766,mixed_or_disagreeing
680,1496,53089.81329282001,-2424596.102480766,mixed_or_disagreeing
680,1497,54089.81329282001,-2424596.102480766,mixed_or_disagreeing
680,1498,55089.81329282001,-2424596.102480766,mixed_or_disagreeing
680,1499,56089.81329282001,-2424596.102480766,mixed_or_disagreeing
680,1500,57089.81329282001,-2424596.102480766,mixed_or_disagreeing
680,1501,58089.81329282001,-2424596.102480766,mixed_or_disagreeing
680,1502,59089.81329282001,-2424596.102480766,mixed_or_disagreeing
680,1522,79089.81329282,-2424596.102480766,mixed_or_disagreeing
680,1523,80089.81329282,-2424596.102480766,mixed_or_disagreeing
680,1530,87089.81329282,-2424596.102480766,mixed_or_disagreeing
680,1531,88089.81329282,-2424596.102480766,water_agreement_all_years
680,1532,89089.81329282,-2424596.102480766,water_agreement_all_years
680,1533,90089.81329282,-2424596.102480766,water_agreement_all_years
680,1534,91089.81329282,-2424596.102480766,water_agreement_all_years
680,1535,92089.81329282,-2424596.102480766,water_agreement_all_years
680,1536,93089.81329282,-2424596.102480766,water_agreement_all_years
680,1537,94089.81329282,-2424596.102480766,water_agreement_all_years
680,1538,95089.81329282,-2424596.102480766,mixed_or_disagreeing
680,1539,96089.81329282,-2424596.102480766,mixed_or_disagreeing
680,1540,97089.81329282,-2424596.102480766,mixed_or_disagreeing
680,1541,98089.81329282,-2424596.102480766,mixed_or_disagreeing
680,1542,99089.81329282,-2424596.102480766,water_agreement_all_years
680,1543,100089.81329282,-2424596.102480766,water_agreement_all_years
680,1544,101089.81329282,-2424596.102480766,water_agreement_all_years
680,1549,106089.81329282,-2424596.102480766,water_agreement_all_years
680,1550,107089.81329282,-2424596.102480766,water_agreement_all_years
680,1551,108089.81329282,-2424596.102480766,water_agreement_all_years
681,1450,7089.813292820007,-2425596.102480766,water_agreement_all_years
681,1451,8089.813292820007,-2425596.102480766,water_agreement_all_years
681,1452,9089.813292820007,-2425596.102480766,mixed_or_disagreeing
681,1453,10089.813292820007,-2425596.102480766,mixed_or_disagreeing
681,1454,11089.813292820007,-2425596.102480766,mixed_or_disagreeing
681,1455,12089.813292820007,-2425596.102480766,mixed_or_disagreeing
681,1475,32089.813292820007,-2425596.102480766,mixed_or_disagreeing
681,1476,33089.81329282001,-2425596.102480766,mixed_or_disagreeing
681,1477,34089.81329282001,-2425596.102480766,mixed_or_disagreeing
681,1478,35089.81329282001,-2425596.102480766,mixed_or_disagreeing
681,1479,36089.81329282001,-2425596.102480766,mixed_or_disagreeing
681,1480,37089.81329282001,-2425596.102480766,mixed_or_disagreeing
681,1481,38089.81329282001,-2425596.102480766,mixed_or_disagreeing
681,1482,39089.81329282001,-2425596.102480766,mixed_or_disagreeing
681,1483,40089.81329282001,-2425596.102480766,mixed_or_disagreeing
681,1484,41089.81329282001,-2425596.102480766,mixed_or_disagreeing
681,1485,42089.81329282001,-2425596.102480766,mixed_or_disagreeing
681,1486,43089.81329282001,-2425596.102480766,mixed_or_disagreeing
681,1487,44089.81329282001,-2425596.102480766,mixed_or_disagreeing
681,1488,45089.81329282001,-2425596.102480766,mixed_or_disagreeing
681,1489,46089.81329282001,-2425596.102480766,mixed_or_disagreeing
681,1490,47089.81329282001,-2425596.102480766,mixed_or_disagreeing
681,1491,48089.81329282001,-2425596.102480766,mixed_or_disagreeing
681,1492,49089.81329282001,-2425596.102480766,mixed_or_disagreeing
681,1493,50089.81329282001,-2425596.102480766,mixed_or_disagreeing
681,1494,51089.81329282001,-2425596.102480766,mixed_or_disagreeing
681,1495,52089.81329282001,-2425596.102480766,mixed_or_disagreeing
681,1496,53089.81329282001,-2425596.102480766,mixed_or_disagreeing
681,1497,54089.81329282001,-2425596.102480766,mixed_or_disagreeing
681,1498,55089.81329282001,-2425596.102480766,mixed_or_disagreeing
681,1499,56089.81329282001,-2425596.102480766,mixed_or_disagreeing
681,1500,57089.81329282001,-2425596.102480766,mixed_or_disagreeing
681,1501,58089.81329282001,-2425596.102480766,mixed_or_disagreeing
681,1530,87089.81329282,-2425596.102480766,water_agreement_all_years
681,1531,88089.81329282,-2425596.102480766,water_agreement_all_years
681,1532,89089.81329282,-2425596.102480766,water_agreement_all_years
681,1533,90089.81329282,-2425596.102480766,water_agreement_all_years
681,1534,91089.81329282,-2425596.102480766,water_agreement_all_years
681,1535,92089.81329282,-2425596.102480766,water_agreement_all_years
681,1536,93089.81329282,-2425596.102480766,mixed_or_disagreeing
681,1537,94089.81329282,-2425596.102480766,water_agreement_all_years
681,1538,95089.81329282,-2425596.102480766,mixed_or_disagreeing
681,1539,96089.81329282,-2425596.102480766,mixed_or_disagreeing
681,1540,97089.81329282,-2425596.102480766,mixed_or_disagreeing
681,1541,98089.81329282,-2425596.102480766,mixed_or_disagreeing
681,1542,99089.81329282,-2425596.102480766,mixed_or_disagreeing
681,1543,100089.81329282,-2425596.102480766,water_agreement_all_years
681,1544,101089.81329282,-2425596.102480766,water_agreement_all_years
681,1550,107089.81329282,-2425596.102480766,mixed_or_disagreeing
682,1427,-15910.186707179993,-2426596.102480766,water_agreement_all_years
682,1428,-14910.186707179993,-2426596.102480766,water_agreement_all_years
682,1438,-4910.186707179993,-2426596.102480766,water_agreement_all_years
682,1439,-3910.1867071799934,-2426596.102480766,water_agreement_all_years
682,1450,7089.813292820007,-2426596.102480766,water_agreement_all_years
682,1451,8089.813292820007,-2426596.102480766,water_agreement_all_years
682,1452,9089.813292820007,-2426596.102480766,mixed_or_disagreeing
682,1453,10089.813292820007,-2426596.102480766,mixed_or_disagreeing
682,1454,11089.813292820007,-2426596.102480766,mixed_or_disagreeing
682,1455,12089.813292820007,-2426596.102480766,mixed_or_disagreeing
682,1475,32089.813292820007,-2426596.102480766,mixed_or_disagreeing
682,1476,33089.81329282001,-2426596.102480766,mixed_or_disagreeing
682,1477,34089.81329282001,-2426596.102480766,mixed_or_disagreeing
682,1478,35089.81329282001,-2426596.102480766,mixed_or_disagreeing
682,1479,36089.81329282001,-2426596.102480766,mixed_or_disagreeing
682,1480,37089.81329282001,-2426596.102480766,mixed_or_disagreeing
682,1481,38089.81329282001,-2426596.102480766,mixed_or_disagreeing
682,1482,39089.81329282001,-2426596.102480766,mixed_or_disagreeing
682,1483,40089.81329282001,-2426596.102480766,mixed_or_disagreeing
682,1484,41089.81329282001,-2426596.102480766,mixed_or_disagreeing
682,1485,42089.81329282001,-2426596.102480766,mixed_or_disagreeing
682,1486,43089.81329282001,-2426596.102480766,mixed_or_disagreeing
682,1487,44089.81329282001,-2426596.102480766,mixed_or_disagreeing
682,1488,45089.81329282001,-2426596.102480766,mixed_or_disagreeing
682,1489,46089.81329282001,-2426596.102480766,mixed_or_disagreeing
682,1490,47089.81329282001,-2426596.102480766,mixed_or_disagreeing
682,1491,48089.81329282001,-2426596.102480766,mixed_or_disagreeing
682,1492,49089.81329282001,-2426596.102480766,mixed_or_disagreeing
682,1493,50089.81329282001,-2426596.102480766,mixed_or_disagreeing
682,1494,51089.81329282001,-2426596.102480766,mixed_or_disagreeing
682,1495,52089.81329282001,-2426596.102480766,mixed_or_disagreeing
682,1496,53089.81329282001,-2426596.102480766,mixed_or_disagreeing
682,1497,54089.81329282001,-2426596.102480766,mixed_or_disagreeing
682,1498,55089.81329282001,-2426596.102480766,mixed_or_disagreeing
682,1499,56089.81329282001,-2426596.102480766,mixed_or_disagreeing
682,1529,86089.81329282,-2426596.102480766,water_agreement_all_years
682,1530,87089.81329282,-2426596.102480766,water_agreement_all_years
682,1531,88089.81329282,-2426596.102480766,water_agreement_all_years
682,1532,89089.81329282,-2426596.102480766,water_agreement_all_years
682,1533,90089.81329282,-2426596.102480766,water_agreement_all_years
682,1534,91089.81329282,-2426596.102480766,water_agreement_all_years
682,1535,92089.81329282,-2426596.102480766,water_agreement_all_years
682,1536,93089.81329282,-2426596.102480766,mixed_or_disagreeing
682,1537,94089.81329282,-2426596.102480766,mixed_or_disagreeing
682,1538,95089.81329282,-2426596.102480766,mixed_or_disagreeing
682,1539,96089.81329282,-2426596.102480766,mixed_or_disagreeing
682,1540,97089.81329282,-2426596.102480766,mixed_or_disagreeing
682,1541,98089.81329282,-2426596.102480766,water_agreement_all_years
682,1542,99089.81329282,-2426596.102480766,mixed_or_disagreeing
682,1543,100089.81329282,-2426596.102480766,water_agreement_all_years
682,1544,101089.81329282,-2426596.102480766,water_agreement_all_years
682,1545,102089.81329282,-2426596.102480766,mixed_or_disagreeing
683,1438,-4910.186707179993,-2427596.102480766,water_agreement_all_years
683,1439,-3910.1867071799934,-2427596.102480766,water_agreement_all_years
683,1449,6089.813292820007,-2427596.102480766,mixed_or_disagreeing
683,1450,7089.813292820007,-2427596.102480766,water_agreement_all_years
683,1451,8089.813292820007,-2427596.102480766,mixed_or_disagreeing
683,1452,9089.813292820007,-2427596.102480766,mixed_or_disagreeing
683,1453,10089.813292820007,-2427596.102480766,mixed_or_disagreeing
683,1475,32089.813292820007,-2427596.102480766,mixed_or_disagreeing
683,1476,33089.81329282001,-2427596.102480766,mixed_or_disagreeing
683,1477,34089.81329282001,-2427596.102480766,mixed_or_disagreeing
683,1478,35089.81329282001,-2427596.102480766,mixed_or_disagreeing
683,1479,36089.81329282001,-2427596.102480766,mixed_or_disagreeing
683,1480,37089.81329282001,-2427596.102480766,mixed_or_disagreeing
683,1481,38089.81329282001,-2427596.102480766,mixed_or_disagreeing
683,1482,39089.81329282001,-2427596.102480766,mixed_or_disagreeing
683,1483,40089.81329282001,-2427596.102480766,mixed_or_disagreeing
683,1484,41089.81329282001,-2427596.102480766,mixed_or_disagreeing
683,1485,42089.81329282001,-2427596.102480766,mixed_or_disagreeing
683,1486,43089.81329282001,-2427596.102480766,mixed_or_disagreeing
683,1487,44089.81329282001,-2427596.102480766,mixed_or_disagreeing
683,1488,45089.81329282001,-2427596.102480766,mixed_or_disagreeing
683,1489,46089.81329282001,-2427596.102480766,mixed_or_disagreeing
683,1490,47089.81329282001,-2427596.102480766,mixed_or_disagreeing
683,1491,48089.81329282001,-2427596.102480766,mixed_or_disagreeing
683,1492,49089.81329282001,-2427596.102480766,mixed_or_disagreeing
683,1493,50089.81329282001,-2427596.102480766,mixed_or_disagreeing
683,1494,51089.81329282001,-2427596.102480766,mixed_or_disagreeing
683,1495,52089.81329282001,-2427596.102480766,mixed_or_disagreeing
683,1496,53089.81329282001,-2427596.102480766,mixed_or_disagreeing
683,1497,54089.81329282001,-2427596.102480766,mixed_or_disagreeing
683,1498,55089.81329282001,-2427596.102480766,mixed_or_disagreeing
683,1499,56089.81329282001,-2427596.102480766,mixed_or_disagreeing
683,1511,68089.81329282,-2427596.102480766,mixed_or_disagreeing
683,1512,69089.81329282,-2427596.102480766,mixed_or_disagreeing
683,1529,86089.81329282,-2427596.102480766,mixed_or_disagreeing
683,1530,87089.81329282,-2427596.102480766,mixed_or_disagreeing
683,1531,88089.81329282,-2427596.102480766,water_agreement_all_years
683,1532,89089.81329282,-2427596.102480766,water_agreement_all_years
683,1533,90089.81329282,-2427596.102480766,water_agreement_all_years
683,1534,91089.81329282,-2427596.102480766,water_agreement_all_years
683,1535,92089.81329282,-2427596.102480766,water_agreement_all_years
683,1536,93089.81329282,-2427596.102480766,mixed_or_disagreeing
683,1537,94089.81329282,-2427596.102480766,mixed_or_disagreeing
683,1538,95089.81329282,-2427596.102480766,mixed_or_disagreeing
683,1539,96089.81329282,-2427596.102480766,mixed_or_disagreeing
683,1540,97089.81329282,-2427596.102480766,mixed_or_disagreeing
683,1541,98089.81329282,-2427596.102480766,water_agreement_all_years
683,1542,99089.81329282,-2427596.102480766,water_agreement_all_years
683,1543,100089.81329282,-2427596.102480766,water_agreement_all_years
683,1544,101089.81329282,-2427596.102480766,mixed_or_disagreeing
683,1545,102089.81329282,-2427596.102480766,water_agreement_all_years
683,1546,103089.81329282,-2427596.102480766,mixed_or_disagreeing
683,1547,104089.81329282,-2427596.102480766,water_agreement_all_years
683,1548,105089.81329282,-2427596.102480766,water_agreement_all_years
684,1437,-5910.186707179993,-2428596.102480766,water_agreement_all_years
684,1438,-4910.186707179993,-2428596.102480766,water_agreement_all_years
684,1445,2089.8132928200066,-2428596.102480766,water_agreement_all_years
684,1450,7089.813292820007,-2428596.102480766,water_agreement_all_years
684,1451,8089.813292820007,-2428596.102480766,mixed_or_disagreeing
684,1452,9089.813292820007,-2428596.102480766,mixed_or_disagreeing
684,1453,10089.813292820007,-2428596.102480766,land_agreement_all_years
684,1475,32089.813292820007,-2428596.102480766,mixed_or_disagreeing
684,1476,33089.81329282001,-2428596.102480766,mixed_or_disagreeing
684,1477,34089.81329282001,-2428596.102480766,mixed_or_disagreeing
684,1478,35089.81329282001,-2428596.102480766,mixed_or_disagreeing
684,1479,36089.81329282001,-2428596.102480766,mixed_or_disagreeing
684,1480,37089.81329282001,-2428596.102480766,mixed_or_disagreeing
684,1481,38089.81329282001,-2428596.102480766,mixed_or_disagreeing
684,1482,39089.81329282001,-2428596.102480766,mixed_or_disagreeing
684,1483,40089.81329282001,-2428596.102480766,mixed_or_disagreeing
684,1484,41089.81329282001,-2428596.102480766,mixed_or_disagreeing
684,1485,42089.81329282001,-2428596.102480766,mixed_or_disagreeing
684,1486,43089.81329282001,-2428596.102480766,mixed_or_disagreeing
684,1487,44089.81329282001,-2428596.102480766,mixed_or_disagreeing
684,1488,45089.81329282001,-2428596.102480766,mixed_or_disagreeing
684,1489,46089.81329282001,-2428596.102480766,mixed_or_disagreeing
684,1490,47089.81329282001,-2428596.102480766,mixed_or_disagreeing
684,1491,48089.81329282001,-2428596.102480766,mixed_or_disagreeing
684,1492,49089.81329282001,-2428596.102480766,mixed_or_disagreeing
684,1493,50089.81329282001,-2428596.102480766,mixed_or_disagreeing
684,1494,51089.81329282001,-2428596.102480766,mixed_or_disagreeing
684,1495,52089.81329282001,-2428596.102480766,mixed_or_disagreeing
684,1496,53089.81329282001,-2428596.102480766,mixed_or_disagreeing
684,1497,54089.81329282001,-2428596.102480766,mixed_or_disagreeing
684,1498,55089.81329282001,-2428596.102480766,mixed_or_disagreeing
684,1499,56089.81329282001,-2428596.102480766,mixed_or_disagreeing
684,1509,66089.81329282,-2428596.102480766,mixed_or_disagreeing
684,1512,69089.81329282,-2428596.102480766,mixed_or_disagreeing
684,1529,86089.81329282,-2428596.102480766,water_agreement_all_years
684,1530,87089.81329282,-2428596.102480766,mixed_or_disagreeing
684,1531,88089.81329282,-2428596.102480766,mixed_or_disagreeing
684,1532,89089.81329282,-2428596.102480766,water_agreement_all_years
684,1533,90089.81329282,-2428596.102480766,water_agreement_all_years
684,1534,91089.81329282,-2428596.102480766,water_agreement_all_years
684,1535,92089.81329282,-2428596.102480766,water_agreement_all_years
684,1536,93089.81329282,-2428596.102480766,mixed_or_disagreeing
684,1537,94089.81329282,-2428596.102480766,mixed_or_disagreeing
684,1538,95089.81329282,-2428596.102480766,mixed_or_disagreeing
684,1539,96089.81329282,-2428596.102480766,mixed_or_disagreeing
684,1540,97089.81329282,-2428596.102480766,mixed_or_disagreeing
684,1541,98089.81329282,-2428596.102480766,mixed_or_disagreeing
684,1542,99089.81329282,-2428596.102480766,mixed_or_disagreeing
684,1543,100089.81329282,-2428596.102480766,mixed_or_disagreeing
684,1544,101089.81329282,-2428596.102480766,water_agreement_all_years
684,1545,102089.81329282,-2428596.102480766,water_agreement_all_years
684,1546,103089.81329282,-2428596.102480766,mixed_or_disagreeing
684,1547,104089.81329282,-2428596.102480766,mixed_or_disagreeing
684,1548,105089.81329282,-2428596.102480766,water_agreement_all_years
684,1549,106089.81329282,-2428596.102480766,water_agreement_all_years
685,1441,-1910.1867071799934,-2429596.102480766,water_agreement_all_years
685,1444,1089.8132928200066,-2429596.102480766,water_agreement_all_years
685,1445,2089.8132928200066,-2429596.102480766,water_agreement_all_years
685,1446,3089.8132928200066,-2429596.102480766,water_agreement_all_years
685,1450,7089.813292820007,-2429596.102480766,water_agreement_all_years
685,1451,8089.813292820007,-2429596.102480766,water_agreement_all_years
685,1452,9089.813292820007,-2429596.102480766,mixed_or_disagreeing
685,1475,32089.813292820007,-2429596.102480766,mixed_or_disagreeing
685,1476,33089.81329282001,-2429596.102480766,mixed_or_disagreeing
685,1477,34089.81329282001,-2429596.102480766,mixed_or_disagreeing
685,1478,35089.81329282001,-2429596.102480766,mixed_or_disagreeing
685,1479,36089.81329282001,-2429596.102480766,mixed_or_disagreeing
685,1480,37089.81329282001,-2429596.102480766,mixed_or_disagreeing
685,1481,38089.81329282001,-2429596.102480766,mixed_or_disagreeing
685,1482,39089.81329282001,-2429596.102480766,mixed_or_disagreeing
685,1483,40089.81329282001,-2429596.102480766,mixed_or_disagreeing
685,1484,41089.81329282001,-2429596.102480766,mixed_or_disagreeing
685,1485,42089.81329282001,-2429596.102480766,mixed_or_disagreeing
685,1486,43089.81329282001,-2429596.102480766,mixed_or_disagreeing
685,1487,44089.81329282001,-2429596.102480766,mixed_or_disagreeing
685,1488,45089.81329282001,-2429596.102480766,mixed_or_disagreeing
685,1489,46089.81329282001,-2429596.102480766,mixed_or_disagreeing
685,1490,47089.81329282001,-2429596.102480766,mixed_or_disagreeing
685,1491,48089.81329282001,-2429596.102480766,mixed_or_disagreeing
685,1492,49089.81329282001,-2429596.102480766,mixed_or_disagreeing
685,1493,50089.81329282001,-2429596.102480766,mixed_or_disagreeing
685,1494,51089.81329282001,-2429596.102480766,water_agreement_all_years
685,1495,52089.81329282001,-2429596.102480766,mixed_or_disagreeing
685,1496,53089.81329282001,-2429596.102480766,mixed_or_disagreeing
685,1497,54089.81329282001,-2429596.102480766,water_agreement_all_years
685,1498,55089.81329282001,-2429596.102480766,mixed_or_disagreeing
685,1499,56089.81329282001,-2429596.102480766,mixed_or_disagreeing
685,1506,63089.81329282001,-2429596.102480766,mixed_or_disagreeing
685,1507,64089.81329282001,-2429596.102480766,mixed_or_disagreeing
685,1529,86089.81329282,-2429596.102480766,mixed_or_disagreeing
685,1530,87089.81329282,-2429596.102480766,mixed_or_disagreeing
685,1531,88089.81329282,-2429596.102480766,water_agreement_all_years
685,1532,89089.81329282,-2429596.102480766,mixed_or_disagreeing
685,1533,90089.81329282,-2429596.102480766,water_agreement_all_years
685,1534,91089.81329282,-2429596.102480766,mixed_or_disagreeing
685,1535,92089.81329282,-2429596.102480766,water_agreement_all_years
685,1536,93089.81329282,-2429596.102480766,mixed_or_disagreeing
685,1537,94089.81329282,-2429596.102480766,mixed_or_disagreeing
685,1538,95089.81329282,-2429596.102480766,mixed_or_disagreeing
685,1539,96089.81329282,-2429596.102480766,mixed_or_disagreeing
685,1540,97089.81329282,-2429596.102480766,mixed_or_disagreeing
685,1541,98089.81329282,-2429596.102480766,mixed_or_disagreeing
685,1542,99089.81329282,-2429596.102480766,mixed_or_disagreeing
685,1543,100089.81329282,-2429596.102480766,water_agreement_all_years
685,1544,101089.81329282,-2429596.102480766,mixed_or_disagreeing
685,1545,102089.81329282,-2429596.102480766,water_agreement_all_years
685,1546,103089.81329282,-2429596.102480766,mixed_or_disagreeing
685,1547,104089.81329282,-2429596.102480766,mixed_or_disagreeing
685,1548,105089.81329282,-2429596.102480766,mixed_or_disagreeing
685,1549,106089.81329282,-2429596.102480766,water_agreement_all_years
686,1450,7089.813292820007,-2430596.102480766,mixed_or_disagreeing
686,1471,28089.813292820007,-2430596.102480766,mixed_or_disagreeing
686,1472,29089.813292820007,-2430596.102480766,mixed_or_disagreeing
686,1474,31089.813292820007,-2430596.102480766,mixed_or_disagreeing
686,1475,32089.813292820007,-2430596.102480766,mixed_or_disagreeing
686,1476,33089.81329282001,-2430596.102480766,mixed_or_disagreeing
686,1477,34089.81329282001,-2430596.102480766,mixed_or_disagreeing
686,1478,35089.81329282001,-2430596.102480766,mixed_or_disagreeing
686,1479,36089.81329282001,-2430596.102480766,mixed_or_disagreeing
686,1480,37089.81329282001,-2430596.102480766,mixed_or_disagreeing
686,1481,38089.81329282001,-2430596.102480766,mixed_or_disagreeing
686,1482,39089.81329282001,-2430596.102480766,mixed_or_disagreeing
686,1483,40089.81329282001,-2430596.102480766,mixed_or_disagreeing
686,1484,41089.81329282001,-2430596.102480766,mixed_or_disagreeing
686,1485,42089.81329282001,-2430596.102480766,mixed_or_disagreeing
686,1486,43089.81329282001,-2430596.102480766,mixed_or_disagreeing
686,1487,44089.81329282001,-2430596.102480766,mixed_or_disagreeing
686,1488,45089.81329282001,-2430596.102480766,mixed_or_disagreeing
686,1489,46089.81329282001,-2430596.102480766,mixed_or_disagreeing
686,1490,47089.81329282001,-2430596.102480766,mixed_or_disagreeing
686,1491,48089.81329282001,-2430596.102480766,mixed_or_disagreeing
686,1492,49089.81329282001,-2430596.102480766,mixed_or_disagreeing
686,1493,50089.81329282001,-2430596.102480766,mixed_or_disagreeing
686,1494,51089.81329282001,-2430596.102480766,mixed_or_disagreeing
686,1495,52089.81329282001,-2430596.102480766,mixed_or_disagreeing
686,1496,53089.81329282001,-2430596.102480766,mixed_or_disagreeing
686,1497,54089.81329282001,-2430596.102480766,water_agreement_all_years
686,1498,55089.81329282001,-2430596.102480766,mixed_or_disagreeing
686,1499,56089.81329282001,-2430596.102480766,mixed_or_disagreeing
686,1528,85089.81329282,-2430596.102480766,water_agreement_all_years
686,1529,86089.81329282,-2430596.102480766,mixed_or_disagreeing
686,1530,87089.81329282,-2430596.102480766,mixed_or_disagreeing
686,1531,88089.81329282,-2430596.102480766,water_agreement_all_years
686,1532,89089.81329282,-2430596.102480766,mixed_or_disagreeing
686,1533,90089.81329282,-2430596.102480766,mixed_or_disagreeing
686,1534,91089.81329282,-2430596.102480766,mixed_or_disagreeing
686,1535,92089.81329282,-2430596.102480766,mixed_or_disagreeing
686,1536,93089.81329282,-2430596.102480766,mixed_or_disagreeing
686,1537,94089.81329282,-2430596.102480766,mixed_or_disagreeing
686,1538,95089.81329282,-2430596.102480766,mixed_or_disagreeing
686,1539,96089.81329282,-2430596.102480766,mixed_or_disagreeing
686,1540,97089.81329282,-2430596.102480766,mixed_or_disagreeing
686,1541,98089.81329282,-2430596.102480766,mixed_or_disagreeing
686,1542,99089.81329282,-2430596.102480766,mixed_or_disagreeing
686,1543,100089.81329282,-2430596.102480766,mixed_or_disagreeing
686,1544,101089.81329282,-2430596.102480766,mixed_or_disagreeing
686,1545,102089.81329282,-2430596.102480766,mixed_or_disagreeing
686,1546,103089.81329282,-2430596.102480766,mixed_or_disagreeing
686,1547,104089.81329282,-2430596.102480766,mixed_or_disagreeing
686,1548,105089.81329282,-2430596.102480766,mixed_or_disagreeing
686,1549,106089.81329282,-2430596.102480766,mixed_or_disagreeing
686,1550,107089.81329282,-2430596.102480766,water_agreement_all_years
687,1447,4089.8132928200066,-2431596.102480766,mixed_or_disagreeing
687,1471,28089.813292820007,-2431596.102480766,mixed_or_disagreeing
687,1472,29089.813292820007,-2431596.102480766,mixed_or_disagreeing
687,1474,31089.813292820007,-2431596.102480766,mixed_or_disagreeing
687,1475,32089.813292820007,-2431596.102480766,mixed_or_disagreeing
687,1476,33089.81329282001,-2431596.102480766,mixed_or_disagreeing
687,1477,34089.81329282001,-2431596.102480766,mixed_or_disagreeing
687,1478,35089.81329282001,-2431596.102480766,mixed_or_disagreeing
687,1479,36089.81329282001,-2431596.102480766,mixed_or_disagreeing
687,1480,37089.81329282001,-2431596.102480766,mixed_or_disagreeing
687,1481,38089.81329282001,-2431596.102480766,mixed_or_disagreeing
687,1482,39089.81329282001,-2431596.102480766,mixed_or_disagreeing
687,1483,40089.81329282001,-2431596.102480766,mixed_or_disagreeing
687,1484,41089.81329282001,-2431596.102480766,mixed_or_disagreeing
687,1485,42089.81329282001,-2431596.102480766,mixed_or_disagreeing
687,1486,43089.81329282001,-2431596.102480766,mixed_or_disagreeing
687,1487,44089.81329282001,-2431596.102480766,mixed_or_disagreeing
687,1488,45089.81329282001,-2431596.102480766,mixed_or_disagreeing
687,1489,46089.81329282001,-2431596.102480766,mixed_or_disagreeing
687,1490,47089.81329282001,-2431596.102480766,mixed_or_disagreeing
687,1491,48089.81329282001,-2431596.102480766,mixed_or_disagreeing
687,1492,49089.81329282001,-2431596.102480766,mixed_or_disagreeing
687,1493,50089.81329282001,-2431596.102480766,mixed_or_disagreeing
687,1494,51089.81329282001,-2431596.102480766,mixed_or_disagreeing
687,1495,52089.81329282001,-2431596.102480766,water_agreement_all_years
687,1496,53089.81329282001,-2431596.102480766,water_agreement_all_years
687,1497,54089.81329282001,-2431596.102480766,water_agreement_all_years
687,1498,55089.81329282001,-2431596.102480766,water_agreement_all_years
687,1499,56089.81329282001,-2431596.102480766,mixed_or_disagreeing
687,1500,57089.81329282001,-2431596.102480766,mixed_or_disagreeing
687,1501,58089.81329282001,-2431596.102480766,mixed_or_disagreeing
687,1502,59089.81329282001,-2431596.102480766,mixed_or_disagreeing
687,1504,61089.81329282001,-2431596.102480766,mixed_or_disagreeing
687,1505,62089.81329282001,-2431596.102480766,mixed_or_disagreeing
687,1527,84089.81329282,-2431596.102480766,water_agreement_all_years
687,1528,85089.81329282,-2431596.102480766,mixed_or_disagreeing
687,1529,86089.81329282,-2431596.102480766,mixed_or_disagreeing
687,1530,87089.81329282,-2431596.102480766,mixed_or_disagreeing
687,1531,88089.81329282,-2431596.102480766,mixed_or_disagreeing
687,1532,89089.81329282,-2431596.102480766,water_agreement_all_years
687,1533,90089.81329282,-2431596.102480766,mixed_or_disagreeing
687,1534,91089.81329282,-2431596.102480766,mixed_or_disagreeing
687,1535,92089.81329282,-2431596.102480766,mixed_or_disagreeing
687,1536,93089.81329282,-2431596.102480766,mixed_or_disagreeing
687,1537,94089.81329282,-2431596.102480766,mixed_or_disagreeing
687,1538,95089.81329282,-2431596.102480766,mixed_or_disagreeing
687,1539,96089.81329282,-2431596.102480766,mixed_or_disagreeing
687,1540,97089.81329282,-2431596.102480766,water_agreement_all_years
687,1541,98089.81329282,-2431596.102480766,mixed_or_disagreeing
687,1542,99089.81329282,-2431596.102480766,mixed_or_disagreeing
687,1543,100089.81329282,-2431596.102480766,mixed_or_disagreeing
687,1544,101089.81329282,-2431596.102480766,mixed_or_disagreeing
687,1545,102089.81329282,-2431596.102480766,water_agreement_all_years
687,1546,103089.81329282,-2431596.102480766,mixed_or_disagreeing
687,1547,104089.81329282,-2431596.102480766,mixed_or_disagreeing
687,1548,105089.81329282,-2431596.102480766,water_agreement_all_years
687,1549,106089.81329282,-2431596.102480766,mixed_or_disagreeing
687,1550,107089.81329282,-2431596.102480766,mixed_or_disagreeing
688,1438,-4910.186707179993,-2432596.102480766,water_agreement_all_years
688,1444,1089.8132928200066,-2432596.102480766,mixed_or_disagreeing
688,1447,4089.8132928200066,-2432596.102480766,mixed_or_disagreeing
688,1471,28089.813292820007,-2432596.102480766,mixed_or_disagreeing
688,1472,29089.813292820007,-2432596.102480766,mixed_or_disagreeing
688,1474,31089.813292820007,-2432596.102480766,mixed_or_disagreeing
688,1475,32089.813292820007,-2432596.102480766,mixed_or_disagreeing
688,1476,33089.81329282001,-2432596.102480766,mixed_or_disagreeing
688,1477,34089.81329282001,-2432596.102480766,mixed_or_disagreeing
688,1478,35089.81329282001,-2432596.102480766,mixed_or_disagreeing
688,1479,36089.81329282001,-2432596.102480766,mixed_or_disagreeing
688,1480,37089.81329282001,-2432596.102480766,mixed_or_disagreeing
688,1481,38089.81329282001,-2432596.102480766,mixed_or_disagreeing
688,1482,39089.81329282001,-2432596.102480766,mixed_or_disagreeing
688,1483,40089.81329282001,-2432596.102480766,mixed_or_disagreeing
688,1484,41089.81329282001,-2432596.102480766,mixed_or_disagreeing
688,1485,42089.81329282001,-2432596.102480766,mixed_or_disagreeing
688,1486,43089.81329282001,-2432596.102480766,mixed_or_disagreeing
688,1487,44089.81329282001,-2432596.102480766,mixed_or_disagreeing
688,1488,45089.81329282001,-2432596.102480766,mixed_or_disagreeing
688,1489,46089.81329282001,-2432596.102480766,mixed_or_disagreeing
688,1490,47089.81329282001,-2432596.102480766,mixed_or_disagreeing
688,1491,48089.81329282001,-2432596.102480766,mixed_or_disagreeing
688,1492,49089.81329282001,-2432596.102480766,mixed_or_disagreeing
688,1493,50089.81329282001,-2432596.102480766,mixed_or_disagreeing
688,1494,51089.81329282001,-2432596.102480766,mixed_or_disagreeing
688,1495,52089.81329282001,-2432596.102480766,mixed_or_disagreeing
688,1496,53089.81329282001,-2432596.102480766,water_agreement_all_years
688,1497,54089.81329282001,-2432596.102480766,mixed_or_disagreeing
688,1498,55089.81329282001,-2432596.102480766,mixed_or_disagreeing
688,1499,56089.81329282001,-2432596.102480766,mixed_or_disagreeing
688,1500,57089.81329282001,-2432596.102480766,mixed_or_disagreeing
688,1501,58089.81329282001,-2432596.102480766,mixed_or_disagreeing
688,1502,59089.81329282001,-2432596.102480766,mixed_or_disagreeing
688,1503,60089.81329282001,-2432596.102480766,mixed_or_disagreeing
688,1504,61089.81329282001,-2432596.102480766,mixed_or_disagreeing
688,1505,62089.81329282001,-2432596.102480766,mixed_or_disagreeing
688,1529,86089.81329282,-2432596.102480766,mixed_or_disagreeing
688,1530,87089.81329282,-2432596.102480766,mixed_or_disagreeing
688,1531,88089.81329282,-2432596.102480766,mixed_or_disagreeing
688,1532,89089.81329282,-2432596.102480766,water_agreement_all_years
688,1533,90089.81329282,-2432596.102480766,mixed_or_disagreeing
688,1534,91089.81329282,-2432596.102480766,mixed_or_disagreeing
688,1535,92089.81329282,-2432596.102480766,mixed_or_disagreeing
688,1536,93089.81329282,-2432596.102480766,mixed_or_disagreeing
688,1537,94089.81329282,-2432596.102480766,mixed_or_disagreeing
688,1538,95089.81329282,-2432596.102480766,mixed_or_disagreeing
688,1539,96089.81329282,-2432596.102480766,mixed_or_disagreeing
688,1540,97089.81329282,-2432596.102480766,mixed_or_disagreeing
688,1541,98089.81329282,-2432596.102480766,mixed_or_disagreeing
688,1542,99089.81329282,-2432596.102480766,mixed_or_disagreeing
688,1543,100089.81329282,-2432596.102480766,mixed_or_disagreeing
688,1544,101089.81329282,-2432596.102480766,mixed_or_disagreeing
688,1545,102089.81329282,-2432596.102480766,mixed_or_disagreeing
688,1546,103089.81329282,-2432596.102480766,water_agreement_all_years
688,1547,104089.81329282,-2432596.102480766,mixed_or_disagreeing
688,1548,105089.81329282,-2432596.102480766,mixed_or_disagreeing
688,1549,106089.81329282,-2432596.102480766,water_agreement_all_years
688,1550,107089.81329282,-2432596.102480766,mixed_or_disagreeing
688,1551,108089.81329282,-2432596.102480766,water_agreement_all_years
688,1556,113089.81329282,-2432596.102480766,water_agreement_all_years
688,1557,114089.81329282,-2432596.102480766,water_agreement_all_years
688,1558,115089.81329282,-2432596.102480766,water_agreement_all_years
688,1559,116089.81329282,-2432596.102480766,water_agreement_all_years
689,1438,-4910.186707179993,-2433596.102480766,mixed_or_disagreeing
689,1472,29089.813292820007,-2433596.102480766,mixed_or_disagreeing
689,1473,30089.813292820007,-2433596.102480766,mixed_or_disagreeing
689,1474,31089.813292820007,-2433596.102480766,mixed_or_disagreeing
689,1475,32089.813292820007,-2433596.102480766,mixed_or_disagreeing
689,1476,33089.81329282001,-2433596.102480766,mixed_or_disagreeing
689,1477,34089.81329282001,-2433596.102480766,mixed_or_disagreeing
689,1478,35089.81329282001,-2433596.102480766,mixed_or_disagreeing
689,1479,36089.81329282001,-2433596.102480766,mixed_or_disagreeing
689,1480,37089.81329282001,-2433596.102480766,mixed_or_disagreeing
689,1481,38089.81329282001,-2433596.102480766,mixed_or_disagreeing
689,1482,39089.81329282001,-2433596.102480766,mixed_or_disagreeing
689,1483,40089.81329282001,-2433596.102480766,mixed_or_disagreeing
689,1484,41089.81329282001,-2433596.102480766,mixed_or_disagreeing
689,1485,42089.81329282001,-2433596.102480766,mixed_or_disagreeing
689,1486,43089.81329282001,-2433596.102480766,mixed_or_disagreeing
689,1487,44089.81329282001,-2433596.102480766,mixed_or_disagreeing
689,1488,45089.81329282001,-2433596.102480766,mixed_or_disagreeing
689,1489,46089.81329282001,-2433596.102480766,mixed_or_disagreeing
689,1490,47089.81329282001,-2433596.102480766,mixed_or_disagreeing
689,1491,48089.81329282001,-2433596.102480766,mixed_or_disagreeing
689,1492,49089.81329282001,-2433596.102480766,mixed_or_disagreeing
689,1493,50089.81329282001,-2433596.102480766,mixed_or_disagreeing
689,1494,51089.81329282001,-2433596.102480766,mixed_or_disagreeing
689,1495,52089.81329282001,-2433596.102480766,mixed_or_disagreeing
689,1496,53089.81329282001,-2433596.102480766,water_agreement_all_years
689,1497,54089.81329282001,-2433596.102480766,water_agreement_all_years
689,1498,55089.81329282001,-2433596.102480766,mixed_or_disagreeing
689,1499,56089.81329282001,-2433596.102480766,mixed_or_disagreeing
689,1500,57089.81329282001,-2433596.102480766,mixed_or_disagreeing
689,1501,58089.81329282001,-2433596.102480766,mixed_or_disagreeing
689,1502,59089.81329282001,-2433596.102480766,mixed_or_disagreeing
689,1503,60089.81329282001,-2433596.102480766,mixed_or_disagreeing
689,1504,61089.81329282001,-2433596.102480766,mixed_or_disagreeing
689,1505,62089.81329282001,-2433596.102480766,mixed_or_disagreeing
689,1506,63089.81329282001,-2433596.102480766,mixed_or_disagreeing
689,1529,86089.81329282,-2433596.102480766,mixed_or_disagreeing
689,1530,87089.81329282,-2433596.102480766,mixed_or_disagreeing
689,1531,88089.81329282,-2433596.102480766,mixed_or_disagreeing
689,1532,89089.81329282,-2433596.102480766,mixed_or_disagreeing
689,1533,90089.81329282,-2433596.102480766,mixed_or_disagreeing
689,1534,91089.81329282,-2433596.102480766,mixed_or_disagreeing
689,1535,92089.81329282,-2433596.102480766,mixed_or_disagreeing
689,1536,93089.81329282,-2433596.102480766,mixed_or_disagreeing
689,1537,94089.81329282,-2433596.102480766,mixed_or_disagreeing
689,1538,95089.81329282,-2433596.102480766,mixed_or_disagreeing
689,1539,96089.81329282,-2433596.102480766,mixed_or_disagreeing
689,1540,97089.81329282,-2433596.102480766,mixed_or_disagreeing
689,1541,98089.81329282,-2433596.102480766,water_agreement_all_years
689,1542,99089.81329282,-2433596.102480766,mixed_or_disagreeing
689,1543,100089.81329282,-2433596.102480766,mixed_or_disagreeing
689,1544,101089.81329282,-2433596.102480766,mixed_or_disagreeing
689,1545,102089.81329282,-2433596.102480766,mixed_or_disagreeing
689,1546,103089.81329282,-2433596.102480766,mixed_or_disagreeing
689,1547,104089.81329282,-2433596.102480766,water_agreement_all_years
689,1548,105089.81329282,-2433596.102480766,water_agreement_all_years
689,1549,106089.81329282,-2433596.102480766,mixed_or_disagreeing
689,1550,107089.81329282,-2433596.102480766,mixed_or_disagreeing
689,1551,108089.81329282,-2433596.102480766,mixed_or_disagreeing
689,1552,109089.81329282,-2433596.102480766,mixed_or_disagreeing
689,1555,112089.81329282,-2433596.102480766,water_agreement_all_years
689,1556,113089.81329282,-2433596.102480766,water_agreement_all_years
689,1557,114089.81329282,-2433596.102480766,mixed_or_disagreeing
689,1558,115089.81329282,-2433596.102480766,water_agreement_all_years
690,1438,-4910.186707179993,-2434596.102480766,water_agreement_all_years
690,1445,2089.8132928200066,-2434596.102480766,mixed_or_disagreeing
690,1471,28089.813292820007,-2434596.102480766,mixed_or_disagreeing
690,1472,29089.813292820007,-2434596.102480766,mixed_or_disagreeing
690,1473,30089.813292820007,-2434596.102480766,mixed_or_disagreeing
690,1474,31089.813292820007,-2434596.102480766,mixed_or_disagreeing
690,1477,34089.81329282001,-2434596.102480766,mixed_or_disagreeing
690,1478,35089.81329282001,-2434596.102480766,mixed_or_disagreeing
690,1479,36089.81329282001,-2434596.102480766,mixed_or_disagreeing
690,1480,37089.81329282001,-2434596.102480766,mixed_or_disagreeing
690,1481,38089.81329282001,-2434596.102480766,mixed_or_disagreeing
690,1482,39089.81329282001,-2434596.102480766,mixed_or_disagreeing
690,1483,40089.81329282001,-2434596.102480766,mixed_or_disagreeing
690,1484,41089.81329282001,-2434596.102480766,mixed_or_disagreeing
690,1485,42089.81329282001,-2434596.102480766,mixed_or_disagreeing
690,1486,43089.81329282001,-2434596.102480766,mixed_or_disagreeing
690,1487,44089.81329282001,-2434596.102480766,mixed_or_disagreeing
690,1488,45089.81329282001,-2434596.102480766,mixed_or_disagreeing
690,1489,46089.81329282001,-2434596.102480766,mixed_or_disagreeing
690,1490,47089.81329282001,-2434596.102480766,mixed_or_disagreeing
690,1491,48089.81329282001,-2434596.102480766,mixed_or_disagreeing
690,1492,49089.81329282001,-2434596.102480766,mixed_or_disagreeing
690,1493,50089.81329282001,-2434596.102480766,mixed_or_disagreeing
690,1494,51089.81329282001,-2434596.102480766,mixed_or_disagreeing
690,1495,52089.81329282001,-2434596.102480766,mixed_or_disagreeing
690,1496,53089.81329282001,-2434596.102480766,water_agreement_all_years
690,1497,54089.81329282001,-2434596.102480766,mixed_or_disagreeing
690,1498,55089.81329282001,-2434596.102480766,mixed_or_disagreeing
690,1499,56089.81329282001,-2434596.102480766,mixed_or_disagreeing
690,1500,57089.81329282001,-2434596.102480766,mixed_or_disagreeing
690,1501,58089.81329282001,-2434596.102480766,mixed_or_disagreeing
690,1502,59089.81329282001,-2434596.102480766,mixed_or_disagreeing
690,1503,60089.81329282001,-2434596.102480766,mixed_or_disagreeing
690,1504,61089.81329282001,-2434596.102480766,mixed_or_disagreeing
690,1505,62089.81329282001,-2434596.102480766,mixed_or_disagreeing
690,1506,63089.81329282001,-2434596.102480766,mixed_or_disagreeing
690,1530,87089.81329282,-2434596.102480766,water_agreement_all_years
690,1531,88089.81329282,-2434596.102480766,mixed_or_disagreeing
690,1532,89089.81329282,-2434596.102480766,mixed_or_disagreeing
690,1533,90089.81329282,-2434596.102480766,mixed_or_disagreeing
690,1534,91089.81329282,-2434596.102480766,mixed_or_disagreeing
690,1535,92089.81329282,-2434596.102480766,mixed_or_disagreeing
690,1536,93089.81329282,-2434596.102480766,mixed_or_disagreeing
690,1537,94089.81329282,-2434596.102480766,mixed_or_disagreeing
690,1538,95089.81329282,-2434596.102480766,mixed_or_disagreeing
690,1539,96089.81329282,-2434596.102480766,mixed_or_disagreeing
690,1540,97089.81329282,-2434596.102480766,mixed_or_disagreeing
690,1541,98089.81329282,-2434596.102480766,mixed_or_disagreeing
690,1542,99089.81329282,-2434596.102480766,mixed_or_disagreeing
690,1543,100089.81329282,-2434596.102480766,mixed_or_disagreeing
690,1544,101089.81329282,-2434596.102480766,mixed_or_disagreeing
690,1545,102089.81329282,-2434596.102480766,mixed_or_disagreeing
690,1546,103089.81329282,-2434596.102480766,water_agreement_all_years
690,1547,104089.81329282,-2434596.102480766,water_agreement_all_years
690,1548,105089.81329282,-2434596.102480766,water_agreement_all_years
690,1549,106089.81329282,-2434596.102480766,mixed_or_disagreeing
690,1550,107089.81329282,-2434596.102480766,mixed_or_disagreeing
690,1551,108089.81329282,-2434596.102480766,mixed_or_disagreeing
690,1552,109089.81329282,-2434596.102480766,mixed_or_disagreeing
690,1553,110089.81329282,-2434596.102480766,mixed_or_disagreeing
690,1554,111089.81329282,-2434596.102480766,mixed_or_disagreeing
690,1555,112089.81329282,-2434596.102480766,mixed_or_disagreeing
690,1556,113089.81329282,-2434596.102480766,mixed_or_disagreeing
690,1557,114089.81329282,-2434596.102480766,mixed_or_disagreeing
690,1558,115089.81329282,-2434596.102480766,water_agreement_all_years
691,1443,89.81329282000661,-2435596.102480766,mixed_or_disagreeing
691,1444,1089.8132928200066,-2435596.102480766,mixed_or_disagreeing
691,1445,2089.8132928200066,-2435596.102480766,mixed_or_disagreeing
691,1475,32089.813292820007,-2435596.102480766,mixed_or_disagreeing
691,1476,33089.81329282001,-2435596.102480766,mixed_or_disagreeing
691,1477,34089.81329282001,-2435596.102480766,mixed_or_disagreeing
691,1478,35089.81329282001,-2435596.102480766,mixed_or_disagreeing
691,1479,36089.81329282001,-2435596.102480766,mixed_or_disagreeing
691,1480,37089.81329282001,-2435596.102480766,mixed_or_disagreeing
691,1481,38089.81329282001,-2435596.102480766,mixed_or_disagreeing
691,1482,39089.81329282001,-2435596.102480766,mixed_or_disagreeing
691,1483,40089.81329282001,-2435596.102480766,mixed_or_disagreeing
691,1484,41089.81329282001,-2435596.102480766,mixed_or_disagreeing
691,1485,42089.81329282001,-2435596.102480766,mixed_or_disagreeing
691,1486,43089.81329282001,-2435596.102480766,mixed_or_disagreeing
691,1487,44089.81329282001,-2435596.102480766,mixed_or_disagreeing
691,1488,45089.81329282001,-2435596.102480766,mixed_or_disagreeing
691,1489,46089.81329282001,-2435596.102480766,mixed_or_disagreeing
691,1490,47089.81329282001,-2435596.102480766,mixed_or_disagreeing
691,1491,48089.81329282001,-2435596.102480766,mixed_or_disagreeing
691,1492,49089.81329282001,-2435596.102480766,mixed_or_disagreeing
691,1493,50089.81329282001,-2435596.102480766,mixed_or_disagreeing
691,1494,51089.81329282001,-2435596.102480766,mixed_or_disagreeing
691,1495,52089.81329282001,-2435596.102480766,mixed_or_disagreeing
691,1496,53089.81329282001,-2435596.102480766,water_agreement_all_years
691,1497,54089.81329282001,-2435596.102480766,water_agreement_all_years
691,1498,55089.81329282001,-2435596.102480766,mixed_or_disagreeing
691,1499,56089.81329282001,-2435596.102480766,water_agreement_all_years
691,1500,57089.81329282001,-2435596.102480766,mixed_or_disagreeing
691,1501,58089.81329282001,-2435596.102480766,mixed_or_disagreeing
691,1502,59089.81329282001,-2435596.102480766,mixed_or_disagreeing
691,1503,60089.81329282001,-2435596.102480766,mixed_or_disagreeing
691,1504,61089.81329282001,-2435596.102480766,mixed_or_disagreeing
691,1505,62089.81329282001,-2435596.102480766,mixed_or_disagreeing
691,1506,63089.81329282001,-2435596.102480766,mixed_or_disagreeing
691,1530,87089.81329282,-2435596.102480766,mixed_or_disagreeing
691,1531,88089.81329282,-2435596.102480766,mixed_or_disagreeing
691,1532,89089.81329282,-2435596.102480766,mixed_or_disagreeing
691,1533,90089.81329282,-2435596.102480766,mixed_or_disagreeing
691,1534,91089.81329282,-2435596.102480766,mixed_or_disagreeing
691,1535,92089.81329282,-2435596.102480766,mixed_or_disagreeing
691,1536,93089.81329282,-2435596.102480766,mixed_or_disagreeing
691,1537,94089.81329282,-2435596.102480766,mixed_or_disagreeing
691,1538,95089.81329282,-2435596.102480766,mixed_or_disagreeing
691,1539,96089.81329282,-2435596.102480766,mixed_or_disagreeing
691,1540,97089.81329282,-2435596.102480766,mixed_or_disagreeing
691,1541,98089.81329282,-2435596.102480766,mixed_or_disagreeing
691,1542,99089.81329282,-2435596.102480766,mixed_or_disagreeing
691,1543,100089.81329282,-2435596.102480766,mixed_or_disagreeing
691,1544,101089.81329282,-2435596.102480766,mixed_or_disagreeing
691,1545,102089.81329282,-2435596.102480766,mixed_or_disagreeing
691,1546,103089.81329282,-2435596.102480766,mixed_or_disagreeing
691,1547,104089.81329282,-2435596.102480766,water_agreement_all_years
691,1548,105089.81329282,-2435596.102480766,mixed_or_disagreeing
691,1549,106089.81329282,-2435596.102480766,mixed_or_disagreeing
691,1550,107089.81329282,-2435596.102480766,mixed_or_disagreeing
691,1551,108089.81329282,-2435596.102480766,mixed_or_disagreeing
691,1552,109089.81329282,-2435596.102480766,mixed_or_disagreeing
691,1553,110089.81329282,-2435596.102480766,mixed_or_disagreeing
691,1554,111089.81329282,-2435596.102480766,mixed_or_disagreeing
691,1555,112089.81329282,-2435596.102480766,mixed_or_disagreeing
691,1556,113089.81329282,-2435596.102480766,mixed_or_disagreeing
691,1557,114089.81329282,-2435596.102480766,mixed_or_disagreeing
691,1558,115089.81329282,-2435596.102480766,mixed_or_disagreeing
691,1559,116089.81329282,-2435596.102480766,mixed_or_disagreeing
692,1441,-1910.1867071799934,-2436596.102480766,mixed_or_disagreeing
692,1442,-910.1867071799934,-2436596.102480766,mixed_or_disagreeing
692,1443,89.81329282000661,-2436596.102480766,mixed_or_disagreeing
692,1444,1089.8132928200066,-2436596.102480766,mixed_or_disagreeing
692,1445,2089.8132928200066,-2436596.102480766,mixed_or_disagreeing
692,1446,3089.8132928200066,-2436596.102480766,mixed_or_disagreeing
692,1475,32089.813292820007,-2436596.102480766,mixed_or_disagreeing
692,1476,33089.81329282001,-2436596.102480766,mixed_or_disagreeing
692,1477,34089.81329282001,-2436596.102480766,mixed_or_disagreeing
692,1478,35089.81329282001,-2436596.102480766,mixed_or_disagreeing
692,1479,36089.81329282001,-2436596.102480766,mixed_or_disagreeing
692,1480,37089.81329282001,-2436596.102480766,mixed_or_disagreeing
692,1481,38089.81329282001,-2436596.102480766,mixed_or_disagreeing
692,1482,39089.81329282001,-2436596.102480766,mixed_or_disagreeing
692,1483,40089.81329282001,-2436596.102480766,mixed_or_disagreeing
692,1484,41089.81329282001,-2436596.102480766,mixed_or_disagreeing
692,1485,42089.81329282001,-2436596.102480766,mixed_or_disagreeing
692,1486,43089.81329282001,-2436596.102480766,mixed_or_disagreeing
692,1487,44089.81329282001,-2436596.102480766,mixed_or_disagreeing
692,1488,45089.81329282001,-2436596.102480766,mixed_or_disagreeing
692,1489,46089.81329282001,-2436596.102480766,mixed_or_disagreeing
692,1490,47089.81329282001,-2436596.102480766,mixed_or_disagreeing
692,1491,48089.81329282001,-2436596.102480766,mixed_or_disagreeing
692,1492,49089.81329282001,-2436596.102480766,mixed_or_disagreeing
692,1493,50089.81329282001,-2436596.102480766,mixed_or_disagreeing
692,1494,51089.81329282001,-2436596.102480766,mixed_or_disagreeing
692,1495,52089.81329282001,-2436596.102480766,mixed_or_disagreeing
692,1496,53089.81329282001,-2436596.102480766,water_agreement_all_years
692,1497,54089.81329282001,-2436596.102480766,water_agreement_all_years
692,1498,55089.81329282001,-2436596.102480766,mixed_or_disagreeing
692,1499,56089.81329282001,-2436596.102480766,mixed_or_disagreeing
692,1500,57089.81329282001,-2436596.102480766,mixed_or_disagreeing
692,1501,58089.81329282001,-2436596.102480766,mixed_or_disagreeing
692,1502,59089.81329282001,-2436596.102480766,mixed_or_disagreeing
692,1503,60089.81329282001,-2436596.102480766,mixed_or_disagreeing
692,1504,61089.81329282001,-2436596.102480766,mixed_or_disagreeing
692,1505,62089.81329282001,-2436596.102480766,mixed_or_disagreeing
692,1506,63089.81329282001,-2436596.102480766,mixed_or_disagreeing
692,1530,87089.81329282,-2436596.102480766,mixed_or_disagreeing
692,1531,88089.81329282,-2436596.102480766,mixed_or_disagreeing
692,1532,89089.81329282,-2436596.102480766,mixed_or_disagreeing
692,1533,90089.81329282,-2436596.102480766,mixed_or_disagreeing
692,1534,91089.81329282,-2436596.102480766,mixed_or_disagreeing
692,1535,92089.81329282,-2436596.102480766,mixed_or_disagreeing
692,1536,93089.81329282,-2436596.102480766,mixed_or_disagreeing
692,1537,94089.81329282,-2436596.102480766,mixed_or_disagreeing
692,1538,95089.81329282,-2436596.102480766,mixed_or_disagreeing
692,1539,96089.81329282,-2436596.102480766,mixed_or_disagreeing
692,1540,97089.81329282,-2436596.102480766,mixed_or_disagreeing
692,1541,98089.81329282,-2436596.102480766,mixed_or_disagreeing
692,1542,99089.81329282,-2436596.102480766,mixed_or_disagreeing
692,1543,100089.81329282,-2436596.102480766,mixed_or_disagreeing
692,1544,101089.81329282,-2436596.102480766,mixed_or_disagreeing
692,1545,102089.81329282,-2436596.102480766,mixed_or_disagreeing
692,1546,103089.81329282,-2436596.102480766,water_agreement_all_years
692,1547,104089.81329282,-2436596.102480766,mixed_or_disagreeing
692,1548,105089.81329282,-2436596.102480766,mixed_or_disagreeing
692,1549,106089.81329282,-2436596.102480766,mixed_or_disagreeing
692,1550,107089.81329282,-2436596.102480766,mixed_or_disagreeing
692,1551,108089.81329282,-2436596.102480766,mixed_or_disagreeing
692,1552,109089.81329282,-2436596.102480766,mixed_or_disagreeing
692,1553,110089.81329282,-2436596.102480766,mixed_or_disagreeing
692,1554,111089.81329282,-2436596.102480766,mixed_or_disagreeing
692,1555,112089.81329282,-2436596.102480766,mixed_or_disagreeing
692,1556,113089.81329282,-2436596.102480766,mixed_or_disagreeing
692,1557,114089.81329282,-2436596.102480766,mixed_or_disagreeing
692,1558,115089.81329282,-2436596.102480766,mixed_or_disagreeing
692,1559,116089.81329282,-2436596.102480766,water_agreement_all_years
692,1560,117089.81329282,-2436596.102480766,water_agreement_all_years
692,1561,118089.81329282,-2436596.102480766,water_agreement_all_years
693,1441,-1910.1867071799934,-2437596.102480766,mixed_or_disagreeing
693,1442,-910.1867071799934,-2437596.102480766,mixed_or_disagreeing
693,1443,89.81329282000661,-2437596.102480766,mixed_or_disagreeing
693,1444,1089.8132928200066,-2437596.102480766,mixed_or_disagreeing
693,1445,2089.8132928200066,-2437596.102480766,mixed_or_disagreeing
693,1446,3089.8132928200066,-2437596.102480766,mixed_or_disagreeing
693,1447,4089.8132928200066,-2437596.102480766,mixed_or_disagreeing
693,1475,32089.813292820007,-2437596.102480766,mixed_or_disagreeing
693,1476,33089.81329282001,-2437596.102480766,mixed_or_disagreeing
693,1477,34089.81329282001,-2437596.102480766,mixed_or_disagreeing
693,1478,35089.81329282001,-2437596.102480766,mixed_or_disagreeing
693,1479,36089.81329282001,-2437596.102480766,mixed_or_disagreeing
693,1480,37089.81329282001,-2437596.102480766,mixed_or_disagreeing
693,1481,38089.81329282001,-2437596.102480766,mixed_or_disagreeing
693,1482,39089.81329282001,-2437596.102480766,mixed_or_disagreeing
693,1483,40089.81329282001,-2437596.102480766,mixed_or_disagreeing
693,1484,41089.81329282001,-2437596.102480766,mixed_or_disagreeing
693,1485,42089.81329282001,-2437596.102480766,mixed_or_disagreeing
693,1486,43089.81329282001,-2437596.102480766,mixed_or_disagreeing
693,1487,44089.81329282001,-2437596.102480766,mixed_or_disagreeing
693,1488,45089.81329282001,-2437596.102480766,mixed_or_disagreeing
693,1489,46089.81329282001,-2437596.102480766,mixed_or_disagreeing
693,1490,47089.81329282001,-2437596.102480766,mixed_or_disagreeing
693,1491,48089.81329282001,-2437596.102480766,mixed_or_disagreeing
693,1492,49089.81329282001,-2437596.102480766,mixed_or_disagreeing
693,1493,50089.81329282001,-2437596.102480766,mixed_or_disagreeing
693,1494,51089.81329282001,-2437596.102480766,mixed_or_disagreeing
693,1495,52089.81329282001,-2437596.102480766,mixed_or_disagreeing
693,1496,53089.81329282001,-2437596.102480766,mixed_or_disagreeing
693,1497,54089.81329282001,-2437596.102480766,mixed_or_disagreeing
693,1498,55089.81329282001,-2437596.102480766,mixed_or_disagreeing
693,1499,56089.81329282001,-2437596.102480766,mixed_or_disagreeing
693,1500,57089.81329282001,-2437596.102480766,mixed_or_disagreeing
693,1501,58089.81329282001,-2437596.102480766,mixed_or_disagreeing
693,1502,59089.81329282001,-2437596.102480766,mixed_or_disagreeing
693,1503,60089.81329282001,-2437596.102480766,mixed_or_disagreeing
693,1504,61089.81329282001,-2437596.102480766,mixed_or_disagreeing
693,1505,62089.81329282001,-2437596.102480766,mixed_or_disagreeing
693,1506,63089.81329282001,-2437596.102480766,mixed_or_disagreeing
693,1529,86089.81329282,-2437596.102480766,mixed_or_disagreeing
693,1530,87089.81329282,-2437596.102480766,mixed_or_disagreeing
693,1531,88089.81329282,-2437596.102480766,mixed_or_disagreeing
693,1532,89089.81329282,-2437596.102480766,mixed_or_disagreeing
693,1533,90089.81329282,-2437596.102480766,mixed_or_disagreeing
693,1534,91089.81329282,-2437596.102480766,mixed_or_disagreeing
693,1535,92089.81329282,-2437596.102480766,mixed_or_disagreeing
693,1536,93089.81329282,-2437596.102480766,mixed_or_disagreeing
693,1537,94089.81329282,-2437596.102480766,mixed_or_disagreeing
693,1538,95089.81329282,-2437596.102480766,mixed_or_disagreeing
693,1539,96089.81329282,-2437596.102480766,mixed_or_disagreeing
693,1540,97089.81329282,-2437596.102480766,mixed_or_disagreeing
693,1541,98089.81329282,-2437596.102480766,mixed_or_disagreeing
693,1542,99089.81329282,-2437596.102480766,mixed_or_disagreeing
693,1543,100089.81329282,-2437596.102480766,mixed_or_disagreeing
693,1544,101089.81329282,-2437596.102480766,mixed_or_disagreeing
693,1545,102089.81329282,-2437596.102480766,mixed_or_disagreeing
693,1546,103089.81329282,-2437596.102480766,mixed_or_disagreeing
693,1547,104089.81329282,-2437596.102480766,water_agreement_all_years
693,1548,105089.81329282,-2437596.102480766,water_agreement_all_years
693,1549,106089.81329282,-2437596.102480766,mixed_or_disagreeing
693,1550,107089.81329282,-2437596.102480766,mixed_or_disagreeing
693,1551,108089.81329282,-2437596.102480766,mixed_or_disagreeing
693,1552,109089.81329282,-2437596.102480766,mixed_or_disagreeing
693,1553,110089.81329282,-2437596.102480766,mixed_or_disagreeing
693,1554,111089.81329282,-2437596.102480766,mixed_or_disagreeing
693,1555,112089.81329282,-2437596.102480766,mixed_or_disagreeing
693,1556,113089.81329282,-2437596.102480766,mixed_or_disagreeing
693,1557,114089.81329282,-2437596.102480766,mixed_or_disagreeing
693,1558,115089.81329282,-2437596.102480766,mixed_or_disagreeing
693,1559,116089.81329282,-2437596.102480766,mixed_or_disagreeing
693,1560,117089.81329282,-2437596.102480766,water_agreement_all_years
693,1561,118089.81329282,-2437596.102480766,water_agreement_all_years
693,1562,119089.81329282,-2437596.102480766,mixed_or_disagreeing
694,1442,-910.1867071799934,-2438596.102480766,mixed_or_disagreeing
694,1443,89.81329282000661,-2438596.102480766,mixed_or_disagreeing
694,1444,1089.8132928200066,-2438596.102480766,land_agreement_all_years
694,1445,2089.8132928200066,-2438596.102480766,land_agreement_all_years
694,1446,3089.8132928200066,-2438596.102480766,mixed_or_disagreeing
694,1447,4089.8132928200066,-2438596.102480766,mixed_or_disagreeing
694,1448,5089.813292820007,-2438596.102480766,mixed_or_disagreeing
694,1479,36089.81329282001,-2438596.102480766,mixed_or_disagreeing
694,1480,37089.81329282001,-2438596.102480766,mixed_or_disagreeing
694,1481,38089.81329282001,-2438596.102480766,mixed_or_disagreeing
694,1482,39089.81329282001,-2438596.102480766,mixed_or_disagreeing
694,1483,40089.81329282001,-2438596.102480766,mixed_or_disagreeing
694,1484,41089.81329282001,-2438596.102480766,mixed_or_disagreeing
694,1485,42089.81329282001,-2438596.102480766,mixed_or_disagreeing
694,1488,45089.81329282001,-2438596.102480766,mixed_or_disagreeing
694,1489,46089.81329282001,-2438596.102480766,mixed_or_disagreeing
694,1490,47089.81329282001,-2438596.102480766,mixed_or_disagreeing
694,1491,48089.81329282001,-2438596.102480766,mixed_or_disagreeing
694,1496,53089.81329282001,-2438596.102480766,mixed_or_disagreeing
694,1497,54089.81329282001,-2438596.102480766,mixed_or_disagreeing
694,1498,55089.81329282001,-2438596.102480766,mixed_or_disagreeing
694,1499,56089.81329282001,-2438596.102480766,mixed_or_disagreeing
694,1500,57089.81329282001,-2438596.102480766,mixed_or_disagreeing
694,1501,58089.81329282001,-2438596.102480766,mixed_or_disagreeing
694,1502,59089.81329282001,-2438596.102480766,mixed_or_disagreeing
694,1503,60089.81329282001,-2438596.102480766,mixed_or_disagreeing
694,1504,61089.81329282001,-2438596.102480766,mixed_or_disagreeing
694,1505,62089.81329282001,-2438596.102480766,mixed_or_disagreeing
694,1506,63089.81329282001,-2438596.102480766,mixed_or_disagreeing
694,1528,85089.81329282,-2438596.102480766,mixed_or_disagreeing
694,1529,86089.81329282,-2438596.102480766,mixed_or_disagreeing
694,1530,87089.81329282,-2438596.102480766,mixed_or_disagreeing
694,1531,88089.81329282,-2438596.102480766,mixed_or_disagreeing
694,1532,89089.81329282,-2438596.102480766,mixed_or_disagreeing
694,1533,90089.81329282,-2438596.102480766,mixed_or_disagreeing
694,1534,91089.81329282,-2438596.102480766,mixed_or_disagreeing
694,1535,92089.81329282,-2438596.102480766,mixed_or_disagreeing
694,1536,93089.81329282,-2438596.102480766,mixed_or_disagreeing
694,1537,94089.81329282,-2438596.102480766,mixed_or_disagreeing
694,1538,95089.81329282,-2438596.102480766,mixed_or_disagreeing
694,1539,96089.81329282,-2438596.102480766,mixed_or_disagreeing
694,1540,97089.81329282,-2438596.102480766,mixed_or_disagreeing
694,1541,98089.81329282,-2438596.102480766,mixed_or_disagreeing
694,1542,99089.81329282,-2438596.102480766,mixed_or_disagreeing
694,1543,100089.81329282,-2438596.102480766,mixed_or_disagreeing
694,1544,101089.81329282,-2438596.102480766,mixed_or_disagreeing
694,1545,102089.81329282,-2438596.102480766,mixed_or_disagreeing
694,1546,103089.81329282,-2438596.102480766,mixed_or_disagreeing
694,1547,104089.81329282,-2438596.102480766,water_agreement_all_years
694,1548,105089.81329282,-2438596.102480766,mixed_or_disagreeing
694,1549,106089.81329282,-2438596.102480766,mixed_or_disagreeing
694,1550,107089.81329282,-2438596.102480766,mixed_or_disagreeing
694,1551,108089.81329282,-2438596.102480766,water_agreement_all_years
694,1552,109089.81329282,-2438596.102480766,mixed_or_disagreeing
694,1553,110089.81329282,-2438596.102480766,mixed_or_disagreeing
694,1554,111089.81329282,-2438596.102480766,mixed_or_disagreeing
694,1555,112089.81329282,-2438596.102480766,mixed_or_disagreeing
694,1556,113089.81329282,-2438596.102480766,mixed_or_disagreeing
694,1557,114089.81329282,-2438596.102480766,mixed_or_disagreeing
694,1558,115089.81329282,-2438596.102480766,mixed_or_disagreeing
694,1559,116089.81329282,-2438596.102480766,mixed_or_disagreeing
694,1560,117089.81329282,-2438596.102480766,water_agreement_all_years
694,1561,118089.81329282,-2438596.102480766,water_agreement_all_years
694,1562,119089.81329282,-2438596.102480766,water_agreement_all_years
694,1567,124089.81329282,-2438596.102480766,mixed_or_disagreeing
694,1568,125089.81329282,-2438596.102480766,mixed_or_disagreeing
695,1440,-2910.1867071799934,-2439596.102480766,mixed_or_disagreeing
695,1442,-910.1867071799934,-2439596.102480766,mixed_or_disagreeing
695,1443,89.81329282000661,-2439596.102480766,mixed_or_disagreeing
695,1444,1089.8132928200066,-2439596.102480766,mixed_or_disagreeing
695,1447,4089.8132928200066,-2439596.102480766,mixed_or_disagreeing
695,1448,5089.813292820007,-2439596.102480766,mixed_or_disagreeing
695,1482,39089.81329282001,-2439596.102480766,mixed_or_disagreeing
695,1483,40089.81329282001,-2439596.102480766,mixed_or_disagreeing
695,1485,42089.81329282001,-2439596.102480766,mixed_or_disagreeing
695,1488,45089.81329282001,-2439596.102480766,mixed_or_disagreeing
695,1489,46089.81329282001,-2439596.102480766,mixed_or_disagreeing
695,1496,53089.81329282001,-2439596.102480766,mixed_or_disagreeing
695,1497,54089.81329282001,-2439596.102480766,mixed_or_disagreeing
695,1498,55089.81329282001,-2439596.102480766,mixed_or_disagreeing
695,1499,56089.81329282001,-2439596.102480766,mixed_or_disagreeing
695,1500,57089.81329282001,-2439596.102480766,mixed_or_disagreeing
695,1501,58089.81329282001,-2439596.102480766,mixed_or_disagreeing
695,1502,59089.81329282001,-2439596.102480766,mixed_or_disagreeing
695,1503,60089.81329282001,-2439596.102480766,mixed_or_disagreeing
695,1504,61089.81329282001,-2439596.102480766,mixed_or_disagreeing
695,1505,62089.81329282001,-2439596.102480766,mixed_or_disagreeing
695,1506,63089.81329282001,-2439596.102480766,mixed_or_disagreeing
695,1507,64089.81329282001,-2439596.102480766,mixed_or_disagreeing
695,1531,88089.81329282,-2439596.102480766,mixed_or_disagreeing
695,1532,89089.81329282,-2439596.102480766,mixed_or_disagreeing
695,1533,90089.81329282,-2439596.102480766,mixed_or_disagreeing
695,1534,91089.81329282,-2439596.102480766,mixed_or_disagreeing
695,1535,92089.81329282,-2439596.102480766,mixed_or_disagreeing
695,1536,93089.81329282,-2439596.102480766,mixed_or_disagreeing
695,1537,94089.81329282,-2439596.102480766,mixed_or_disagreeing
695,1538,95089.81329282,-2439596.102480766,mixed_or_disagreeing
695,1539,96089.81329282,-2439596.102480766,mixed_or_disagreeing
695,1540,97089.81329282,-2439596.102480766,mixed_or_disagreeing
695,1541,98089.81329282,-2439596.102480766,mixed_or_disagreeing
695,1542,99089.81329282,-2439596.102480766,mixed_or_disagreeing
695,1543,100089.81329282,-2439596.102480766,mixed_or_disagreeing
695,1544,101089.81329282,-2439596.102480766,mixed_or_disagreeing
695,1545,102089.81329282,-2439596.102480766,mixed_or_disagreeing
695,1546,103089.81329282,-2439596.102480766,mixed_or_disagreeing
695,1547,104089.81329282,-2439596.102480766,water_agreement_all_years
695,1548,105089.81329282,-2439596.102480766,mixed_or_disagreeing
695,1549,106089.81329282,-2439596.102480766,mixed_or_disagreeing
695,1550,107089.81329282,-2439596.102480766,mixed_or_disagreeing
695,1551,108089.81329282,-2439596.102480766,mixed_or_disagreeing
695,1552,109089.81329282,-2439596.102480766,water_agreement_all_years
695,1553,110089.81329282,-2439596.102480766,mixed_or_disagreeing
695,1554,111089.81329282,-2439596.102480766,mixed_or_disagreeing
695,1555,112089.81329282,-2439596.102480766,mixed_or_disagreeing
695,1556,113089.81329282,-2439596.102480766,mixed_or_disagreeing
695,1557,114089.81329282,-2439596.102480766,mixed_or_disagreeing
695,1558,115089.81329282,-2439596.102480766,mixed_or_disagreeing
695,1559,116089.81329282,-2439596.102480766,mixed_or_disagreeing
695,1560,117089.81329282,-2439596.102480766,mixed_or_disagreeing
695,1561,118089.81329282,-2439596.102480766,mixed_or_disagreeing
695,1562,119089.81329282,-2439596.102480766,water_agreement_all_years
695,1563,120089.81329282,-2439596.102480766,mixed_or_disagreeing
695,1566,123089.81329282,-2439596.102480766,mixed_or_disagreeing
695,1567,124089.81329282,-2439596.102480766,water_agreement_all_years
695,1568,125089.81329282,-2439596.102480766,mixed_or_disagreeing
695,1569,126089.81329282,-2439596.102480766,mixed_or_disagreeing
695,1570,127089.81329282,-2439596.102480766,mixed_or_disagreeing
695,1571,128089.81329282,-2439596.102480766,mixed_or_disagreeing
695,1572,129089.81329282,-2439596.102480766,mixed_or_disagreeing
695,1573,130089.81329282,-2439596.102480766,mixed_or_disagreeing
696,1438,-4910.186707179993,-2440596.102480766,mixed_or_disagreeing
696,1439,-3910.1867071799934,-2440596.102480766,mixed_or_disagreeing
696,1440,-2910.1867071799934,-2440596.102480766,mixed_or_disagreeing
696,1441,-1910.1867071799934,-2440596.102480766,mixed_or_disagreeing
696,1442,-910.1867071799934,-2440596.102480766,mixed_or_disagreeing
696,1443,89.81329282000661,-2440596.102480766,mixed_or_disagreeing
696,1444,1089.8132928200066,-2440596.102480766,mixed_or_disagreeing
696,1445,2089.8132928200066,-2440596.102480766,mixed_or_disagreeing
696,1446,3089.8132928200066,-2440596.102480766,mixed_or_disagreeing
696,1447,4089.8132928200066,-2440596.102480766,mixed_or_disagreeing
696,1448,5089.813292820007,-2440596.102480766,mixed_or_disagreeing
696,1449,6089.813292820007,-2440596.102480766,mixed_or_disagreeing
696,1496,53089.81329282001,-2440596.102480766,mixed_or_disagreeing
696,1497,54089.81329282001,-2440596.102480766,mixed_or_disagreeing
696,1498,55089.81329282001,-2440596.102480766,mixed_or_disagreeing
696,1499,56089.81329282001,-2440596.102480766,mixed_or_disagreeing
696,1500,57089.81329282001,-2440596.102480766,water_agreement_all_years
696,1501,58089.81329282001,-2440596.102480766,mixed_or_disagreeing
696,1502,59089.81329282001,-2440596.102480766,mixed_or_disagreeing
696,1503,60089.81329282001,-2440596.102480766,mixed_or_disagreeing
696,1504,61089.81329282001,-2440596.102480766,mixed_or_disagreeing
696,1505,62089.81329282001,-2440596.102480766,mixed_or_disagreeing
696,1506,63089.81329282001,-2440596.102480766,mixed_or_disagreeing
696,1507,64089.81329282001,-2440596.102480766,mixed_or_disagreeing
696,1531,88089.81329282,-2440596.102480766,mixed_or_disagreeing
696,1532,89089.81329282,-2440596.102480766,mixed_or_disagreeing
696,1533,90089.81329282,-2440596.102480766,mixed_or_disagreeing
696,1534,91089.81329282,-2440596.102480766,mixed_or_disagreeing
696,1535,92089.81329282,-2440596.102480766,mixed_or_disagreeing
696,1536,93089.81329282,-2440596.102480766,mixed_or_disagreeing
696,1537,94089.81329282,-2440596.102480766,mixed_or_disagreeing
696,1538,95089.81329282,-2440596.102480766,mixed_or_disagreeing
696,1539,96089.81329282,-2440596.102480766,mixed_or_disagreeing
696,1540,97089.81329282,-2440596.102480766,mixed_or_disagreeing
696,1541,98089.81329282,-2440596.102480766,mixed_or_disagreeing
696,1542,99089.81329282,-2440596.102480766,mixed_or_disagreeing
696,1543,100089.81329282,-2440596.102480766,mixed_or_disagreeing
696,1544,101089.81329282,-2440596.102480766,mixed_or_disagreeing
696,1545,102089.81329282,-2440596.102480766,water_agreement_all_years
696,1546,103089.81329282,-2440596.102480766,water_agreement_all_years
696,1547,104089.81329282,-2440596.102480766,mixed_or_disagreeing
696,1548,105089.81329282,-2440596.102480766,mixed_or_disagreeing
696,1549,106089.81329282,-2440596.102480766,mixed_or_disagreeing
696,1550,107089.81329282,-2440596.102480766,mixed_or_disagreeing
696,1551,108089.81329282,-2440596.102480766,mixed_or_disagreeing
696,1552,109089.81329282,-2440596.102480766,water_agreement_all_years
696,1553,110089.81329282,-2440596.102480766,water_agreement_all_years
696,1554,111089.81329282,-2440596.102480766,water_agreement_all_years
696,1555,112089.81329282,-2440596.102480766,mixed_or_disagreeing
696,1556,113089.81329282,-2440596.102480766,mixed_or_disagreeing
696,1557,114089.81329282,-2440596.102480766,mixed_or_disagreeing
696,1558,115089.81329282,-2440596.102480766,mixed_or_disagreeing
696,1559,116089.81329282,-2440596.102480766,mixed_or_disagreeing
696,1560,117089.81329282,-2440596.102480766,mixed_or_disagreeing
696,1561,118089.81329282,-2440596.102480766,mixed_or_disagreeing
696,1562,119089.81329282,-2440596.102480766,mixed_or_disagreeing
696,1563,120089.81329282,-2440596.102480766,mixed_or_disagreeing
696,1568,125089.81329282,-2440596.102480766,mixed_or_disagreeing
696,1569,126089.81329282,-2440596.102480766,mixed_or_disagreeing
696,1570,127089.81329282,-2440596.102480766,mixed_or_disagreeing
696,1571,128089.81329282,-2440596.102480766,mixed_or_disagreeing
696,1572,129089.81329282,-2440596.102480766,mixed_or_disagreeing
697,1438,-4910.186707179993,-2441596.102480766,mixed_or_disagreeing
697,1439,-3910.1867071799934,-2441596.102480766,mixed_or_disagreeing
697,1440,-2910.1867071799934,-2441596.102480766,mixed_or_disagreeing
697,1441,-1910.1867071799934,-2441596.102480766,mixed_or_disagreeing
697,1442,-910.1867071799934,-2441596.102480766,mixed_or_disagreeing
697,1443,89.81329282000661,-2441596.102480766,mixed_or_disagreeing
697,1444,1089.8132928200066,-2441596.102480766,mixed_or_disagreeing
697,1445,2089.8132928200066,-2441596.102480766,mixed_or_disagreeing
697,1446,3089.8132928200066,-2441596.102480766,mixed_or_disagreeing
697,1447,4089.8132928200066,-2441596.102480766,mixed_or_disagreeing
697,1448,5089.813292820007,-2441596.102480766,mixed_or_disagreeing
697,1449,6089.813292820007,-2441596.102480766,mixed_or_disagreeing
697,1496,53089.81329282001,-2441596.102480766,mixed_or_disagreeing
697,1497,54089.81329282001,-2441596.102480766,mixed_or_disagreeing
697,1498,55089.81329282001,-2441596.102480766,mixed_or_disagreeing
697,1499,56089.81329282001,-2441596.102480766,mixed_or_disagreeing
697,1500,57089.81329282001,-2441596.102480766,mixed_or_disagreeing
697,1501,58089.81329282001,-2441596.102480766,mixed_or_disagreeing
697,1502,59089.81329282001,-2441596.102480766,mixed_or_disagreeing
697,1503,60089.81329282001,-2441596.102480766,mixed_or_disagreeing
697,1504,61089.81329282001,-2441596.102480766,mixed_or_disagreeing
697,1505,62089.81329282001,-2441596.102480766,mixed_or_disagreeing
697,1506,63089.81329282001,-2441596.102480766,mixed_or_disagreeing
697,1507,64089.81329282001,-2441596.102480766,mixed_or_disagreeing
697,1523,80089.81329282,-2441596.102480766,mixed_or_disagreeing
697,1524,81089.81329282,-2441596.102480766,mixed_or_disagreeing
697,1530,87089.81329282,-2441596.102480766,mixed_or_disagreeing
697,1531,88089.81329282,-2441596.102480766,mixed_or_disagreeing
697,1532,89089.81329282,-2441596.102480766,mixed_or_disagreeing
697,1533,90089.81329282,-2441596.102480766,mixed_or_disagreeing
697,1534,91089.81329282,-2441596.102480766,mixed_or_disagreeing
697,1535,92089.81329282,-2441596.102480766,mixed_or_disagreeing
697,1536,93089.81329282,-2441596.102480766,mixed_or_disagreeing
697,1537,94089.81329282,-2441596.102480766,mixed_or_disagreeing
697,1538,95089.81329282,-2441596.102480766,mixed_or_disagreeing
697,1539,96089.81329282,-2441596.102480766,mixed_or_disagreeing
697,1540,97089.81329282,-2441596.102480766,mixed_or_disagreeing
697,1541,98089.81329282,-2441596.102480766,mixed_or_disagreeing
697,1542,99089.81329282,-2441596.102480766,mixed_or_disagreeing
697,1543,100089.81329282,-2441596.102480766,mixed_or_disagreeing
697,1544,101089.81329282,-2441596.102480766,mixed_or_disagreeing
697,1545,102089.81329282,-2441596.102480766,mixed_or_disagreeing
697,1546,103089.81329282,-2441596.102480766,mixed_or_disagreeing
697,1547,104089.81329282,-2441596.102480766,mixed_or_disagreeing
697,1548,105089.81329282,-2441596.102480766,mixed_or_disagreeing
697,1549,106089.81329282,-2441596.102480766,mixed_or_disagreeing
697,1550,107089.81329282,-2441596.102480766,mixed_or_disagreeing
697,1551,108089.81329282,-2441596.102480766,mixed_or_disagreeing
697,1552,109089.81329282,-2441596.102480766,mixed_or_disagreeing
697,1553,110089.81329282,-2441596.102480766,mixed_or_disagreeing
697,1554,111089.81329282,-2441596.102480766,water_agreement_all_years
697,1555,112089.81329282,-2441596.102480766,water_agreement_all_years
697,1556,113089.81329282,-2441596.102480766,mixed_or_disagreeing
697,1557,114089.81329282,-2441596.102480766,mixed_or_disagreeing
697,1558,115089.81329282,-2441596.102480766,mixed_or_disagreeing
697,1559,116089.81329282,-2441596.102480766,mixed_or_disagreeing
697,1560,117089.81329282,-2441596.102480766,mixed_or_disagreeing
697,1561,118089.81329282,-2441596.102480766,mixed_or_disagreeing
697,1562,119089.81329282,-2441596.102480766,mixed_or_disagreeing
697,1563,120089.81329282,-2441596.102480766,water_agreement_all_years
697,1564,121089.81329282,-2441596.102480766,mixed_or_disagreeing
697,1569,126089.81329282,-2441596.102480766,mixed_or_disagreeing
697,1570,127089.81329282,-2441596.102480766,mixed_or_disagreeing
697,1571,128089.81329282,-2441596.102480766,mixed_or_disagreeing
697,1572,129089.81329282,-2441596.102480766,mixed_or_disagreeing
698,1438,-4910.186707179993,-2442596.102480766,mixed_or_disagreeing
698,1439,-3910.1867071799934,-2442596.102480766,mixed_or_disagreeing
698,1440,-2910.1867071799934,-2442596.102480766,mixed_or_disagreeing
698,1441,-1910.1867071799934,-2442596.102480766,mixed_or_disagreeing
698,1442,-910.1867071799934,-2442596.102480766,mixed_or_disagreeing
698,1445,2089.8132928200066,-2442596.102480766,mixed_or_disagreeing
698,1446,3089.8132928200066,-2442596.102480766,mixed_or_disagreeing
698,1447,4089.8132928200066,-2442596.102480766,mixed_or_disagreeing
698,1448,5089.813292820007,-2442596.102480766,mixed_or_disagreeing
698,1451,8089.813292820007,-2442596.102480766,mixed_or_disagreeing
698,1480,37089.81329282001,-2442596.102480766,mixed_or_disagreeing
698,1481,38089.81329282001,-2442596.102480766,mixed_or_disagreeing
698,1482,39089.81329282001,-2442596.102480766,mixed_or_disagreeing
698,1495,52089.81329282001,-2442596.102480766,mixed_or_disagreeing
698,1496,53089.81329282001,-2442596.102480766,mixed_or_disagreeing
698,1497,54089.81329282001,-2442596.102480766,mixed_or_disagreeing
698,1498,55089.81329282001,-2442596.102480766,mixed_or_disagreeing
698,1499,56089.81329282001,-2442596.102480766,mixed_or_disagreeing
698,1500,57089.81329282001,-2442596.102480766,mixed_or_disagreeing
698,1501,58089.81329282001,-2442596.102480766,mixed_or_disagreeing
698,1502,59089.81329282001,-2442596.102480766,mixed_or_disagreeing
698,1503,60089.81329282001,-2442596.102480766,mixed_or_disagreeing
698,1504,61089.81329282001,-2442596.102480766,mixed_or_disagreeing
698,1505,62089.81329282001,-2442596.102480766,mixed_or_disagreeing
698,1506,63089.81329282001,-2442596.102480766,mixed_or_disagreeing
698,1507,64089.81329282001,-2442596.102480766,mixed_or_disagreeing
698,1518,75089.81329282,-2442596.102480766,mixed_or_disagreeing
698,1524,81089.81329282,-2442596.102480766,mixed_or_disagreeing
698,1529,86089.81329282,-2442596.102480766,mixed_or_disagreeing
698,1530,87089.81329282,-2442596.102480766,mixed_or_disagreeing
698,1531,88089.81329282,-2442596.102480766,mixed_or_disagreeing
698,1532,89089.81329282,-2442596.102480766,mixed_or_disagreeing
698,1533,90089.81329282,-2442596.102480766,mixed_or_disagreeing
698,1534,91089.81329282,-2442596.102480766,mixed_or_disagreeing
698,1535,92089.81329282,-2442596.102480766,mixed_or_disagreeing
698,1536,93089.81329282,-2442596.102480766,mixed_or_disagreeing
698,1537,94089.81329282,-2442596.102480766,mixed_or_disagreeing
698,1538,95089.81329282,-2442596.102480766,mixed_or_disagreeing
698,1539,96089.81329282,-2442596.102480766,mixed_or_disagreeing
698,1540,97089.81329282,-2442596.102480766,mixed_or_disagreeing
698,1541,98089.81329282,-2442596.102480766,mixed_or_disagreeing
698,1542,99089.81329282,-2442596.102480766,mixed_or_disagreeing
698,1543,100089.81329282,-2442596.102480766,mixed_or_disagreeing
698,1544,101089.81329282,-2442596.102480766,mixed_or_disagreeing
698,1545,102089.81329282,-2442596.102480766,water_agreement_all_years
698,1546,103089.81329282,-2442596.102480766,water_agreement_all_years
698,1547,104089.81329282,-2442596.102480766,water_agreement_all_years
698,1548,105089.81329282,-2442596.102480766,mixed_or_disagreeing
698,1549,106089.81329282,-2442596.102480766,mixed_or_disagreeing
698,1550,107089.81329282,-2442596.102480766,mixed_or_disagreeing
698,1551,108089.81329282,-2442596.102480766,mixed_or_disagreeing
698,1552,109089.81329282,-2442596.102480766,mixed_or_disagreeing
698,1553,110089.81329282,-2442596.102480766,mixed_or_disagreeing
698,1554,111089.81329282,-2442596.102480766,mixed_or_disagreeing
698,1555,112089.81329282,-2442596.102480766,mixed_or_disagreeing
698,1556,113089.81329282,-2442596.102480766,mixed_or_disagreeing
698,1557,114089.81329282,-2442596.102480766,mixed_or_disagreeing
698,1558,115089.81329282,-2442596.102480766,mixed_or_disagreeing
698,1559,116089.81329282,-2442596.102480766,mixed_or_disagreeing
698,1560,117089.81329282,-2442596.102480766,mixed_or_disagreeing
698,1561,118089.81329282,-2442596.102480766,mixed_or_disagreeing
698,1562,119089.81329282,-2442596.102480766,mixed_or_disagreeing
698,1563,120089.81329282,-2442596.102480766,mixed_or_disagreeing
698,1564,121089.81329282,-2442596.102480766,water_agreement_all_years
698,1565,122089.81329282,-2442596.102480766,water_agreement_all_years
698,1569,126089.81329282,-2442596.102480766,water_agreement_all_years
698,1570,127089.81329282,-2442596.102480766,water_agreement_all_years
698,1571,128089.81329282,-2442596.102480766,water_agreement_all_years
698,1572,129089.81329282,-2442596.102480766,mixed_or_disagreeing
699,1440,-2910.1867071799934,-2443596.102480766,mixed_or_disagreeing
699,1442,-910.1867071799934,-2443596.102480766,mixed_or_disagreeing
699,1445,2089.8132928200066,-2443596.102480766,mixed_or_disagreeing
699,1446,3089.8132928200066,-2443596.102480766,mixed_or_disagreeing
699,1447,4089.8132928200066,-2443596.102480766,mixed_or_disagreeing
699,1448,5089.813292820007,-2443596.102480766,mixed_or_disagreeing
699,1452,9089.813292820007,-2443596.102480766,mixed_or_disagreeing
699,1456,13089.813292820007,-2443596.102480766,mixed_or_disagreeing
699,1479,36089.81329282001,-2443596.102480766,mixed_or_disagreeing
699,1480,37089.81329282001,-2443596.102480766,mixed_or_disagreeing
699,1482,39089.81329282001,-2443596.102480766,mixed_or_disagreeing
699,1495,52089.81329282001,-2443596.102480766,land_agreement_all_years
699,1496,53089.81329282001,-2443596.102480766,mixed_or_disagreeing
699,1497,54089.81329282001,-2443596.102480766,mixed_or_disagreeing
699,1498,55089.81329282001,-2443596.102480766,mixed_or_disagreeing
699,1499,56089.81329282001,-2443596.102480766,mixed_or_disagreeing
699,1500,57089.81329282001,-2443596.102480766,mixed_or_disagreeing
699,1501,58089.81329282001,-2443596.102480766,mixed_or_disagreeing
699,1502,59089.81329282001,-2443596.102480766,mixed_or_disagreeing
699,1503,60089.81329282001,-2443596.102480766,mixed_or_disagreeing
699,1504,61089.81329282001,-2443596.102480766,mixed_or_disagreeing
699,1505,62089.81329282001,-2443596.102480766,mixed_or_disagreeing
699,1506,63089.81329282001,-2443596.102480766,mixed_or_disagreeing
699,1507,64089.81329282001,-2443596.102480766,mixed_or_disagreeing
699,1524,81089.81329282,-2443596.102480766,mixed_or_disagreeing
699,1529,86089.81329282,-2443596.102480766,mixed_or_disagreeing
699,1530,87089.81329282,-2443596.102480766,mixed_or_disagreeing
699,1531,88089.81329282,-2443596.102480766,mixed_or_disagreeing
699,1532,89089.81329282,-2443596.102480766,mixed_or_disagreeing
699,1533,90089.81329282,-2443596.102480766,mixed_or_disagreeing
699,1534,91089.81329282,-2443596.102480766,mixed_or_disagreeing
699,1535,92089.81329282,-2443596.102480766,mixed_or_disagreeing
699,1536,93089.81329282,-2443596.102480766,mixed_or_disagreeing
699,1537,94089.81329282,-2443596.102480766,mixed_or_disagreeing
699,1538,95089.81329282,-2443596.102480766,mixed_or_disagreeing
699,1539,96089.81329282,-2443596.102480766,mixed_or_disagreeing
699,1540,97089.81329282,-2443596.102480766,mixed_or_disagreeing
699,1541,98089.81329282,-2443596.102480766,mixed_or_disagreeing
699,1542,99089.81329282,-2443596.102480766,mixed_or_disagreeing
699,1543,100089.81329282,-2443596.102480766,mixed_or_disagreeing
699,1544,101089.81329282,-2443596.102480766,water_agreement_all_years
699,1545,102089.81329282,-2443596.102480766,water_agreement_all_years
699,1546,103089.81329282,-2443596.102480766,mixed_or_disagreeing
699,1547,104089.81329282,-2443596.102480766,mixed_or_disagreeing
699,1548,105089.81329282,-2443596.102480766,mixed_or_disagreeing
699,1549,106089.81329282,-2443596.102480766,mixed_or_disagreeing
699,1550,107089.81329282,-2443596.102480766,mixed_or_disagreeing
699,1551,108089.81329282,-2443596.102480766,mixed_or_disagreeing
699,1552,109089.81329282,-2443596.102480766,mixed_or_disagreeing
699,1553,110089.81329282,-2443596.102480766,mixed_or_disagreeing
699,1554,111089.81329282,-2443596.102480766,mixed_or_disagreeing
699,1555,112089.81329282,-2443596.102480766,mixed_or_disagreeing
699,1556,113089.81329282,-2443596.102480766,mixed_or_disagreeing
699,1557,114089.81329282,-2443596.102480766,mixed_or_disagreeing
699,1558,115089.81329282,-2443596.102480766,mixed_or_disagreeing
699,1559,116089.81329282,-2443596.102480766,mixed_or_disagreeing
699,1560,117089.81329282,-2443596.102480766,mixed_or_disagreeing
699,1561,118089.81329282,-2443596.102480766,mixed_or_disagreeing
699,1562,119089.81329282,-2443596.102480766,mixed_or_disagreeing
699,1563,120089.81329282,-2443596.102480766,mixed_or_disagreeing
699,1564,121089.81329282,-2443596.102480766,mixed_or_disagreeing
699,1565,122089.81329282,-2443596.102480766,water_agreement_all_years
699,1568,125089.81329282,-2443596.102480766,water_agreement_all_years
699,1569,126089.81329282,-2443596.102480766,water_agreement_all_years
699,1570,127089.81329282,-2443596.102480766,mixed_or_disagreeing
699,1571,128089.81329282,-2443596.102480766,mixed_or_disagreeing
699,1572,129089.81329282,-2443596.102480766,mixed_or_disagreeing
700,1442,-910.1867071799934,-2444596.102480766,mixed_or_disagreeing
700,1443,89.81329282000661,-2444596.102480766,mixed_or_disagreeing
700,1444,1089.8132928200066,-2444596.102480766,mixed_or_disagreeing
700,1445,2089.8132928200066,-2444596.102480766,mixed_or_disagreeing
700,1450,7089.813292820007,-2444596.102480766,mixed_or_disagreeing
700,1480,37089.81329282001,-2444596.102480766,mixed_or_disagreeing
700,1481,38089.81329282001,-2444596.102480766,mixed_or_disagreeing
700,1482,39089.81329282001,-2444596.102480766,mixed_or_disagreeing
700,1495,52089.81329282001,-2444596.102480766,mixed_or_disagreeing
700,1496,53089.81329282001,-2444596.102480766,mixed_or_disagreeing
700,1497,54089.81329282001,-2444596.102480766,mixed_or_disagreeing
700,1498,55089.81329282001,-2444596.102480766,mixed_or_disagreeing
700,1499,56089.81329282001,-2444596.102480766,mixed_or_disagreeing
700,1500,57089.81329282001,-2444596.102480766,mixed_or_disagreeing
700,1501,58089.81329282001,-2444596.102480766,mixed_or_disagreeing
700,1502,59089.81329282001,-2444596.102480766,mixed_or_disagreeing
700,1503,60089.81329282001,-2444596.102480766,mixed_or_disagreeing
700,1504,61089.81329282001,-2444596.102480766,mixed_or_disagreeing
700,1505,62089.81329282001,-2444596.102480766,mixed_or_disagreeing
700,1506,63089.81329282001,-2444596.102480766,mixed_or_disagreeing
700,1507,64089.81329282001,-2444596.102480766,mixed_or_disagreeing
700,1524,81089.81329282,-2444596.102480766,mixed_or_disagreeing
700,1525,82089.81329282,-2444596.102480766,mixed_or_disagreeing
700,1526,83089.81329282,-2444596.102480766,mixed_or_disagreeing
700,1527,84089.81329282,-2444596.102480766,mixed_or_disagreeing
700,1528,85089.81329282,-2444596.102480766,mixed_or_disagreeing
700,1529,86089.81329282,-2444596.102480766,mixed_or_disagreeing
700,1530,87089.81329282,-2444596.102480766,mixed_or_disagreeing
700,1531,88089.81329282,-2444596.102480766,mixed_or_disagreeing
700,1532,89089.81329282,-2444596.102480766,mixed_or_disagreeing
700,1533,90089.81329282,-2444596.102480766,mixed_or_disagreeing
700,1534,91089.81329282,-2444596.102480766,mixed_or_disagreeing
700,1535,92089.81329282,-2444596.102480766,mixed_or_disagreeing
700,1536,93089.81329282,-2444596.102480766,mixed_or_disagreeing
700,1537,94089.81329282,-2444596.102480766,mixed_or_disagreeing
700,1538,95089.81329282,-2444596.102480766,mixed_or_disagreeing
700,1539,96089.81329282,-2444596.102480766,mixed_or_disagreeing
700,1540,97089.81329282,-2444596.102480766,mixed_or_disagreeing
700,1541,98089.81329282,-2444596.102480766,water_agreement_all_years
700,1542,99089.81329282,-2444596.102480766,water_agreement_all_years
700,1543,100089.81329282,-2444596.102480766,water_agreement_all_years
700,1544,101089.81329282,-2444596.102480766,water_agreement_all_years
700,1545,102089.81329282,-2444596.102480766,water_agreement_all_years
700,1546,103089.81329282,-2444596.102480766,water_agreement_all_years
700,1547,104089.81329282,-2444596.102480766,mixed_or_disagreeing
700,1548,105089.81329282,-2444596.102480766,mixed_or_disagreeing
700,1549,106089.81329282,-2444596.102480766,mixed_or_disagreeing
700,1550,107089.81329282,-2444596.102480766,mixed_or_disagreeing
700,1551,108089.81329282,-2444596.102480766,mixed_or_disagreeing
700,1552,109089.81329282,-2444596.102480766,mixed_or_disagreeing
700,1553,110089.81329282,-2444596.102480766,mixed_or_disagreeing
700,1554,111089.81329282,-2444596.102480766,mixed_or_disagreeing
700,1555,112089.81329282,-2444596.102480766,mixed_or_disagreeing
700,1556,113089.81329282,-2444596.102480766,mixed_or_disagreeing
700,1557,114089.81329282,-2444596.102480766,mixed_or_disagreeing
700,1558,115089.81329282,-2444596.102480766,mixed_or_disagreeing
700,1559,116089.81329282,-2444596.102480766,mixed_or_disagreeing
700,1560,117089.81329282,-2444596.102480766,mixed_or_disagreeing
700,1561,118089.81329282,-2444596.102480766,mixed_or_disagreeing
700,1562,119089.81329282,-2444596.102480766,mixed_or_disagreeing
700,1563,120089.81329282,-2444596.102480766,mixed_or_disagreeing
700,1564,121089.81329282,-2444596.102480766,mixed_or_disagreeing
700,1565,122089.81329282,-2444596.102480766,mixed_or_disagreeing
700,1566,123089.81329282,-2444596.102480766,mixed_or_disagreeing
700,1567,124089.81329282,-2444596.102480766,mixed_or_disagreeing
700,1568,125089.81329282,-2444596.102480766,water_agreement_all_years
700,1569,126089.81329282,-2444596.102480766,water_agreement_all_years
700,1570,127089.81329282,-2444596.102480766,mixed_or_disagreeing
700,1571,128089.81329282,-2444596.102480766,mixed_or_disagreeing
700,1572,129089.81329282,-2444596.102480766,mixed_or_disagreeing
701,1443,89.81329282000661,-2445596.102480766,mixed_or_disagreeing
701,1451,8089.813292820007,-2445596.102480766,mixed_or_disagreeing
701,1452,9089.813292820007,-2445596.102480766,mixed_or_disagreeing
701,1487,44089.81329282001,-2445596.102480766,mixed_or_disagreeing
701,1496,53089.81329282001,-2445596.102480766,mixed_or_disagreeing
701,1497,54089.81329282001,-2445596.102480766,mixed_or_disagreeing
701,1498,55089.81329282001,-2445596.102480766,mixed_or_disagreeing
701,1499,56089.81329282001,-2445596.102480766,mixed_or_disagreeing
701,1500,57089.81329282001,-2445596.102480766,mixed_or_disagreeing
701,1501,58089.81329282001,-2445596.102480766,mixed_or_disagreeing
701,1502,59089.81329282001,-2445596.102480766,mixed_or_disagreeing
701,1528,85089.81329282,-2445596.102480766,mixed_or_disagreeing
701,1529,86089.81329282,-2445596.102480766,mixed_or_disagreeing
701,1530,87089.81329282,-2445596.102480766,mixed_or_disagreeing
701,1531,88089.81329282,-2445596.102480766,mixed_or_disagreeing
701,1532,89089.81329282,-2445596.102480766,mixed_or_disagreeing
701,1533,90089.81329282,-2445596.102480766,mixed_or_disagreeing
701,1534,91089.81329282,-2445596.102480766,water_agreement_all_years
701,1535,92089.81329282,-2445596.102480766,mixed_or_disagreeing
701,1536,93089.81329282,-2445596.102480766,mixed_or_disagreeing
701,1537,94089.81329282,-2445596.102480766,mixed_or_disagreeing
701,1538,95089.81329282,-2445596.102480766,mixed_or_disagreeing
701,1539,96089.81329282,-2445596.102480766,mixed_or_disagreeing
701,1540,97089.81329282,-2445596.102480766,mixed_or_disagreeing
701,1541,98089.81329282,-2445596.102480766,water_agreement_all_years
701,1542,99089.81329282,-2445596.102480766,water_agreement_all_years
701,1543,100089.81329282,-2445596.102480766,water_agreement_all_years
701,1544,101089.81329282,-2445596.102480766,mixed_or_disagreeing
701,1545,102089.81329282,-2445596.102480766,water_agreement_all_years
701,1546,103089.81329282,-2445596.102480766,water_agreement_all_years
701,1547,104089.81329282,-2445596.102480766,mixed_or_disagreeing
701,1548,105089.81329282,-2445596.102480766,mixed_or_disagreeing
701,1549,106089.81329282,-2445596.102480766,mixed_or_disagreeing
701,1550,107089.81329282,-2445596.102480766,mixed_or_disagreeing
701,1551,108089.81329282,-2445596.102480766,mixed_or_disagreeing
701,1552,109089.81329282,-2445596.102480766,mixed_or_disagreeing
701,1553,110089.81329282,-2445596.102480766,mixed_or_disagreeing
701,1554,111089.81329282,-2445596.102480766,mixed_or_disagreeing
701,1555,112089.81329282,-2445596.102480766,mixed_or_disagreeing
701,1556,113089.81329282,-2445596.102480766,mixed_or_disagreeing
701,1557,114089.81329282,-2445596.102480766,mixed_or_disagreeing
701,1558,115089.81329282,-2445596.102480766,mixed_or_disagreeing
701,1559,116089.81329282,-2445596.102480766,mixed_or_disagreeing
701,1560,117089.81329282,-2445596.102480766,mixed_or_disagreeing
701,1561,118089.81329282,-2445596.102480766,mixed_or_disagreeing
701,1562,119089.81329282,-2445596.102480766,mixed_or_disagreeing
701,1563,120089.81329282,-2445596.102480766,mixed_or_disagreeing
701,1564,121089.81329282,-2445596.102480766,mixed_or_disagreeing
701,1565,122089.81329282,-2445596.102480766,mixed_or_disagreeing
701,1566,123089.81329282,-2445596.102480766,water_agreement_all_years
701,1567,124089.81329282,-2445596.102480766,water_agreement_all_years
701,1568,125089.81329282,-2445596.102480766,water_agreement_all_years
701,1569,126089.81329282,-2445596.102480766,mixed_or_disagreeing
701,1570,127089.81329282,-2445596.102480766,mixed_or_disagreeing
701,1571,128089.81329282,-2445596.102480766,mixed_or_disagreeing
702,1435,-7910.186707179993,-2446596.102480766,mixed_or_disagreeing
702,1436,-6910.186707179993,-2446596.102480766,mixed_or_disagreeing
702,1494,51089.81329282001,-2446596.102480766,mixed_or_disagreeing
702,1495,52089.81329282001,-2446596.102480766,mixed_or_disagreeing
702,1496,53089.81329282001,-2446596.102480766,mixed_or_disagreeing
702,1497,54089.81329282001,-2446596.102480766,mixed_or_disagreeing
702,1498,55089.81329282001,-2446596.102480766,mixed_or_disagreeing
702,1499,56089.81329282001,-2446596.102480766,mixed_or_disagreeing
702,1500,57089.81329282001,-2446596.102480766,mixed_or_disagreeing
702,1501,58089.81329282001,-2446596.102480766,mixed_or_disagreeing
702,1529,86089.81329282,-2446596.102480766,mixed_or_disagreeing
702,1530,87089.81329282,-2446596.102480766,mixed_or_disagreeing
702,1531,88089.81329282,-2446596.102480766,mixed_or_disagreeing
702,1532,89089.81329282,-2446596.102480766,mixed_or_disagreeing
702,1533,90089.81329282,-2446596.102480766,mixed_or_disagreeing
702,1534,91089.81329282,-2446596.102480766,mixed_or_disagreeing
702,1535,92089.81329282,-2446596.102480766,mixed_or_disagreeing
702,1536,93089.81329282,-2446596.102480766,mixed_or_disagreeing
702,1537,94089.81329282,-2446596.102480766,mixed_or_disagreeing
702,1538,95089.81329282,-2446596.102480766,mixed_or_disagreeing
702,1539,96089.81329282,-2446596.102480766,mixed_or_disagreeing
702,1540,97089.81329282,-2446596.102480766,mixed_or_disagreeing
702,1541,98089.81329282,-2446596.102480766,mixed_or_disagreeing
702,1542,99089.81329282,-2446596.102480766,water_agreement_all_years
702,1543,100089.81329282,-2446596.102480766,water_agreement_all_years
702,1544,101089.81329282,-2446596.102480766,water_agreement_all_years
702,1545,102089.81329282,-2446596.102480766,water_agreement_all_years
702,1546,103089.81329282,-2446596.102480766,water_agreement_all_years
702,1547,104089.81329282,-2446596.102480766,mixed_or_disagreeing
702,1548,105089.81329282,-2446596.102480766,mixed_or_disagreeing
702,1549,106089.81329282,-2446596.102480766,mixed_or_disagreeing
702,1550,107089.81329282,-2446596.102480766,mixed_or_disagreeing
702,1551,108089.81329282,-2446596.102480766,mixed_or_disagreeing
702,1552,109089.81329282,-2446596.102480766,mixed_or_disagreeing
702,1553,110089.81329282,-2446596.102480766,mixed_or_disagreeing
702,1554,111089.81329282,-2446596.102480766,mixed_or_disagreeing
702,1555,112089.81329282,-2446596.102480766,mixed_or_disagreeing
702,1556,113089.81329282,-2446596.102480766,land_agreement_all_years
702,1557,114089.81329282,-2446596.102480766,mixed_or_disagreeing
702,1558,115089.81329282,-2446596.102480766,mixed_or_disagreeing
702,1559,116089.81329282,-2446596.102480766,mixed_or_disagreeing
702,1560,117089.81329282,-2446596.102480766,mixed_or_disagreeing
702,1561,118089.81329282,-2446596.102480766,mixed_or_disagreeing
702,1562,119089.81329282,-2446596.102480766,mixed_or_disagreeing
702,1563,120089.81329282,-2446596.102480766,mixed_or_disagreeing
702,1564,121089.81329282,-2446596.102480766,mixed_or_disagreeing
702,1565,122089.81329282,-2446596.102480766,water_agreement_all_years
702,1566,123089.81329282,-2446596.102480766,water_agreement_all_years
702,1567,124089.81329282,-2446596.102480766,mixed_or_disagreeing
702,1568,125089.81329282,-2446596.102480766,mixed_or_disagreeing
702,1569,126089.81329282,-2446596.102480766,mixed_or_disagreeing
702,1570,127089.81329282,-2446596.102480766,mixed_or_disagreeing
702,1571,128089.81329282,-2446596.102480766,mixed_or_disagreeing
702,1572,129089.81329282,-2446596.102480766,water_agreement_all_years
703,1435,-7910.186707179993,-2447596.102480766,mixed_or_disagreeing
703,1494,51089.81329282001,-2447596.102480766,mixed_or_disagreeing
703,1495,52089.81329282001,-2447596.102480766,mixed_or_disagreeing
703,1496,53089.81329282001,-2447596.102480766,mixed_or_disagreeing
703,1497,54089.81329282001,-2447596.102480766,mixed_or_disagreeing
703,1498,55089.81329282001,-2447596.102480766,mixed_or_disagreeing
703,1499,56089.81329282001,-2447596.102480766,mixed_or_disagreeing
703,1500,57089.81329282001,-2447596.102480766,mixed_or_disagreeing
703,1501,58089.81329282001,-2447596.102480766,mixed_or_disagreeing
703,1527,84089.81329282,-2447596.102480766,mixed_or_disagreeing
703,1528,85089.81329282,-2447596.102480766,mixed_or_disagreeing
703,1529,86089.81329282,-2447596.102480766,mixed_or_disagreeing
703,1530,87089.81329282,-2447596.102480766,mixed_or_disagreeing
703,1531,88089.81329282,-2447596.102480766,mixed_or_disagreeing
703,1532,89089.81329282,-2447596.102480766,mixed_or_disagreeing
703,1533,90089.81329282,-2447596.102480766,mixed_or_disagreeing
703,1534,91089.81329282,-2447596.102480766,mixed_or_disagreeing
703,1535,92089.81329282,-2447596.102480766,mixed_or_disagreeing
703,1536,93089.81329282,-2447596.102480766,mixed_or_disagreeing
703,1537,94089.81329282,-2447596.102480766,mixed_or_disagreeing
703,1538,95089.81329282,-2447596.102480766,mixed_or_disagreeing
703,1539,96089.81329282,-2447596.102480766,mixed_or_disagreeing
703,1540,97089.81329282,-2447596.102480766,mixed_or_disagreeing
703,1541,98089.81329282,-2447596.102480766,mixed_or_disagreeing
703,1542,99089.81329282,-2447596.102480766,mixed_or_disagreeing
703,1543,100089.81329282,-2447596.102480766,mixed_or_disagreeing
703,1544,101089.81329282,-2447596.102480766,mixed_or_disagreeing
703,1545,102089.81329282,-2447596.102480766,water_agreement_all_years
703,1546,103089.81329282,-2447596.102480766,water_agreement_all_years
703,1547,104089.81329282,-2447596.102480766,water_agreement_all_years
703,1548,105089.81329282,-2447596.102480766,water_agreement_all_years
703,1549,106089.81329282,-2447596.102480766,mixed_or_disagreeing
703,1550,107089.81329282,-2447596.102480766,mixed_or_disagreeing
703,1551,108089.81329282,-2447596.102480766,mixed_or_disagreeing
703,1552,109089.81329282,-2447596.102480766,mixed_or_disagreeing
703,1553,110089.81329282,-2447596.102480766,mixed_or_disagreeing
703,1554,111089.81329282,-2447596.102480766,mixed_or_disagreeing
703,1555,112089.81329282,-2447596.102480766,mixed_or_disagreeing
703,1556,113089.81329282,-2447596.102480766,mixed_or_disagreeing
703,1557,114089.81329282,-2447596.102480766,water_agreement_all_years
703,1558,115089.81329282,-2447596.102480766,mixed_or_disagreeing
703,1559,116089.81329282,-2447596.102480766,mixed_or_disagreeing
703,1560,117089.81329282,-2447596.102480766,mixed_or_disagreeing
703,1561,118089.81329282,-2447596.102480766,mixed_or_disagreeing
703,1562,119089.81329282,-2447596.102480766,mixed_or_disagreeing
703,1563,120089.81329282,-2447596.102480766,mixed_or_disagreeing
703,1564,121089.81329282,-2447596.102480766,mixed_or_disagreeing
703,1565,122089.81329282,-2447596.102480766,mixed_or_disagreeing
703,1566,123089.81329282,-2447596.102480766,water_agreement_all_years
703,1567,124089.81329282,-2447596.102480766,water_agreement_all_years
703,1568,125089.81329282,-2447596.102480766,mixed_or_disagreeing
703,1569,126089.81329282,-2447596.102480766,water_agreement_all_years
703,1570,127089.81329282,-2447596.102480766,water_agreement_all_years
703,1571,128089.81329282,-2447596.102480766,mixed_or_disagreeing
704,1494,51089.81329282001,-2448596.102480766,mixed_or_disagreeing
704,1495,52089.81329282001,-2448596.102480766,mixed_or_disagreeing
704,1496,53089.81329282001,-2448596.102480766,mixed_or_disagreeing
704,1497,54089.81329282001,-2448596.102480766,mixed_or_disagreeing
704,1498,55089.81329282001,-2448596.102480766,mixed_or_disagreeing
704,1499,56089.81329282001,-2448596.102480766,mixed_or_disagreeing
704,1500,57089.81329282001,-2448596.102480766,mixed_or_disagreeing
704,1501,58089.81329282001,-2448596.102480766,mixed_or_disagreeing
704,1528,85089.81329282,-2448596.102480766,mixed_or_disagreeing
704,1529,86089.81329282,-2448596.102480766,mixed_or_disagreeing
704,1530,87089.81329282,-2448596.102480766,mixed_or_disagreeing
704,1531,88089.81329282,-2448596.102480766,mixed_or_disagreeing
704,1532,89089.81329282,-2448596.102480766,mixed_or_disagreeing
704,1533,90089.81329282,-2448596.102480766,mixed_or_disagreeing
704,1534,91089.81329282,-2448596.102480766,mixed_or_disagreeing
704,1535,92089.81329282,-2448596.102480766,mixed_or_disagreeing
704,1536,93089.81329282,-2448596.102480766,mixed_or_disagreeing
704,1537,94089.81329282,-2448596.102480766,mixed_or_disagreeing
704,1538,95089.81329282,-2448596.102480766,mixed_or_disagreeing
704,1539,96089.81329282,-2448596.102480766,mixed_or_disagreeing
704,1540,97089.81329282,-2448596.102480766,mixed_or_disagreeing
704,1541,98089.81329282,-2448596.102480766,mixed_or_disagreeing
704,1542,99089.81329282,-2448596.102480766,mixed_or_disagreeing
704,1543,100089.81329282,-2448596.102480766,mixed_or_disagreeing
704,1544,101089.81329282,-2448596.102480766,water_agreement_all_years
704,1545,102089.81329282,-2448596.102480766,mixed_or_disagreeing
704,1546,103089.81329282,-2448596.102480766,water_agreement_all_years
704,1547,104089.81329282,-2448596.102480766,water_agreement_all_years
704,1548,105089.81329282,-2448596.102480766,water_agreement_all_years
704,1549,106089.81329282,-2448596.102480766,mixed_or_disagreeing
704,1550,107089.81329282,-2448596.102480766,mixed_or_disagreeing
704,1551,108089.81329282,-2448596.102480766,mixed_or_disagreeing
704,1552,109089.81329282,-2448596.102480766,mixed_or_disagreeing
704,1553,110089.81329282,-2448596.102480766,mixed_or_disagreeing
704,1554,111089.81329282,-2448596.102480766,mixed_or_disagreeing
704,1555,112089.81329282,-2448596.102480766,mixed_or_disagreeing
704,1556,113089.81329282,-2448596.102480766,mixed_or_disagreeing
704,1557,114089.81329282,-2448596.102480766,mixed_or_disagreeing
704,1558,115089.81329282,-2448596.102480766,mixed_or_disagreeing
704,1559,116089.81329282,-2448596.102480766,mixed_or_disagreeing
704,1560,117089.81329282,-2448596.102480766,mixed_or_disagreeing
704,1561,118089.81329282,-2448596.102480766,mixed_or_disagreeing
704,1562,119089.81329282,-2448596.102480766,mixed_or_disagreeing
704,1563,120089.81329282,-2448596.102480766,mixed_or_disagreeing
704,1564,121089.81329282,-2448596.102480766,mixed_or_disagreeing
704,1565,122089.81329282,-2448596.102480766,water_agreement_all_years
704,1566,123089.81329282,-2448596.102480766,water_agreement_all_years
704,1567,124089.81329282,-2448596.102480766,water_agreement_all_years
704,1568,125089.81329282,-2448596.102480766,mixed_or_disagreeing
704,1569,126089.81329282,-2448596.102480766,water_agreement_all_years
704,1570,127089.81329282,-2448596.102480766,water_agreement_all_years
704,1571,128089.81329282,-2448596.102480766,water_agreement_all_years
705,1482,39089.81329282001,-2449596.102480766,mixed_or_disagreeing
705,1494,51089.81329282001,-2449596.102480766,mixed_or_disagreeing
705,1495,52089.81329282001,-2449596.102480766,mixed_or_disagreeing
705,1496,53089.81329282001,-2449596.102480766,mixed_or_disagreeing
705,1497,54089.81329282001,-2449596.102480766,mixed_or_disagreeing
705,1498,55089.81329282001,-2449596.102480766,mixed_or_disagreeing
705,1499,56089.81329282001,-2449596.102480766,mixed_or_disagreeing
705,1530,87089.81329282,-2449596.102480766,mixed_or_disagreeing
705,1531,88089.81329282,-2449596.102480766,mixed_or_disagreeing
705,1532,89089.81329282,-2449596.102480766,mixed_or_disagreeing
705,1533,90089.81329282,-2449596.102480766,mixed_or_disagreeing
705,1534,91089.81329282,-2449596.102480766,mixed_or_disagreeing
705,1535,92089.81329282,-2449596.102480766,mixed_or_disagreeing
705,1536,93089.81329282,-2449596.102480766,mixed_or_disagreeing
705,1537,94089.81329282,-2449596.102480766,mixed_or_disagreeing
705,1538,95089.81329282,-2449596.102480766,mixed_or_disagreeing
705,1539,96089.81329282,-2449596.102480766,mixed_or_disagreeing
705,1540,97089.81329282,-2449596.102480766,mixed_or_disagreeing
705,1541,98089.81329282,-2449596.102480766,mixed_or_disagreeing
705,1542,99089.81329282,-2449596.102480766,mixed_or_disagreeing
705,1543,100089.81329282,-2449596.102480766,mixed_or_disagreeing
705,1544,101089.81329282,-2449596.102480766,mixed_or_disagreeing
705,1545,102089.81329282,-2449596.102480766,mixed_or_disagreeing
705,1546,103089.81329282,-2449596.102480766,mixed_or_disagreeing
705,1547,104089.81329282,-2449596.102480766,mixed_or_disagreeing
705,1548,105089.81329282,-2449596.102480766,mixed_or_disagreeing
705,1549,106089.81329282,-2449596.102480766,water_agreement_all_years
705,1550,107089.81329282,-2449596.102480766,mixed_or_disagreeing
705,1551,108089.81329282,-2449596.102480766,mixed_or_disagreeing
705,1552,109089.81329282,-2449596.102480766,mixed_or_disagreeing
705,1553,110089.81329282,-2449596.102480766,mixed_or_disagreeing
705,1554,111089.81329282,-2449596.102480766,mixed_or_disagreeing
705,1555,112089.81329282,-2449596.102480766,mixed_or_disagreeing
705,1556,113089.81329282,-2449596.102480766,mixed_or_disagreeing
705,1557,114089.81329282,-2449596.102480766,mixed_or_disagreeing
705,1558,115089.81329282,-2449596.102480766,mixed_or_disagreeing
705,1559,116089.81329282,-2449596.102480766,mixed_or_disagreeing
705,1560,117089.81329282,-2449596.102480766,mixed_or_disagreeing
705,1561,118089.81329282,-2449596.102480766,mixed_or_disagreeing
705,1562,119089.81329282,-2449596.102480766,mixed_or_disagreeing
705,1563,120089.81329282,-2449596.102480766,mixed_or_disagreeing
705,1564,121089.81329282,-2449596.102480766,mixed_or_disagreeing
705,1565,122089.81329282,-2449596.102480766,mixed_or_disagreeing
705,1566,123089.81329282,-2449596.102480766,mixed_or_disagreeing
705,1567,124089.81329282,-2449596.102480766,water_agreement_all_years
706,1480,37089.81329282001,-2450596.102480766,mixed_or_disagreeing
706,1481,38089.81329282001,-2450596.102480766,mixed_or_disagreeing
706,1482,39089.81329282001,-2450596.102480766,mixed_or_disagreeing
706,1496,53089.81329282001,-2450596.102480766,mixed_or_disagreeing
706,1497,54089.81329282001,-2450596.102480766,mixed_or_disagreeing
706,1529,86089.81329282,-2450596.102480766,mixed_or_disagreeing
706,1530,87089.81329282,-2450596.102480766,mixed_or_disagreeing
706,1531,88089.81329282,-2450596.102480766,mixed_or_disagreeing
706,1532,89089.81329282,-2450596.102480766,mixed_or_disagreeing
706,1533,90089.81329282,-2450596.102480766,mixed_or_disagreeing
706,1534,91089.81329282,-2450596.102480766,mixed_or_disagreeing
706,1535,92089.81329282,-2450596.102480766,mixed_or_disagreeing
706,1536,93089.81329282,-2450596.102480766,mixed_or_disagreeing
706,1537,94089.81329282,-2450596.102480766,mixed_or_disagreeing
706,1538,95089.81329282,-2450596.102480766,mixed_or_disagreeing
706,1539,96089.81329282,-2450596.102480766,mixed_or_disagreeing
706,1540,97089.81329282,-2450596.102480766,mixed_or_disagreeing
706,1541,98089.81329282,-2450596.102480766,mixed_or_disagreeing
706,1542,99089.81329282,-2450596.102480766,mixed_or_disagreeing
706,1543,100089.81329282,-2450596.102480766,mixed_or_disagreeing
706,1544,101089.81329282,-2450596.102480766,water_agreement_all_years
706,1545,102089.81329282,-2450596.102480766,mixed_or_disagreeing
706,1546,103089.81329282,-2450596.102480766,mixed_or_disagreeing
706,1547,104089.81329282,-2450596.102480766,water_agreement_all_years
706,1548,105089.81329282,-2450596.102480766,water_agreement_all_years
706,1549,106089.81329282,-2450596.102480766,mixed_or_disagreeing
706,1550,107089.81329282,-2450596.102480766,mixed_or_disagreeing
706,1551,108089.81329282,-2450596.102480766,mixed_or_disagreeing
706,1552,109089.81329282,-2450596.102480766,mixed_or_disagreeing
706,1553,110089.81329282,-2450596.102480766,mixed_or_disagreeing
706,1554,111089.81329282,-2450596.102480766,mixed_or_disagreeing
706,1555,112089.81329282,-2450596.102480766,mixed_or_disagreeing
706,1556,113089.81329282,-2450596.102480766,mixed_or_disagreeing
706,1557,114089.81329282,-2450596.102480766,mixed_or_disagreeing
706,1558,115089.81329282,-2450596.102480766,mixed_or_disagreeing
706,1559,116089.81329282,-2450596.102480766,mixed_or_disagreeing
706,1560,117089.81329282,-2450596.102480766,mixed_or_disagreeing
706,1561,118089.81329282,-2450596.102480766,mixed_or_disagreeing
706,1562,119089.81329282,-2450596.102480766,mixed_or_disagreeing
706,1563,120089.81329282,-2450596.102480766,mixed_or_disagreeing
706,1564,121089.81329282,-2450596.102480766,mixed_or_disagreeing
706,1565,122089.81329282,-2450596.102480766,water_agreement_all_years
706,1566,123089.81329282,-2450596.102480766,water_agreement_all_years
706,1567,124089.81329282,-2450596.102480766,mixed_or_disagreeing
707,1473,30089.813292820007,-2451596.102480766,mixed_or_disagreeing
707,1529,86089.81329282,-2451596.102480766,mixed_or_disagreeing
707,1530,87089.81329282,-2451596.102480766,water_agreement_all_years
707,1531,88089.81329282,-2451596.102480766,water_agreement_all_years
707,1532,89089.81329282,-2451596.102480766,mixed_or_disagreeing
707,1533,90089.81329282,-2451596.102480766,mixed_or_disagreeing
707,1534,91089.81329282,-2451596.102480766,mixed_or_disagreeing
707,1535,92089.81329282,-2451596.102480766,mixed_or_disagreeing
707,1536,93089.81329282,-2451596.102480766,mixed_or_disagreeing
707,1537,94089.81329282,-2451596.102480766,mixed_or_disagreeing
707,1538,95089.81329282,-2451596.102480766,mixed_or_disagreeing
707,1539,96089.81329282,-2451596.102480766,mixed_or_disagreeing
707,1540,97089.81329282,-2451596.102480766,water_agreement_all_years
707,1541,98089.81329282,-2451596.102480766,water_agreement_all_years
707,1542,99089.81329282,-2451596.102480766,mixed_or_disagreeing
707,1543,100089.81329282,-2451596.102480766,mixed_or_disagreeing
707,1544,101089.81329282,-2451596.102480766,mixed_or_disagreeing
707,1545,102089.81329282,-2451596.102480766,mixed_or_disagreeing
707,1546,103089.81329282,-2451596.102480766,mixed_or_disagreeing
707,1547,104089.81329282,-2451596.102480766,water_agreement_all_years
707,1548,105089.81329282,-2451596.102480766,mixed_or_disagreeing
707,1549,106089.81329282,-2451596.102480766,mixed_or_disagreeing
707,1550,107089.81329282,-2451596.102480766,water_agreement_all_years
707,1551,108089.81329282,-2451596.102480766,water_agreement_all_years
707,1552,109089.81329282,-2451596.102480766,mixed_or_disagreeing
707,1553,110089.81329282,-2451596.102480766,mixed_or_disagreeing
707,1554,111089.81329282,-2451596.102480766,mixed_or_disagreeing
707,1555,112089.81329282,-2451596.102480766,mixed_or_disagreeing
707,1556,113089.81329282,-2451596.102480766,mixed_or_disagreeing
707,1557,114089.81329282,-2451596.102480766,water_agreement_all_years
707,1558,115089.81329282,-2451596.102480766,mixed_or_disagreeing
707,1559,116089.81329282,-2451596.102480766,mixed_or_disagreeing
707,1560,117089.81329282,-2451596.102480766,mixed_or_disagreeing
707,1561,118089.81329282,-2451596.102480766,mixed_or_disagreeing
707,1562,119089.81329282,-2451596.102480766,mixed_or_disagreeing
707,1563,120089.81329282,-2451596.102480766,mixed_or_disagreeing
707,1564,121089.81329282,-2451596.102480766,mixed_or_disagreeing
707,1565,122089.81329282,-2451596.102480766,water_agreement_all_years
707,1566,123089.81329282,-2451596.102480766,mixed_or_disagreeing
707,1567,124089.81329282,-2451596.102480766,mixed_or_disagreeing
708,1531,88089.81329282,-2452596.102480766,water_agreement_all_years
708,1532,89089.81329282,-2452596.102480766,water_agreement_all_years
708,1533,90089.81329282,-2452596.102480766,mixed_or_disagreeing
708,1534,91089.81329282,-2452596.102480766,mixed_or_disagreeing
708,1535,92089.81329282,-2452596.102480766,mixed_or_disagreeing
708,1536,93089.81329282,-2452596.102480766,mixed_or_disagreeing
708,1537,94089.81329282,-2452596.102480766,mixed_or_disagreeing
708,1538,95089.81329282,-2452596.102480766,mixed_or_disagreeing
708,1539,96089.81329282,-2452596.102480766,mixed_or_disagreeing
708,1540,97089.81329282,-2452596.102480766,water_agreement_all_years
708,1541,98089.81329282,-2452596.102480766,water_agreement_all_years
708,1542,99089.81329282,-2452596.102480766,mixed_or_disagreeing
708,1543,100089.81329282,-2452596.102480766,water_agreement_all_years
708,1544,101089.81329282,-2452596.102480766,water_agreement_all_years
708,1545,102089.81329282,-2452596.102480766,water_agreement_all_years
708,1546,103089.81329282,-2452596.102480766,mixed_or_disagreeing
708,1547,104089.81329282,-2452596.102480766,water_agreement_all_years
708,1548,105089.81329282,-2452596.102480766,mixed_or_disagreeing
708,1549,106089.81329282,-2452596.102480766,mixed_or_disagreeing
708,1550,107089.81329282,-2452596.102480766,water_agreement_all_years
708,1551,108089.81329282,-2452596.102480766,water_agreement_all_years
708,1552,109089.81329282,-2452596.102480766,water_agreement_all_years
708,1553,110089.81329282,-2452596.102480766,mixed_or_disagreeing
708,1554,111089.81329282,-2452596.102480766,mixed_or_disagreeing
708,1555,112089.81329282,-2452596.102480766,mixed_or_disagreeing
708,1556,113089.81329282,-2452596.102480766,mixed_or_disagreeing
708,1557,114089.81329282,-2452596.102480766,mixed_or_disagreeing
708,1558,115089.81329282,-2452596.102480766,mixed_or_disagreeing
708,1559,116089.81329282,-2452596.102480766,mixed_or_disagreeing
708,1560,117089.81329282,-2452596.102480766,mixed_or_disagreeing
708,1561,118089.81329282,-2452596.102480766,mixed_or_disagreeing
708,1562,119089.81329282,-2452596.102480766,mixed_or_disagreeing
708,1563,120089.81329282,-2452596.102480766,mixed_or_disagreeing
708,1564,121089.81329282,-2452596.102480766,mixed_or_disagreeing
708,1565,122089.81329282,-2452596.102480766,water_agreement_all_years
708,1566,123089.81329282,-2452596.102480766,mixed_or_disagreeing
708,1567,124089.81329282,-2452596.102480766,water_agreement_all_years
709,1532,89089.81329282,-2453596.102480766,water_agreement_all_years
709,1533,90089.81329282,-2453596.102480766,mixed_or_disagreeing
709,1534,91089.81329282,-2453596.102480766,mixed_or_disagreeing
709,1535,92089.81329282,-2453596.102480766,mixed_or_disagreeing
709,1536,93089.81329282,-2453596.102480766,mixed_or_disagreeing
709,1537,94089.81329282,-2453596.102480766,mixed_or_disagreeing
709,1538,95089.81329282,-2453596.102480766,mixed_or_disagreeing
709,1539,96089.81329282,-2453596.102480766,mixed_or_disagreeing
709,1540,97089.81329282,-2453596.102480766,mixed_or_disagreeing
709,1541,98089.81329282,-2453596.102480766,mixed_or_disagreeing
709,1542,99089.81329282,-2453596.102480766,water_agreement_all_years
709,1543,100089.81329282,-2453596.102480766,water_agreement_all_years
709,1544,101089.81329282,-2453596.102480766,mixed_or_disagreeing
709,1545,102089.81329282,-2453596.102480766,mixed_or_disagreeing
709,1546,103089.81329282,-2453596.102480766,mixed_or_disagreeing
709,1547,104089.81329282,-2453596.102480766,water_agreement_all_years
709,1548,105089.81329282,-2453596.102480766,mixed_or_disagreeing
709,1549,106089.81329282,-2453596.102480766,mixed_or_disagreeing
709,1550,107089.81329282,-2453596.102480766,water_agreement_all_years
709,1551,108089.81329282,-2453596.102480766,water_agreement_all_years
709,1552,109089.81329282,-2453596.102480766,mixed_or_disagreeing
709,1553,110089.81329282,-2453596.102480766,mixed_or_disagreeing
709,1554,111089.81329282,-2453596.102480766,mixed_or_disagreeing
709,1555,112089.81329282,-2453596.102480766,mixed_or_disagreeing
709,1556,113089.81329282,-2453596.102480766,mixed_or_disagreeing
709,1557,114089.81329282,-2453596.102480766,mixed_or_disagreeing
709,1558,115089.81329282,-2453596.102480766,mixed_or_disagreeing
709,1559,116089.81329282,-2453596.102480766,mixed_or_disagreeing
709,1560,117089.81329282,-2453596.102480766,mixed_or_disagreeing
709,1561,118089.81329282,-2453596.102480766,mixed_or_disagreeing
709,1562,119089.81329282,-2453596.102480766,mixed_or_disagreeing
709,1563,120089.81329282,-2453596.102480766,mixed_or_disagreeing
709,1564,121089.81329282,-2453596.102480766,mixed_or_disagreeing
709,1565,122089.81329282,-2453596.102480766,mixed_or_disagreeing
709,1566,123089.81329282,-2453596.102480766,mixed_or_disagreeing
709,1567,124089.81329282,-2453596.102480766,water_agreement_all_years
710,1508,65089.81329282001,-2454596.102480766,mixed_or_disagreeing
710,1532,89089.81329282,-2454596.102480766,water_agreement_all_years
710,1533,90089.81329282,-2454596.102480766,mixed_or_disagreeing
710,1534,91089.81329282,-2454596.102480766,mixed_or_disagreeing
710,1535,92089.81329282,-2454596.102480766,mixed_or_disagreeing
710,1536,93089.81329282,-2454596.102480766,mixed_or_disagreeing
710,1537,94089.81329282,-2454596.102480766,mixed_or_disagreeing
710,1538,95089.81329282,-2454596.102480766,mixed_or_disagreeing
710,1539,96089.81329282,-2454596.102480766,mixed_or_disagreeing
710,1540,97089.81329282,-2454596.102480766,water_agreement_all_years
710,1541,98089.81329282,-2454596.102480766,water_agreement_all_years
710,1542,99089.81329282,-2454596.102480766,water_agreement_all_years
710,1543,100089.81329282,-2454596.102480766,water_agreement_all_years
710,1544,101089.81329282,-2454596.102480766,water_agreement_all_years
710,1545,102089.81329282,-2454596.102480766,mixed_or_disagreeing
710,1546,103089.81329282,-2454596.102480766,water_agreement_all_years
710,1547,104089.81329282,-2454596.102480766,water_agreement_all_years
710,1548,105089.81329282,-2454596.102480766,water_agreement_all_years
710,1549,106089.81329282,-2454596.102480766,water_agreement_all_years
710,1550,107089.81329282,-2454596.102480766,mixed_or_disagreeing
710,1551,108089.81329282,-2454596.102480766,water_agreement_all_years
710,1552,109089.81329282,-2454596.102480766,mixed_or_disagreeing
710,1553,110089.81329282,-2454596.102480766,mixed_or_disagreeing
710,1554,111089.81329282,-2454596.102480766,mixed_or_disagreeing
710,1555,112089.81329282,-2454596.102480766,water_agreement_all_years
710,1556,113089.81329282,-2454596.102480766,mixed_or_disagreeing
710,1557,114089.81329282,-2454596.102480766,mixed_or_disagreeing
710,1558,115089.81329282,-2454596.102480766,mixed_or_disagreeing
710,1559,116089.81329282,-2454596.102480766,mixed_or_disagreeing
710,1560,117089.81329282,-2454596.102480766,mixed_or_disagreeing
710,1561,118089.81329282,-2454596.102480766,mixed_or_disagreeing
710,1562,119089.81329282,-2454596.102480766,mixed_or_disagreeing
710,1563,120089.81329282,-2454596.102480766,mixed_or_disagreeing
710,1564,121089.81329282,-2454596.102480766,mixed_or_disagreeing
710,1565,122089.81329282,-2454596.102480766,mixed_or_disagreeing
710,1566,123089.81329282,-2454596.102480766,mixed_or_disagreeing
711,1498,55089.81329282001,-2455596.102480766,water_agreement_all_years
711,1532,89089.81329282,-2455596.102480766,water_agreement_all_years
711,1533,90089.81329282,-2455596.102480766,mixed_or_disagreeing
711,1534,91089.81329282,-2455596.102480766,mixed_or_disagreeing
711,1535,92089.81329282,-2455596.102480766,mixed_or_disagreeing
711,1536,93089.81329282,-2455596.102480766,mixed_or_disagreeing
711,1537,94089.81329282,-2455596.102480766,mixed_or_disagreeing
711,1538,95089.81329282,-2455596.102480766,mixed_or_disagreeing
711,1539,96089.81329282,-2455596.102480766,mixed_or_disagreeing
711,1540,97089.81329282,-2455596.102480766,mixed_or_disagreeing
711,1541,98089.81329282,-2455596.102480766,mixed_or_disagreeing
711,1542,99089.81329282,-2455596.102480766,water_agreement_all_years
711,1543,100089.81329282,-2455596.102480766,mixed_or_disagreeing
711,1544,101089.81329282,-2455596.102480766,mixed_or_disagreeing
711,1545,102089.81329282,-2455596.102480766,mixed_or_disagreeing
711,1546,103089.81329282,-2455596.102480766,water_agreement_all_years
711,1547,104089.81329282,-2455596.102480766,mixed_or_disagreeing
711,1548,105089.81329282,-2455596.102480766,mixed_or_disagreeing
711,1549,106089.81329282,-2455596.102480766,water_agreement_all_years
711,1550,107089.81329282,-2455596.102480766,mixed_or_disagreeing
711,1551,108089.81329282,-2455596.102480766,water_agreement_all_years
711,1552,109089.81329282,-2455596.102480766,water_agreement_all_years
711,1553,110089.81329282,-2455596.102480766,water_agreement_all_years
711,1554,111089.81329282,-2455596.102480766,mixed_or_disagreeing
711,1555,112089.81329282,-2455596.102480766,mixed_or_disagreeing
711,1556,113089.81329282,-2455596.102480766,mixed_or_disagreeing
711,1557,114089.81329282,-2455596.102480766,water_agreement_all_years
711,1558,115089.81329282,-2455596.102480766,water_agreement_all_years
711,1559,116089.81329282,-2455596.102480766,water_agreement_all_years
711,1560,117089.81329282,-2455596.102480766,water_agreement_all_years
711,1561,118089.81329282,-2455596.102480766,mixed_or_disagreeing
711,1562,119089.81329282,-2455596.102480766,water_agreement_all_years
711,1563,120089.81329282,-2455596.102480766,mixed_or_disagreeing
711,1564,121089.81329282,-2455596.102480766,mixed_or_disagreeing
711,1565,122089.81329282,-2455596.102480766,mixed_or_disagreeing
711,1566,123089.81329282,-2455596.102480766,mixed_or_disagreeing
712,1498,55089.81329282001,-2456596.102480766,water_agreement_all_years
712,1499,56089.81329282001,-2456596.102480766,water_agreement_all_years
712,1514,71089.81329282,-2456596.102480766,mixed_or_disagreeing
712,1515,72089.81329282,-2456596.102480766,mixed_or_disagreeing
712,1516,73089.81329282,-2456596.102480766,mixed_or_disagreeing
712,1532,89089.81329282,-2456596.102480766,mixed_or_disagreeing
712,1533,90089.81329282,-2456596.102480766,mixed_or_disagreeing
712,1534,91089.81329282,-2456596.102480766,mixed_or_disagreeing
712,1535,92089.81329282,-2456596.102480766,water_agreement_all_years
712,1536,93089.81329282,-2456596.102480766,mixed_or_disagreeing
712,1537,94089.81329282,-2456596.102480766,water_agreement_all_years
712,1538,95089.81329282,-2456596.102480766,water_agreement_all_years
712,1539,96089.81329282,-2456596.102480766,water_agreement_all_years
712,1540,97089.81329282,-2456596.102480766,mixed_or_disagreeing
712,1541,98089.81329282,-2456596.102480766,water_agreement_all_years
712,1542,99089.81329282,-2456596.102480766,water_agreement_all_years
712,1543,100089.81329282,-2456596.102480766,mixed_or_disagreeing
712,1544,101089.81329282,-2456596.102480766,mixed_or_disagreeing
712,1545,102089.81329282,-2456596.102480766,mixed_or_disagreeing
712,1546,103089.81329282,-2456596.102480766,mixed_or_disagreeing
712,1547,104089.81329282,-2456596.102480766,water_agreement_all_years
712,1548,105089.81329282,-2456596.102480766,water_agreement_all_years
712,1549,106089.81329282,-2456596.102480766,water_agreement_all_years
712,1550,107089.81329282,-2456596.102480766,water_agreement_all_years
712,1551,108089.81329282,-2456596.102480766,mixed_or_disagreeing
712,1552,109089.81329282,-2456596.102480766,water_agreement_all_years
712,1553,110089.81329282,-2456596.102480766,water_agreement_all_years
712,1554,111089.81329282,-2456596.102480766,mixed_or_disagreeing
712,1555,112089.81329282,-2456596.102480766,mixed_or_disagreeing
712,1556,113089.81329282,-2456596.102480766,mixed_or_disagreeing
712,1557,114089.81329282,-2456596.102480766,mixed_or_disagreeing
712,1558,115089.81329282,-2456596.102480766,water_agreement_all_years
712,1559,116089.81329282,-2456596.102480766,mixed_or_disagreeing
712,1560,117089.81329282,-2456596.102480766,mixed_or_disagreeing
712,1561,118089.81329282,-2456596.102480766,water_agreement_all_years
712,1562,119089.81329282,-2456596.102480766,water_agreement_all_years
712,1563,120089.81329282,-2456596.102480766,mixed_or_disagreeing
712,1564,121089.81329282,-2456596.102480766,mixed_or_disagreeing
712,1997,554089.81329282,-2456596.102480766,water_agreement_all_years
713,1498,55089.81329282001,-2457596.102480766,mixed_or_disagreeing
713,1499,56089.81329282001,-2457596.102480766,mixed_or_disagreeing
713,1500,57089.81329282001,-2457596.102480766,mixed_or_disagreeing
713,1514,71089.81329282,-2457596.102480766,water_agreement_all_years
713,1515,72089.81329282,-2457596.102480766,mixed_or_disagreeing
713,1516,73089.81329282,-2457596.102480766,mixed_or_disagreeing
713,1517,74089.81329282,-2457596.102480766,mixed_or_disagreeing
713,1518,75089.81329282,-2457596.102480766,mixed_or_disagreeing
713,1532,89089.81329282,-2457596.102480766,mixed_or_disagreeing
713,1533,90089.81329282,-2457596.102480766,mixed_or_disagreeing
713,1534,91089.81329282,-2457596.102480766,mixed_or_disagreeing
713,1535,92089.81329282,-2457596.102480766,mixed_or_disagreeing
713,1536,93089.81329282,-2457596.102480766,water_agreement_all_years
713,1537,94089.81329282,-2457596.102480766,mixed_or_disagreeing
713,1538,95089.81329282,-2457596.102480766,mixed_or_disagreeing
713,1539,96089.81329282,-2457596.102480766,water_agreement_all_years
713,1540,97089.81329282,-2457596.102480766,mixed_or_disagreeing
713,1541,98089.81329282,-2457596.102480766,mixed_or_disagreeing
713,1542,99089.81329282,-2457596.102480766,mixed_or_disagreeing
713,1543,100089.81329282,-2457596.102480766,water_agreement_all_years
713,1544,101089.81329282,-2457596.102480766,mixed_or_disagreeing
713,1545,102089.81329282,-2457596.102480766,mixed_or_disagreeing
713,1546,103089.81329282,-2457596.102480766,water_agreement_all_years
713,1547,104089.81329282,-2457596.102480766,mixed_or_disagreeing
713,1548,105089.81329282,-2457596.102480766,water_agreement_all_years
713,1549,106089.81329282,-2457596.102480766,mixed_or_disagreeing
713,1550,107089.81329282,-2457596.102480766,water_agreement_all_years
713,1551,108089.81329282,-2457596.102480766,water_agreement_all_years
713,1552,109089.81329282,-2457596.102480766,water_agreement_all_years
713,1553,110089.81329282,-2457596.102480766,water_agreement_all_years
713,1554,111089.81329282,-2457596.102480766,water_agreement_all_years
713,1555,112089.81329282,-2457596.102480766,mixed_or_disagreeing
713,1556,113089.81329282,-2457596.102480766,mixed_or_disagreeing
713,1557,114089.81329282,-2457596.102480766,mixed_or_disagreeing
713,1558,115089.81329282,-2457596.102480766,mixed_or_disagreeing
713,1559,116089.81329282,-2457596.102480766,mixed_or_disagreeing
713,1993,550089.81329282,-2457596.102480766,water_agreement_all_years
713,1996,553089.81329282,-2457596.102480766,mixed_or_disagreeing
714,1499,56089.81329282001,-2458596.102480766,mixed_or_disagreeing
714,1500,57089.81329282001,-2458596.102480766,mixed_or_disagreeing
714,1514,71089.81329282,-2458596.102480766,mixed_or_disagreeing
714,1515,72089.81329282,-2458596.102480766,mixed_or_disagreeing
714,1516,73089.81329282,-2458596.102480766,mixed_or_disagreeing
714,1517,74089.81329282,-2458596.102480766,mixed_or_disagreeing
714,1518,75089.81329282,-2458596.102480766,mixed_or_disagreeing
714,1519,76089.81329282,-2458596.102480766,mixed_or_disagreeing
714,1533,90089.81329282,-2458596.102480766,mixed_or_disagreeing
714,1534,91089.81329282,-2458596.102480766,water_agreement_all_years
714,1535,92089.81329282,-2458596.102480766,water_agreement_all_years
714,1536,93089.81329282,-2458596.102480766,mixed_or_disagreeing
714,1537,94089.81329282,-2458596.102480766,mixed_or_disagreeing
714,1538,95089.81329282,-2458596.102480766,mixed_or_disagreeing
714,1539,96089.81329282,-2458596.102480766,mixed_or_disagreeing
714,1540,97089.81329282,-2458596.102480766,mixed_or_disagreeing
714,1541,98089.81329282,-2458596.102480766,mixed_or_disagreeing
714,1542,99089.81329282,-2458596.102480766,mixed_or_disagreeing
714,1543,100089.81329282,-2458596.102480766,water_agreement_all_years
714,1544,101089.81329282,-2458596.102480766,mixed_or_disagreeing
714,1545,102089.81329282,-2458596.102480766,water_agreement_all_years
714,1546,103089.81329282,-2458596.102480766,mixed_or_disagreeing
714,1547,104089.81329282,-2458596.102480766,mixed_or_disagreeing
714,1548,105089.81329282,-2458596.102480766,water_agreement_all_years
714,1549,106089.81329282,-2458596.102480766,water_agreement_all_years
714,1550,107089.81329282,-2458596.102480766,water_agreement_all_years
714,1551,108089.81329282,-2458596.102480766,water_agreement_all_years
714,1552,109089.81329282,-2458596.102480766,mixed_or_disagreeing
714,1553,110089.81329282,-2458596.102480766,water_agreement_all_years
714,1554,111089.81329282,-2458596.102480766,water_agreement_all_years
714,1555,112089.81329282,-2458596.102480766,mixed_or_disagreeing
714,1556,113089.81329282,-2458596.102480766,water_agreement_all_years
714,1557,114089.81329282,-2458596.102480766,mixed_or_disagreeing
714,1558,115089.81329282,-2458596.102480766,mixed_or_disagreeing
714,1559,116089.81329282,-2458596.102480766,mixed_or_disagreeing
714,1993,550089.81329282,-2458596.102480766,water_agreement_all_years
714,1995,552089.81329282,-2458596.102480766,water_agreement_all_years
715,1459,16089.813292820007,-2459596.102480766,mixed_or_disagreeing
715,1499,56089.81329282001,-2459596.102480766,mixed_or_disagreeing
715,1500,57089.81329282001,-2459596.102480766,water_agreement_all_years
715,1514,71089.81329282,-2459596.102480766,mixed_or_disagreeing
715,1515,72089.81329282,-2459596.102480766,mixed_or_disagreeing
715,1516,73089.81329282,-2459596.102480766,mixed_or_disagreeing
715,1517,74089.81329282,-2459596.102480766,mixed_or_disagreeing
715,1518,75089.81329282,-2459596.102480766,mixed_or_disagreeing
715,1519,76089.81329282,-2459596.102480766,mixed_or_disagreeing
715,1536,93089.81329282,-2459596.102480766,water_agreement_all_years
715,1537,94089.81329282,-2459596.102480766,water_agreement_all_years
715,1538,95089.81329282,-2459596.102480766,mixed_or_disagreeing
715,1539,96089.81329282,-2459596.102480766,water_agreement_all_years
715,1540,97089.81329282,-2459596.102480766,water_agreement_all_years
715,1541,98089.81329282,-2459596.102480766,mixed_or_disagreeing
715,1542,99089.81329282,-2459596.102480766,water_agreement_all_years
715,1543,100089.81329282,-2459596.102480766,water_agreement_all_years
715,1544,101089.81329282,-2459596.102480766,water_agreement_all_years
715,1545,102089.81329282,-2459596.102480766,mixed_or_disagreeing
715,1546,103089.81329282,-2459596.102480766,mixed_or_disagreeing
715,1547,104089.81329282,-2459596.102480766,mixed_or_disagreeing
715,1548,105089.81329282,-2459596.102480766,mixed_or_disagreeing
715,1549,106089.81329282,-2459596.102480766,mixed_or_disagreeing
715,1550,107089.81329282,-2459596.102480766,water_agreement_all_years
715,1551,108089.81329282,-2459596.102480766,water_agreement_all_years
715,1552,109089.81329282,-2459596.102480766,water_agreement_all_years
715,1553,110089.81329282,-2459596.102480766,water_agreement_all_years
715,1554,111089.81329282,-2459596.102480766,water_agreement_all_years
715,1555,112089.81329282,-2459596.102480766,water_agreement_all_years
715,1556,113089.81329282,-2459596.102480766,water_agreement_all_years
715,1557,114089.81329282,-2459596.102480766,water_agreement_all_years
715,1558,115089.81329282,-2459596.102480766,mixed_or_disagreeing
715,1559,116089.81329282,-2459596.102480766,mixed_or_disagreeing
715,1560,117089.81329282,-2459596.102480766,mixed_or_disagreeing
715,1566,123089.81329282,-2459596.102480766,mixed_or_disagreeing
715,1993,550089.81329282,-2459596.102480766,water_agreement_all_years
716,1497,54089.81329282001,-2460596.102480766,mixed_or_disagreeing
716,1499,56089.81329282001,-2460596.102480766,water_agreement_all_years
716,1514,71089.81329282,-2460596.102480766,mixed_or_disagreeing
716,1515,72089.81329282,-2460596.102480766,water_agreement_all_years
716,1536,93089.81329282,-2460596.102480766,water_agreement_all_years
716,1537,94089.81329282,-2460596.102480766,mixed_or_disagreeing
716,1538,95089.81329282,-2460596.102480766,mixed_or_disagreeing
716,1539,96089.81329282,-2460596.102480766,mixed_or_disagreeing
716,1540,97089.81329282,-2460596.102480766,mixed_or_disagreeing
716,1541,98089.81329282,-2460596.102480766,mixed_or_disagreeing
716,1542,99089.81329282,-2460596.102480766,mixed_or_disagreeing
716,1543,100089.81329282,-2460596.102480766,water_agreement_all_years
716,1544,101089.81329282,-2460596.102480766,water_agreement_all_years
716,1545,102089.81329282,-2460596.102480766,water_agreement_all_years
716,1546,103089.81329282,-2460596.102480766,mixed_or_disagreeing
716,1547,104089.81329282,-2460596.102480766,mixed_or_disagreeing
716,1548,105089.81329282,-2460596.102480766,water_agreement_all_years
716,1549,106089.81329282,-2460596.102480766,water_agreement_all_years
716,1550,107089.81329282,-2460596.102480766,water_agreement_all_years
716,1551,108089.81329282,-2460596.102480766,water_agreement_all_years
716,1552,109089.81329282,-2460596.102480766,water_agreement_all_years
716,1553,110089.81329282,-2460596.102480766,water_agreement_all_years
716,1554,111089.81329282,-2460596.102480766,water_agreement_all_years
716,1555,112089.81329282,-2460596.102480766,water_agreement_all_years
716,1556,113089.81329282,-2460596.102480766,mixed_or_disagreeing
716,1557,114089.81329282,-2460596.102480766,water_agreement_all_years
716,1558,115089.81329282,-2460596.102480766,mixed_or_disagreeing
716,1559,116089.81329282,-2460596.102480766,mixed_or_disagreeing
716,1560,117089.81329282,-2460596.102480766,mixed_or_disagreeing
716,1561,118089.81329282,-2460596.102480766,water_agreement_all_years
717,1407,-35910.18670717999,-2461596.102480766,mixed_or_disagreeing
717,1408,-34910.18670717999,-2461596.102480766,mixed_or_disagreeing
717,1409,-33910.18670717999,-2461596.102480766,mixed_or_disagreeing
717,1499,56089.81329282001,-2461596.102480766,mixed_or_disagreeing
717,1536,93089.81329282,-2461596.102480766,water_agreement_all_years
717,1537,94089.81329282,-2461596.102480766,water_agreement_all_years
717,1538,95089.81329282,-2461596.102480766,mixed_or_disagreeing
717,1539,96089.81329282,-2461596.102480766,water_agreement_all_years
717,1540,97089.81329282,-2461596.102480766,mixed_or_disagreeing
717,1541,98089.81329282,-2461596.102480766,water_agreement_all_years
717,1542,99089.81329282,-2461596.102480766,mixed_or_disagreeing
717,1543,100089.81329282,-2461596.102480766,mixed_or_disagreeing
717,1544,101089.81329282,-2461596.102480766,mixed_or_disagreeing
717,1545,102089.81329282,-2461596.102480766,water_agreement_all_years
717,1546,103089.81329282,-2461596.102480766,water_agreement_all_years
717,1547,104089.81329282,-2461596.102480766,mixed_or_disagreeing
717,1548,105089.81329282,-2461596.102480766,water_agreement_all_years
717,1549,106089.81329282,-2461596.102480766,mixed_or_disagreeing
717,1550,107089.81329282,-2461596.102480766,mixed_or_disagreeing
717,1551,108089.81329282,-2461596.102480766,mixed_or_disagreeing
717,1552,109089.81329282,-2461596.102480766,mixed_or_disagreeing
717,1553,110089.81329282,-2461596.102480766,mixed_or_disagreeing
717,1554,111089.81329282,-2461596.102480766,mixed_or_disagreeing
717,1555,112089.81329282,-2461596.102480766,water_agreement_all_years
717,1556,113089.81329282,-2461596.102480766,water_agreement_all_years
717,1557,114089.81329282,-2461596.102480766,water_agreement_all_years
717,1558,115089.81329282,-2461596.102480766,mixed_or_disagreeing
717,1559,116089.81329282,-2461596.102480766,mixed_or_disagreeing
717,1560,117089.81329282,-2461596.102480766,mixed_or_disagreeing
717,1561,118089.81329282,-2461596.102480766,mixed_or_disagreeing
717,1562,119089.81329282,-2461596.102480766,mixed_or_disagreeing
718,1408,-34910.18670717999,-2462596.102480766,mixed_or_disagreeing
718,1478,35089.81329282001,-2462596.102480766,mixed_or_disagreeing
718,1479,36089.81329282001,-2462596.102480766,mixed_or_disagreeing
718,1494,51089.81329282001,-2462596.102480766,mixed_or_disagreeing
718,1499,56089.81329282001,-2462596.102480766,mixed_or_disagreeing
718,1500,57089.81329282001,-2462596.102480766,mixed_or_disagreeing
718,1536,93089.81329282,-2462596.102480766,mixed_or_disagreeing
718,1537,94089.81329282,-2462596.102480766,water_agreement_all_years
718,1538,95089.81329282,-2462596.102480766,mixed_or_disagreeing
718,1539,96089.81329282,-2462596.102480766,mixed_or_disagreeing
718,1540,97089.81329282,-2462596.102480766,water_agreement_all_years
718,1541,98089.81329282,-2462596.102480766,water_agreement_all_years
718,1542,99089.81329282,-2462596.102480766,water_agreement_all_years
718,1543,100089.81329282,-2462596.102480766,mixed_or_disagreeing
718,1544,101089.81329282,-2462596.102480766,mixed_or_disagreeing
718,1545,102089.81329282,-2462596.102480766,mixed_or_disagreeing
718,1546,103089.81329282,-2462596.102480766,water_agreement_all_years
718,1547,104089.81329282,-2462596.102480766,water_agreement_all_years
718,1548,105089.81329282,-2462596.102480766,water_agreement_all_years
718,1549,106089.81329282,-2462596.102480766,water_agreement_all_years
718,1550,107089.81329282,-2462596.102480766,water_agreement_all_years
718,1551,108089.81329282,-2462596.102480766,mixed_or_disagreeing
718,1552,109089.81329282,-2462596.102480766,mixed_or_disagreeing
718,1553,110089.81329282,-2462596.102480766,water_agreement_all_years
718,1554,111089.81329282,-2462596.102480766,water_agreement_all_years
718,1555,112089.81329282,-2462596.102480766,mixed_or_disagreeing
718,1556,113089.81329282,-2462596.102480766,water_agreement_all_years
718,1557,114089.81329282,-2462596.102480766,water_agreement_all_years
718,1558,115089.81329282,-2462596.102480766,mixed_or_disagreeing
718,1559,116089.81329282,-2462596.102480766,mixed_or_disagreeing
718,1560,117089.81329282,-2462596.102480766,mixed_or_disagreeing
718,1561,118089.81329282,-2462596.102480766,mixed_or_disagreeing
718,1562,119089.81329282,-2462596.102480766,mixed_or_disagreeing
718,1563,120089.81329282,-2462596.102480766,mixed_or_disagreeing
719,1479,36089.81329282001,-2463596.102480766,mixed_or_disagreeing
719,1480,37089.81329282001,-2463596.102480766,mixed_or_disagreeing
719,1494,51089.81329282001,-2463596.102480766,mixed_or_disagreeing
719,1498,55089.81329282001,-2463596.102480766,mixed_or_disagreeing
719,1499,56089.81329282001,-2463596.102480766,mixed_or_disagreeing
719,1537,94089.81329282,-2463596.102480766,mixed_or_disagreeing
719,1538,95089.81329282,-2463596.102480766,water_agreement_all_years
719,1539,96089.81329282,-2463596.102480766,mixed_or_disagreeing
719,1540,97089.81329282,-2463596.102480766,mixed_or_disagreeing
719,1541,98089.81329282,-2463596.102480766,water_agreement_all_years
719,1542,99089.81329282,-2463596.102480766,water_agreement_all_years
719,1543,100089.81329282,-2463596.102480766,mixed_or_disagreeing
719,1544,101089.81329282,-2463596.102480766,water_agreement_all_years
719,1545,102089.81329282,-2463596.102480766,water_agreement_all_years
719,1546,103089.81329282,-2463596.102480766,water_agreement_all_years
719,1547,104089.81329282,-2463596.102480766,mixed_or_disagreeing
719,1548,105089.81329282,-2463596.102480766,mixed_or_disagreeing
719,1549,106089.81329282,-2463596.102480766,mixed_or_disagreeing
719,1550,107089.81329282,-2463596.102480766,water_agreement_all_years
719,1551,108089.81329282,-2463596.102480766,mixed_or_disagreeing
719,1552,109089.81329282,-2463596.102480766,mixed_or_disagreeing
719,1553,110089.81329282,-2463596.102480766,mixed_or_disagreeing
719,1554,111089.81329282,-2463596.102480766,mixed_or_disagreeing
719,1555,112089.81329282,-2463596.102480766,mixed_or_disagreeing
719,1556,113089.81329282,-2463596.102480766,water_agreement_all_years
719,1557,114089.81329282,-2463596.102480766,mixed_or_disagreeing
719,1558,115089.81329282,-2463596.102480766,mixed_or_disagreeing
719,1559,116089.81329282,-2463596.102480766,mixed_or_disagreeing
719,1560,117089.81329282,-2463596.102480766,mixed_or_disagreeing
719,1561,118089.81329282,-2463596.102480766,mixed_or_disagreeing
719,1562,119089.81329282,-2463596.102480766,mixed_or_disagreeing
719,1563,120089.81329282,-2463596.102480766,mixed_or_disagreeing
719,1564,121089.81329282,-2463596.102480766,mixed_or_disagreeing
719,1566,123089.81329282,-2463596.102480766,mixed_or_disagreeing
719,1568,125089.81329282,-2463596.102480766,mixed_or_disagreeing
719,1569,126089.81329282,-2463596.102480766,mixed_or_disagreeing
719,1570,127089.81329282,-2463596.102480766,mixed_or_disagreeing
719,1571,128089.81329282,-2463596.102480766,mixed_or_disagreeing
720,1494,51089.81329282001,-2464596.102480766,mixed_or_disagreeing
720,1495,52089.81329282001,-2464596.102480766,mixed_or_disagreeing
720,1496,53089.81329282001,-2464596.102480766,mixed_or_disagreeing
720,1497,54089.81329282001,-2464596.102480766,mixed_or_disagreeing
720,1541,98089.81329282,-2464596.102480766,water_agreement_all_years
720,1542,99089.81329282,-2464596.102480766,water_agreement_all_years
720,1543,100089.81329282,-2464596.102480766,water_agreement_all_years
720,1544,101089.81329282,-2464596.102480766,water_agreement_all_years
720,1545,102089.81329282,-2464596.102480766,water_agreement_all_years
720,1546,103089.81329282,-2464596.102480766,water_agreement_all_years
720,1547,104089.81329282,-2464596.102480766,mixed_or_disagreeing
720,1548,105089.81329282,-2464596.102480766,water_agreement_all_years
720,1549,106089.81329282,-2464596.102480766,mixed_or_disagreeing
720,1550,107089.81329282,-2464596.102480766,mixed_or_disagreeing
720,1551,108089.81329282,-2464596.102480766,mixed_or_disagreeing
720,1552,109089.81329282,-2464596.102480766,mixed_or_disagreeing
720,1553,110089.81329282,-2464596.102480766,water_agreement_all_years
720,1554,111089.81329282,-2464596.102480766,water_agreement_all_years
720,1555,112089.81329282,-2464596.102480766,mixed_or_disagreeing
720,1556,113089.81329282,-2464596.102480766,water_agreement_all_years
720,1557,114089.81329282,-2464596.102480766,mixed_or_disagreeing
720,1558,115089.81329282,-2464596.102480766,mixed_or_disagreeing
720,1559,116089.81329282,-2464596.102480766,mixed_or_disagreeing
720,1560,117089.81329282,-2464596.102480766,mixed_or_disagreeing
720,1561,118089.81329282,-2464596.102480766,mixed_or_disagreeing
720,1562,119089.81329282,-2464596.102480766,water_agreement_all_years
720,1563,120089.81329282,-2464596.102480766,water_agreement_all_years
720,1564,121089.81329282,-2464596.102480766,mixed_or_disagreeing
720,1565,122089.81329282,-2464596.102480766,water_agreement_all_years
720,1566,123089.81329282,-2464596.102480766,mixed_or_disagreeing
720,1570,127089.81329282,-2464596.102480766,mixed_or_disagreeing
721,1494,51089.81329282001,-2465596.102480766,mixed_or_disagreeing
721,1495,52089.81329282001,-2465596.102480766,mixed_or_disagreeing
721,1496,53089.81329282001,-2465596.102480766,mixed_or_disagreeing
721,1542,99089.81329282,-2465596.102480766,water_agreement_all_years
721,1543,100089.81329282,-2465596.102480766,mixed_or_disagreeing
721,1544,101089.81329282,-2465596.102480766,water_agreement_all_years
721,1545,102089.81329282,-2465596.102480766,water_agreement_all_years
721,1546,103089.81329282,-2465596.102480766,mixed_or_disagreeing
721,1547,104089.81329282,-2465596.102480766,water_agreement_all_years
721,1548,105089.81329282,-2465596.102480766,land_agreement_all_years
721,1549,106089.81329282,-2465596.102480766,mixed_or_disagreeing
721,1550,107089.81329282,-2465596.102480766,mixed_or_disagreeing
721,1551,108089.81329282,-2465596.102480766,mixed_or_disagreeing
721,1552,109089.81329282,-2465596.102480766,mixed_or_disagreeing
721,1553,110089.81329282,-2465596.102480766,mixed_or_disagreeing
721,1554,111089.81329282,-2465596.102480766,water_agreement_all_years
721,1555,112089.81329282,-2465596.102480766,water_agreement_all_years
721,1556,113089.81329282,-2465596.102480766,water_agreement_all_years
721,1557,114089.81329282,-2465596.102480766,mixed_or_disagreeing
721,1558,115089.81329282,-2465596.102480766,mixed_or_disagreeing
721,1559,116089.81329282,-2465596.102480766,mixed_or_disagreeing
721,1560,117089.81329282,-2465596.102480766,mixed_or_disagreeing
721,1561,118089.81329282,-2465596.102480766,water_agreement_all_years
721,1562,119089.81329282,-2465596.102480766,mixed_or_disagreeing
721,1563,120089.81329282,-2465596.102480766,water_agreement_all_years
721,1564,121089.81329282,-2465596.102480766,water_agreement_all_years
721,1565,122089.81329282,-2465596.102480766,water_agreement_all_years
722,1494,51089.81329282001,-2466596.102480766,mixed_or_disagreeing
722,1495,52089.81329282001,-2466596.102480766,mixed_or_disagreeing
722,1547,104089.81329282,-2466596.102480766,water_agreement_all_years
722,1548,105089.81329282,-2466596.102480766,mixed_or_disagreeing
722,1549,106089.81329282,-2466596.102480766,mixed_or_disagreeing
722,1550,107089.81329282,-2466596.102480766,mixed_or_disagreeing
722,1551,108089.81329282,-2466596.102480766,mixed_or_disagreeing
722,1552,109089.81329282,-2466596.102480766,mixed_or_disagreeing
722,1553,110089.81329282,-2466596.102480766,mixed_or_disagreeing
722,1554,111089.81329282,-2466596.102480766,water_agreement_all_years
722,1555,112089.81329282,-2466596.102480766,water_agreement_all_years
722,1556,113089.81329282,-2466596.102480766,water_agreement_all_years
722,1557,114089.81329282,-2466596.102480766,mixed_or_disagreeing
722,1558,115089.81329282,-2466596.102480766,water_agreement_all_years
722,1559,116089.81329282,-2466596.102480766,water_agreement_all_years
722,1560,117089.81329282,-2466596.102480766,mixed_or_disagreeing
722,1561,118089.81329282,-2466596.102480766,water_agreement_all_years
722,1562,119089.81329282,-2466596.102480766,water_agreement_all_years
722,1563,120089.81329282,-2466596.102480766,water_agreement_all_years
722,1564,121089.81329282,-2466596.102480766,water_agreement_all_years
723,1547,104089.81329282,-2467596.102480766,mixed_or_disagreeing
723,1548,105089.81329282,-2467596.102480766,water_agreement_all_years
723,1549,106089.81329282,-2467596.102480766,mixed_or_disagreeing
723,1550,107089.81329282,-2467596.102480766,mixed_or_disagreeing
723,1551,108089.81329282,-2467596.102480766,mixed_or_disagreeing
723,1552,109089.81329282,-2467596.102480766,water_agreement_all_years
723,1553,110089.81329282,-2467596.102480766,mixed_or_disagreeing
723,1554,111089.81329282,-2467596.102480766,mixed_or_disagreeing
723,1555,112089.81329282,-2467596.102480766,water_agreement_all_years
723,1556,113089.81329282,-2467596.102480766,water_agreement_all_years
723,1557,114089.81329282,-2467596.102480766,water_agreement_all_years
723,1558,115089.81329282,-2467596.102480766,water_agreement_all_years
723,1559,116089.81329282,-2467596.102480766,water_agreement_all_years
723,1560,117089.81329282,-2467596.102480766,water_agreement_all_years
723,1561,118089.81329282,-2467596.102480766,water_agreement_all_years
723,1562,119089.81329282,-2467596.102480766,mixed_or_disagreeing
723,1563,120089.81329282,-2467596.102480766,water_agreement_all_years
724,1547,104089.81329282,-2468596.102480766,mixed_or_disagreeing
724,1548,105089.81329282,-2468596.102480766,mixed_or_disagreeing
724,1549,106089.81329282,-2468596.102480766,mixed_or_disagreeing
724,1550,107089.81329282,-2468596.102480766,water_agreement_all_years
724,1551,108089.81329282,-2468596.102480766,mixed_or_disagreeing
724,1552,109089.81329282,-2468596.102480766,mixed_or_disagreeing
724,1553,110089.81329282,-2468596.102480766,water_agreement_all_years
724,1554,111089.81329282,-2468596.102480766,water_agreement_all_years
724,1555,112089.81329282,-2468596.102480766,water_agreement_all_years
724,1556,113089.81329282,-2468596.102480766,water_agreement_all_years
724,1557,114089.81329282,-2468596.102480766,water_agreement_all_years
724,1558,115089.81329282,-2468596.102480766,water_agreement_all_years
724,1559,116089.81329282,-2468596.102480766,water_agreement_all_years
724,1560,117089.81329282,-2468596.102480766,water_agreement_all_years
724,1561,118089.81329282,-2468596.102480766,mixed_or_disagreeing
724,1562,119089.81329282,-2468596.102480766,mixed_or_disagreeing
724,1563,120089.81329282,-2468596.102480766,mixed_or_disagreeing
724,2118,675089.81329282,-2468596.102480766,water_agreement_all_years
725,1547,104089.81329282,-2469596.102480766,mixed_or_disagreeing
725,1548,105089.81329282,-2469596.102480766,mixed_or_disagreeing
725,1549,106089.81329282,-2469596.102480766,mixed_or_disagreeing
725,1550,107089.81329282,-2469596.102480766,mixed_or_disagreeing
725,1551,108089.81329282,-2469596.102480766,mixed_or_disagreeing
725,1552,109089.81329282,-2469596.102480766,mixed_or_disagreeing
725,1553,110089.81329282,-2469596.102480766,water_agreement_all_years
725,1554,111089.81329282,-2469596.102480766,mixed_or_disagreeing
725,1555,112089.81329282,-2469596.102480766,water_agreement_all_years
725,1556,113089.81329282,-2469596.102480766,water_agreement_all_years
725,1557,114089.81329282,-2469596.102480766,water_agreement_all_years
725,1558,115089.81329282,-2469596.102480766,water_agreement_all_years
725,1559,116089.81329282,-2469596.102480766,water_agreement_all_years
725,1560,117089.81329282,-2469596.102480766,mixed_or_disagreeing
725,1561,118089.81329282,-2469596.102480766,mixed_or_disagreeing
726,640,-802910.18670718,-2470596.102480766,mixed_or_disagreeing
726,1548,105089.81329282,-2470596.102480766,mixed_or_disagreeing
726,1549,106089.81329282,-2470596.102480766,water_agreement_all_years
726,1550,107089.81329282,-2470596.102480766,water_agreement_all_years
726,1551,108089.81329282,-2470596.102480766,mixed_or_disagreeing
726,1552,109089.81329282,-2470596.102480766,water_agreement_all_years
726,1553,110089.81329282,-2470596.102480766,water_agreement_all_years
726,1554,111089.81329282,-2470596.102480766,water_agreement_all_years
726,1555,112089.81329282,-2470596.102480766,water_agreement_all_years
726,1556,113089.81329282,-2470596.102480766,water_agreement_all_years
726,1559,116089.81329282,-2470596.102480766,water_agreement_all_years
726,1563,120089.81329282,-2470596.102480766,mixed_or_disagreeing
727,1438,-4910.186707179993,-2471596.102480766,mixed_or_disagreeing
727,1548,105089.81329282,-2471596.102480766,mixed_or_disagreeing
727,1549,106089.81329282,-2471596.102480766,mixed_or_disagreeing
727,1550,107089.81329282,-2471596.102480766,mixed_or_disagreeing
727,1551,108089.81329282,-2471596.102480766,mixed_or_disagreeing
727,1552,109089.81329282,-2471596.102480766,mixed_or_disagreeing
727,1562,119089.81329282,-2471596.102480766,mixed_or_disagreeing
728,1454,11089.813292820007,-2472596.102480766,mixed_or_disagreeing
728,1562,119089.81329282,-2472596.102480766,mixed_or_disagreeing
729,1436,-6910.186707179993,-2473596.102480766,mixed_or_disagreeing
729,1453,10089.813292820007,-2473596.102480766,land_agreement_all_years
729,1454,11089.813292820007,-2473596.102480766,mixed_or_disagreeing
729,1455,12089.813292820007,-2473596.102480766,water_agreement_all_years
729,1456,13089.813292820007,-2473596.102480766,water_agreement_all_years
729,1457,14089.813292820007,-2473596.102480766,mixed_or_disagreeing
730,1452,9089.813292820007,-2474596.102480766,mixed_or_disagreeing
730,1453,10089.813292820007,-2474596.102480766,mixed_or_disagreeing
730,1454,11089.813292820007,-2474596.102480766,mixed_or_disagreeing
730,1455,12089.813292820007,-2474596.102480766,water_agreement_all_years
730,1456,13089.813292820007,-2474596.102480766,mixed_or_disagreeing
730,1457,14089.813292820007,-2474596.102480766,mixed_or_disagreeing
735,1456,13089.813292820007,-2479596.102480766,mixed_or_disagreeing
736,1446,3089.8132928200066,-2480596.102480766,mixed_or_disagreeing
736,1447,4089.8132928200066,-2480596.102480766,mixed_or_disagreeing
736,1449,6089.813292820007,-2480596.102480766,mixed_or_disagreeing
737,1445,2089.8132928200066,-2481596.102480766,mixed_or_disagreeing
738,1445,2089.8132928200066,-2482596.102480766,mixed_or_disagreeing
743,1407,-35910.18670717999,-2487596.102480766,mixed_or_disagreeing
745,1405,-37910.18670717999,-2489596.102480766,mixed_or_disagreeing
745,1406,-36910.18670717999,-2489596.102480766,mixed_or_disagreeing
746,1405,-37910.18670717999,-2490596.102480766,mixed_or_disagreeing
746,1406,-36910.18670717999,-2490596.102480766,mixed_or_disagreeing
747,1405,-37910.18670717999,-2491596.102480766,mixed_or_disagreeing
747,1406,-36910.18670717999,-2491596.102480766,mixed_or_disagreeing
748,1405,-37910.18670717999,-2492596.102480766,mixed_or_disagreeing
749,1405,-37910.18670717999,-2493596.102480766,mixed_or_disagreeing
800,1925,482089.81329282,-2544596.102480766,land_agreement_all_years
801,1719,276089.81329282,-2545596.102480766,mixed_or_disagreeing
801,1720,277089.81329282,-2545596.102480766,water_agreement_all_years
925,359,-1083910.18670718,-2669596.102480766,water_agreement_all_years
925,360,-1082910.18670718,-2669596.102480766,land_agreement_all_years
936,361,-1081910.18670718,-2680596.102480766,water_agreement_all_years
937,361,-1081910.18670718,-2681596.102480766,water_agreement_all_years
940,360,-1082910.18670718,-2684596.102480766,water_agreement_all_years
964,1995,552089.81329282,-2708596.102480766,mixed_or_disagreeing
994,984,-458910.18670718,-2738596.102480766,mixed_or_disagreeing
1007,866,-576910.18670718,-2751596.102480766,land_agreement_all_years
1007,867,-575910.18670718,-2751596.102480766,land_agreement_all_years
1008,867,-575910.18670718,-2752596.102480766,land_agreement_all_years
1009,867,-575910.18670718,-2753596.102480766,land_agreement_all_years
1024,2169,726089.81329282,-2768596.102480766,water_agreement_all_years
1026,2166,723089.81329282,-2770596.102480766,water_agreement_all_years
1027,2160,717089.81329282,-2771596.102480766,water_agreement_all_years
1028,2162,719089.81329282,-2772596.102480766,water_agreement_all_years
1028,2166,723089.81329282,-2772596.102480766,water_agreement_all_years
1029,2163,720089.81329282,-2773596.102480766,water_agreement_all_years
1029,2167,724089.81329282,-2773596.102480766,water_agreement_all_years
1029,2173,730089.81329282,-2773596.102480766,water_agreement_all_years
1030,2160,717089.81329282,-2774596.102480766,water_agreement_all_years
1031,2160,717089.81329282,-2775596.102480766,water_agreement_all_years
1033,2156,713089.81329282,-2777596.102480766,mixed_or_disagreeing
1062,365,-1077910.18670718,-2806596.102480766,water_agreement_all_years
1095,708,-734910.18670718,-2839596.102480766,mixed_or_disagreeing
1118,1536,93089.81329282,-2862596.102480766,mixed_or_disagreeing
1138,1593,150089.81329282,-2882596.102480766,water_agreement_all_years
1139,1594,151089.81329282,-2883596.102480766,mixed_or_disagreeing
1155,2252,809089.81329282,-2899596.102480766,water_agreement_all_years
1163,1839,396089.81329282,-2907596.102480766,mixed_or_disagreeing
1163,1840,397089.81329282,-2907596.102480766,mixed_or_disagreeing
1164,1838,395089.81329282,-2908596.102480766,mixed_or_disagreeing
1164,1839,396089.81329282,-2908596.102480766,mixed_or_disagreeing
1164,2171,728089.81329282,-2908596.102480766,mixed_or_disagreeing
1166,1834,391089.81329282,-2910596.102480766,mixed_or_disagreeing
1169,2168,725089.81329282,-2913596.102480766,mixed_or_disagreeing
1170,2166,723089.81329282,-2914596.102480766,mixed_or_disagreeing
1180,2201,758089.81329282,-2924596.102480766,water_agreement_all_years
1183,2254,811089.81329282,-2927596.102480766,water_agreement_all_years
1189,1994,551089.81329282,-2933596.102480766,water_agreement_all_years
1190,2253,810089.81329282,-2934596.102480766,water_agreement_all_years
1191,2252,809089.81329282,-2935596.102480766,water_agreement_all_years
1193,2251,808089.81329282,-2937596.102480766,water_agreement_all_years
1194,1605,162089.81329282,-2938596.102480766,water_agreement_all_years
1195,1709,266089.81329282,-2939596.102480766,water_agreement_all_years
1196,2249,806089.81329282,-2940596.102480766,water_agreement_all_years
1197,2244,801089.81329282,-2941596.102480766,water_agreement_all_years
1197,2245,802089.81329282,-2941596.102480766,water_agreement_all_years
1197,2246,803089.81329282,-2941596.102480766,water_agreement_all_years
1197,2247,804089.81329282,-2941596.102480766,water_agreement_all_years
1197,2248,805089.81329282,-2941596.102480766,water_agreement_all_years
1197,2249,806089.81329282,-2941596.102480766,water_agreement_all_years
1198,2244,801089.81329282,-2942596.102480766,water_agreement_all_years
1198,2245,802089.81329282,-2942596.102480766,water_agreement_all_years
1198,2246,803089.81329282,-2942596.102480766,water_agreement_all_years
1198,2247,804089.81329282,-2942596.102480766,water_agreement_all_years
1198,2248,805089.81329282,-2942596.102480766,water_agreement_all_years
1198,2249,806089.81329282,-2942596.102480766,water_agreement_all_years
1199,2244,801089.81329282,-2943596.102480766,water_agreement_all_years
1199,2245,802089.81329282,-2943596.102480766,water_agreement_all_years
1199,2246,803089.81329282,-2943596.102480766,water_agreement_all_years
1199,2247,804089.81329282,-2943596.102480766,water_agreement_all_years
1199,2248,805089.81329282,-2943596.102480766,water_agreement_all_years
1200,2244,801089.81329282,-2944596.102480766,water_agreement_all_years
1200,2245,802089.81329282,-2944596.102480766,water_agreement_all_years
1200,2246,803089.81329282,-2944596.102480766,water_agreement_all_years
1200,2247,804089.81329282,-2944596.102480766,water_agreement_all_years
1200,2248,805089.81329282,-2944596.102480766,water_agreement_all_years
1201,2245,802089.81329282,-2945596.102480766,water_agreement_all_years
1201,2246,803089.81329282,-2945596.102480766,water_agreement_all_years
1201,2247,804089.81329282,-2945596.102480766,water_agreement_all_years
1202,2246,803089.81329282,-2946596.102480766,water_agreement_all_years
1202,2247,804089.81329282,-2946596.102480766,water_agreement_all_years
1203,2240,797089.81329282,-2947596.102480766,land_agreement_all_years
1203,2241,798089.81329282,-2947596.102480766,land_agreement_all_years
1203,2246,803089.81329282,-2947596.102480766,water_agreement_all_years
1203,2247,804089.81329282,-2947596.102480766,water_agreement_all_years
1203,2248,805089.81329282,-2947596.102480766,water_agreement_all_years
1204,2246,803089.81329282,-2948596.102480766,water_agreement_all_years
1204,2247,804089.81329282,-2948596.102480766,water_agreement_all_years
1205,2244,801089.81329282,-2949596.102480766,land_agreement_all_years
1205,2246,803089.81329282,-2949596.102480766,water_agreement_all_years
1205,2247,804089.81329282,-2949596.102480766,water_agreement_all_years
1206,2244,801089.81329282,-2950596.102480766,water_agreement_all_years
1206,2245,802089.81329282,-2950596.102480766,water_agreement_all_years
1206,2246,803089.81329282,-2950596.102480766,water_agreement_all_years
1206,2247,804089.81329282,-2950596.102480766,water_agreement_all_years
1207,2245,802089.81329282,-2951596.102480766,water_agreement_all_years
1207,2246,803089.81329282,-2951596.102480766,water_agreement_all_years
1207,2247,804089.81329282,-2951596.102480766,water_agreement_all_years
1208,2246,803089.81329282,-2952596.102480766,water_agreement_all_years
1208,2247,804089.81329282,-2952596.102480766,water_agreement_all_years
1223,769,-673910.18670718,-2967596.102480766,land_agreement_all_years
1224,769,-673910.18670718,-2968596.102480766,land_agreement_all_years
1225,768,-674910.18670718,-2969596.102480766,land_agreement_all_years
1225,769,-673910.18670718,-2969596.102480766,land_agreement_all_years
1226,769,-673910.18670718,-2970596.102480766,land_agreement_all_years
1226,770,-672910.18670718,-2970596.102480766,land_agreement_all_years
1227,769,-673910.18670718,-2971596.102480766,land_agreement_all_years
1230,2111,668089.81329282,-2974596.102480766,water_agreement_all_years
1232,2110,667089.81329282,-2976596.102480766,water_agreement_all_years
1261,2209,766089.81329282,-3005596.102480766,water_agreement_all_years
1261,2210,767089.81329282,-3005596.102480766,water_agreement_all_years
1270,2180,737089.81329282,-3014596.102480766,water_agreement_all_years
1270,2181,738089.81329282,-3014596.102480766,water_agreement_all_years
1273,2184,741089.81329282,-3017596.102480766,water_agreement_all_years
1275,2180,737089.81329282,-3019596.102480766,water_agreement_all_years
1288,414,-1028910.18670718,-3032596.102480766,water_agreement_all_years
1322,1502,59089.81329282001,-3066596.102480766,mixed_or_disagreeing
1325,1679,236089.81329282,-3069596.102480766,water_agreement_all_years
1340,947,-495910.18670718,-3084596.102480766,mixed_or_disagreeing
1340,948,-494910.18670718,-3084596.102480766,mixed_or_disagreeing
1340,949,-493910.18670718,-3084596.102480766,mixed_or_disagreeing
1341,948,-494910.18670718,-3085596.102480766,mixed_or_disagreeing
1341,949,-493910.18670718,-3085596.102480766,mixed_or_disagreeing
1341,950,-492910.18670718,-3085596.102480766,mixed_or_disagreeing
1341,951,-491910.18670718,-3085596.102480766,mixed_or_disagreeing
1342,948,-494910.18670718,-3086596.102480766,mixed_or_disagreeing
1342,949,-493910.18670718,-3086596.102480766,mixed_or_disagreeing
1342,950,-492910.18670718,-3086596.102480766,mixed_or_disagreeing
1342,951,-491910.18670718,-3086596.102480766,mixed_or_disagreeing
1342,952,-490910.18670718,-3086596.102480766,mixed_or_disagreeing
1343,949,-493910.18670718,-3087596.102480766,mixed_or_disagreeing
1343,950,-492910.18670718,-3087596.102480766,mixed_or_disagreeing
1343,951,-491910.18670718,-3087596.102480766,mixed_or_disagreeing
1343,952,-490910.18670718,-3087596.102480766,mixed_or_disagreeing
1343,953,-489910.18670718,-3087596.102480766,mixed_or_disagreeing
1343,954,-488910.18670718,-3087596.102480766,mixed_or_disagreeing
1344,949,-493910.18670718,-3088596.102480766,mixed_or_disagreeing
1344,950,-492910.18670718,-3088596.102480766,mixed_or_disagreeing
1344,951,-491910.18670718,-3088596.102480766,mixed_or_disagreeing
1344,952,-490910.18670718,-3088596.102480766,mixed_or_disagreeing
1344,953,-489910.18670718,-3088596.102480766,mixed_or_disagreeing
1344,954,-488910.18670718,-3088596.102480766,mixed_or_disagreeing
1344,955,-487910.18670718,-3088596.102480766,mixed_or_disagreeing
1345,949,-493910.18670718,-3089596.102480766,mixed_or_disagreeing
1345,950,-492910.18670718,-3089596.102480766,mixed_or_disagreeing
1345,951,-491910.18670718,-3089596.102480766,mixed_or_disagreeing
1345,952,-490910.18670718,-3089596.102480766,mixed_or_disagreeing
1345,953,-489910.18670718,-3089596.102480766,mixed_or_disagreeing
1345,954,-488910.18670718,-3089596.102480766,mixed_or_disagreeing
1345,955,-487910.18670718,-3089596.102480766,mixed_or_disagreeing
1345,956,-486910.18670718,-3089596.102480766,mixed_or_disagreeing
1346,949,-493910.18670718,-3090596.102480766,mixed_or_disagreeing
1346,950,-492910.18670718,-3090596.102480766,mixed_or_disagreeing
1346,951,-491910.18670718,-3090596.102480766,mixed_or_disagreeing
1346,952,-490910.18670718,-3090596.102480766,mixed_or_disagreeing
1346,953,-489910.18670718,-3090596.102480766,mixed_or_disagreeing
1346,954,-488910.18670718,-3090596.102480766,mixed_or_disagreeing
1346,955,-487910.18670718,-3090596.102480766,mixed_or_disagreeing
1346,957,-485910.18670718,-3090596.102480766,mixed_or_disagreeing
1347,951,-491910.18670718,-3091596.102480766,mixed_or_disagreeing
1347,952,-490910.18670718,-3091596.102480766,mixed_or_disagreeing
1347,953,-489910.18670718,-3091596.102480766,mixed_or_disagreeing
1347,954,-488910.18670718,-3091596.102480766,mixed_or_disagreeing
1347,955,-487910.18670718,-3091596.102480766,mixed_or_disagreeing
1347,956,-486910.18670718,-3091596.102480766,mixed_or_disagreeing
1347,957,-485910.18670718,-3091596.102480766,mixed_or_disagreeing
1347,958,-484910.18670718,-3091596.102480766,mixed_or_disagreeing
1348,952,-490910.18670718,-3092596.102480766,mixed_or_disagreeing
1348,953,-489910.18670718,-3092596.102480766,mixed_or_disagreeing
1348,954,-488910.18670718,-3092596.102480766,mixed_or_disagreeing
1348,955,-487910.18670718,-3092596.102480766,mixed_or_disagreeing
1348,958,-484910.18670718,-3092596.102480766,mixed_or_disagreeing
1349,952,-490910.18670718,-3093596.102480766,mixed_or_disagreeing
1349,953,-489910.18670718,-3093596.102480766,mixed_or_disagreeing
1349,954,-488910.18670718,-3093596.102480766,mixed_or_disagreeing
1349,955,-487910.18670718,-3093596.102480766,mixed_or_disagreeing
1349,956,-486910.18670718,-3093596.102480766,mixed_or_disagreeing
1349,958,-484910.18670718,-3093596.102480766,mixed_or_disagreeing
1349,959,-483910.18670718,-3093596.102480766,mixed_or_disagreeing
1350,952,-490910.18670718,-3094596.102480766,mixed_or_disagreeing
1350,953,-489910.18670718,-3094596.102480766,mixed_or_disagreeing
1350,954,-488910.18670718,-3094596.102480766,mixed_or_disagreeing
1350,955,-487910.18670718,-3094596.102480766,mixed_or_disagreeing
1350,956,-486910.18670718,-3094596.102480766,mixed_or_disagreeing
1350,957,-485910.18670718,-3094596.102480766,mixed_or_disagreeing
1350,958,-484910.18670718,-3094596.102480766,mixed_or_disagreeing
1350,959,-483910.18670718,-3094596.102480766,mixed_or_disagreeing
1351,904,-538910.18670718,-3095596.102480766,mixed_or_disagreeing
1351,952,-490910.18670718,-3095596.102480766,mixed_or_disagreeing
1351,953,-489910.18670718,-3095596.102480766,mixed_or_disagreeing
1351,954,-488910.18670718,-3095596.102480766,mixed_or_disagreeing
1351,955,-487910.18670718,-3095596.102480766,mixed_or_disagreeing
1351,956,-486910.18670718,-3095596.102480766,mixed_or_disagreeing
1351,957,-485910.18670718,-3095596.102480766,mixed_or_disagreeing
1351,958,-484910.18670718,-3095596.102480766,mixed_or_disagreeing
1351,959,-483910.18670718,-3095596.102480766,mixed_or_disagreeing
1352,952,-490910.18670718,-3096596.102480766,mixed_or_disagreeing
1352,954,-488910.18670718,-3096596.102480766,mixed_or_disagreeing
1352,955,-487910.18670718,-3096596.102480766,mixed_or_disagreeing
1352,956,-486910.18670718,-3096596.102480766,mixed_or_disagreeing
1352,957,-485910.18670718,-3096596.102480766,mixed_or_disagreeing
1352,958,-484910.18670718,-3096596.102480766,mixed_or_disagreeing
1352,959,-483910.18670718,-3096596.102480766,mixed_or_disagreeing
1353,956,-486910.18670718,-3097596.102480766,mixed_or_disagreeing
1353,957,-485910.18670718,-3097596.102480766,mixed_or_disagreeing
1353,958,-484910.18670718,-3097596.102480766,mixed_or_disagreeing
1353,959,-483910.18670718,-3097596.102480766,mixed_or_disagreeing
1354,956,-486910.18670718,-3098596.102480766,mixed_or_disagreeing
1354,957,-485910.18670718,-3098596.102480766,mixed_or_disagreeing
1354,958,-484910.18670718,-3098596.102480766,mixed_or_disagreeing
1354,959,-483910.18670718,-3098596.102480766,mixed_or_disagreeing
1354,960,-482910.18670718,-3098596.102480766,mixed_or_disagreeing
1355,956,-486910.18670718,-3099596.102480766,mixed_or_disagreeing
1355,957,-485910.18670718,-3099596.102480766,mixed_or_disagreeing
1355,958,-484910.18670718,-3099596.102480766,mixed_or_disagreeing
1355,959,-483910.18670718,-3099596.102480766,mixed_or_disagreeing
1355,960,-482910.18670718,-3099596.102480766,mixed_or_disagreeing
1369,439,-1003910.18670718,-3113596.102480766,land_agreement_all_years
1370,439,-1003910.18670718,-3114596.102480766,land_agreement_all_years
1376,945,-497910.18670718,-3120596.102480766,mixed_or_disagreeing
1377,946,-496910.18670718,-3121596.102480766,mixed_or_disagreeing
1377,947,-495910.18670718,-3121596.102480766,mixed_or_disagreeing
1403,2154,711089.81329282,-3147596.102480766,mixed_or_disagreeing
1404,1016,-426910.18670718,-3148596.102480766,mixed_or_disagreeing
1404,1017,-425910.18670718,-3148596.102480766,mixed_or_disagreeing
1404,2152,709089.81329282,-3148596.102480766,mixed_or_disagreeing
1405,2149,706089.81329282,-3149596.102480766,mixed_or_disagreeing
1405,2228,785089.81329282,-3149596.102480766,water_agreement_all_years
1407,2228,785089.81329282,-3151596.102480766,water_agreement_all_years
1408,2228,785089.81329282,-3152596.102480766,water_agreement_all_years
1410,2152,709089.81329282,-3154596.102480766,mixed_or_disagreeing
1419,2156,713089.81329282,-3163596.102480766,mixed_or_disagreeing
1420,2157,714089.81329282,-3164596.102480766,mixed_or_disagreeing
1447,1007,-435910.18670718,-3191596.102480766,mixed_or_disagreeing
1447,1043,-399910.18670718,-3191596.102480766,mixed_or_disagreeing
1448,1043,-399910.18670718,-3192596.102480766,mixed_or_disagreeing
1464,2201,758089.81329282,-3208596.102480766,water_agreement_all_years
1466,2200,757089.81329282,-3210596.102480766,water_agreement_all_years
1468,2217,774089.81329282,-3212596.102480766,water_agreement_all_years
1469,2217,774089.81329282,-3213596.102480766,water_agreement_all_years
1470,2209,766089.81329282,-3214596.102480766,water_agreement_all_years
1470,2210,767089.81329282,-3214596.102480766,land_agreement_all_years
1470,2211,768089.81329282,-3214596.102480766,water_agreement_all_years
1471,2210,767089.81329282,-3215596.102480766,land_agreement_all_years
1471,2211,768089.81329282,-3215596.102480766,water_agreement_all_years
1474,2212,769089.81329282,-3218596.102480766,water_agreement_all_years
1476,2202,759089.81329282,-3220596.102480766,water_agreement_all_years
1477,2199,756089.81329282,-3221596.102480766,water_agreement_all_years
1477,2207,764089.81329282,-3221596.102480766,water_agreement_all_years
1477,2208,765089.81329282,-3221596.102480766,water_agreement_all_years
1477,2209,766089.81329282,-3221596.102480766,water_agreement_all_years
1477,2210,767089.81329282,-3221596.102480766,water_agreement_all_years
1478,2207,764089.81329282,-3222596.102480766,water_agreement_all_years
1478,2208,765089.81329282,-3222596.102480766,land_agreement_all_years
1478,2209,766089.81329282,-3222596.102480766,water_agreement_all_years
1479,2206,763089.81329282,-3223596.102480766,water_agreement_all_years
1479,2207,764089.81329282,-3223596.102480766,water_agreement_all_years
1479,2208,765089.81329282,-3223596.102480766,water_agreement_all_years
1479,2209,766089.81329282,-3223596.102480766,water_agreement_all_years
1480,2198,755089.81329282,-3224596.102480766,water_agreement_all_years
1495,2203,760089.81329282,-3239596.102480766,water_agreement_all_years
1498,517,-925910.18670718,-3242596.102480766,water_agreement_all_years
1499,2203,760089.81329282,-3243596.102480766,water_agreement_all_years
1499,2208,765089.81329282,-3243596.102480766,water_agreement_all_years
1500,2203,760089.81329282,-3244596.102480766,water_agreement_all_years
1502,2211,768089.81329282,-3246596.102480766,water_agreement_all_years
1540,2187,744089.81329282,-3284596.102480766,water_agreement_all_years
1561,2169,726089.81329282,-3305596.102480766,water_agreement_all_years
2012,1457,14089.813292820007,-3756596.102480766,water_agreement_all_years
2013,1457,14089.813292820007,-3757596.102480766,water_agreement_all_years
2065,871,-571910.18670718,-3809596.102480766,water_agreement_all_years
2066,874,-568910.18670718,-3810596.102480766,water_agreement_all_years
2069,875,-567910.18670718,-3813596.102480766,mixed_or_disagreeing
2073,1591,148089.81329282,-3817596.102480766,water_agreement_all_years
2073,1592,149089.81329282,-3817596.102480766,water_agreement_all_years
2073,1593,150089.81329282,-3817596.102480766,water_agreement_all_years
2097,846,-596910.18670718,-3841596.102480766,mixed_or_disagreeing
2097,847,-595910.18670718,-3841596.102480766,water_agreement_all_years
2097,848,-594910.18670718,-3841596.102480766,mixed_or_disagreeing
2098,845,-597910.18670718,-3842596.102480766,mixed_or_disagreeing
2098,848,-594910.18670718,-3842596.102480766,water_agreement_all_years
2101,859,-583910.18670718,-3845596.102480766,mixed_or_disagreeing
2138,865,-577910.18670718,-3882596.102480766,water_agreement_all_years
2138,866,-576910.18670718,-3882596.102480766,water_agreement_all_years
2138,867,-575910.18670718,-3882596.102480766,water_agreement_all_years
2173,902,-540910.18670718,-3917596.102480766,water_agreement_all_years
2173,903,-539910.18670718,-3917596.102480766,water_agreement_all_years
